sample_order,sample_id,dataset.code_ascii_txt,id.layer_uuid_txt,id.scan_local_c,scan.mir.model.name_utf8_txt,scan.mir.model.code_any_txt,scan.mir.method.preparation_any_txt,scan.mir.license.title_ascii_txt,scan.mir.license.address_idn_url,scan.mir.doi_idf_url,N,P,K
1,6f3380bee1fb7f08cf65b548f4dd0d7e,KSSL.SSL,6f3380bee1fb7f08cf65b548f4dd0d7e,181815XS,Bruker Vertex 70 with HTS-XT accessory,Bruker_Vertex_70.HTS.XT,XS: finely ground <80 mesh,CC-BY,https://ncsslabdatamart.sc.egov.usda.gov/datause.aspx,https://doi.org/10.2136/sssaj2019.06.0205,0.01104,1.54624,0.07117
2,2a70fd5d10ad11d40aa7dc7c2bd08c6b,LUCAS.WOODWELL.SSL,2a70fd5d10ad11d40aa7dc7c2bd08c6b,11089,Bruker Vertex 70 with with PikeAutoDiff accessory,Bruker_Vertex_70.PikeAutoDiff,,CC-BY,https://creativecommons.org/licenses/by/4.0/,https://doi.org/10.3390/s20236729,0.15,47.8,0.234283083533685
3,4901fbbecccbc8523b1ffc26d1b5d9a4,KSSL.SSL,4901fbbecccbc8523b1ffc26d1b5d9a4,250544XS,Bruker Vertex 70 with HTS-XT accessory,Bruker_Vertex_70.HTS.XT,XS: finely ground <80 mesh,CC-BY,https://ncsslabdatamart.sc.egov.usda.gov/datause.aspx,https://doi.org/10.2136/sssaj2019.06.0205,3.44367,1.32669,0.0
4,a9fef1c7afb7ecd702b97eea9877847f,LUCAS.WOODWELL.SSL,a9fef1c7afb7ecd702b97eea9877847f,11983,Bruker Vertex 70 with with PikeAutoDiff accessory,Bruker_Vertex_70.PikeAutoDiff,,CC-BY,https://creativecommons.org/licenses/by/4.0/,https://doi.org/10.3390/s20236729,0.12,0.0,0.29413269220932
5,836e490b36d38c7ede978670a87f373c,LUCAS.WOODWELL.SSL,836e490b36d38c7ede978670a87f373c,12086,Bruker Vertex 70 with with PikeAutoDiff accessory,Bruker_Vertex_70.PikeAutoDiff,,CC-BY,https://creativecommons.org/licenses/by/4.0/,https://doi.org/10.3390/s20236729,0.11,0.0,2.96076525653486
6,b8d55a953c01cd342b1be147769776b5,KSSL.SSL,b8d55a953c01cd342b1be147769776b5,165897XS,Bruker Vertex 70 with HTS-XT accessory,Bruker_Vertex_70.HTS.XT,XS: finely ground <80 mesh,CC-BY,https://ncsslabdatamart.sc.egov.usda.gov/datause.aspx,https://doi.org/10.2136/sssaj2019.06.0205,0.0,0.5166,0.18911
7,7a9bac2ad491995c7f729047a2e1c164,KSSL.SSL,7a9bac2ad491995c7f729047a2e1c164,254131XS,Bruker Vertex 70 with HTS-XT accessory,Bruker_Vertex_70.HTS.XT,XS: finely ground <80 mesh,CC-BY,https://ncsslabdatamart.sc.egov.usda.gov/datause.aspx,https://doi.org/10.2136/sssaj2019.06.0205,0.10812,101.44149,4.16829
8,9bf40fbc33c25dcf39d7b57bd6fc29b0,KSSL.SSL,9bf40fbc33c25dcf39d7b57bd6fc29b0,254807XS,Bruker Vertex 70 with HTS-XT accessory,Bruker_Vertex_70.HTS.XT,XS: finely ground <80 mesh,CC-BY,https://ncsslabdatamart.sc.egov.usda.gov/datause.aspx,https://doi.org/10.2136/sssaj2019.06.0205,0.01018,0.0,0.0
9,fc17b30b86ceb1f8655c9db11d7ce821,KSSL.SSL,fc17b30b86ceb1f8655c9db11d7ce821,248996XS,Bruker Vertex 70 with HTS-XT accessory,Bruker_Vertex_70.HTS.XT,XS: finely ground <80 mesh,CC-BY,https://ncsslabdatamart.sc.egov.usda.gov/datause.aspx,https://doi.org/10.2136/sssaj2019.06.0205,2.02866,37.2928,15.13991
10,9e4373497959b939f4f7b4124dec6a45,KSSL.SSL,9e4373497959b939f4f7b4124dec6a45,255240XS,Bruker Vertex 70 with HTS-XT accessory,Bruker_Vertex_70.HTS.XT,XS: finely ground <80 mesh,CC-BY,https://ncsslabdatamart.sc.egov.usda.gov/datause.aspx,https://doi.org/10.2136/sssaj2019.06.0205,0.15156,24.06916,0.57669
11,e12ed1de4ae395e58114affd9feb299d,LUCAS.WOODWELL.SSL,e12ed1de4ae395e58114affd9feb299d,11145,Bruker Vertex 70 with with PikeAutoDiff accessory,Bruker_Vertex_70.PikeAutoDiff,,CC-BY,https://creativecommons.org/licenses/by/4.0/,https://doi.org/10.3390/s20236729,0.33,15.9,0.337101642027725
12,2060c6d3f228f6f93936240a6ba71361,LUCAS.WOODWELL.SSL,2060c6d3f228f6f93936240a6ba71361,11907,Bruker Vertex 70 with with PikeAutoDiff accessory,Bruker_Vertex_70.PikeAutoDiff,,CC-BY,https://creativecommons.org/licenses/by/4.0/,https://doi.org/10.3390/s20236729,0.52,0.0,2.33464627346667
13,eb4961960138f6541633f3eab3582e37,KSSL.SSL,eb4961960138f6541633f3eab3582e37,168452XS,Bruker Vertex 70 with HTS-XT accessory,Bruker_Vertex_70.HTS.XT,XS: finely ground <80 mesh,CC-BY,https://ncsslabdatamart.sc.egov.usda.gov/datause.aspx,https://doi.org/10.2136/sssaj2019.06.0205,0.0,0.69383,0.09033
14,7fef387ff08f0b2326a8afa69c3985fc,KSSL.SSL,7fef387ff08f0b2326a8afa69c3985fc,69207XS,Bruker Vertex 70 with HTS-XT accessory,Bruker_Vertex_70.HTS.XT,XS: finely ground <80 mesh,CC-BY,https://ncsslabdatamart.sc.egov.usda.gov/datause.aspx,https://doi.org/10.2136/sssaj2019.06.0205,0.04545,3.32276,0.07773
15,0c262891e616e18f18531bfc1e1c6da1,KSSL.SSL,0c262891e616e18f18531bfc1e1c6da1,158352XS,Bruker Vertex 70 with HTS-XT accessory,Bruker_Vertex_70.HTS.XT,XS: finely ground <80 mesh,CC-BY,https://ncsslabdatamart.sc.egov.usda.gov/datause.aspx,https://doi.org/10.2136/sssaj2019.06.0205,1.42082,14.71031,0.0
16,0eeb39bc2910755db03181cf10c0c2ba,KSSL.SSL,0eeb39bc2910755db03181cf10c0c2ba,157000XS,Bruker Vertex 70 with HTS-XT accessory,Bruker_Vertex_70.HTS.XT,XS: finely ground <80 mesh,CC-BY,https://ncsslabdatamart.sc.egov.usda.gov/datause.aspx,https://doi.org/10.2136/sssaj2019.06.0205,0.0,0.23135,0.06913
17,9e69bb72cbea5a83216fdf89f7bc688b,KSSL.SSL,9e69bb72cbea5a83216fdf89f7bc688b,155120XS,Bruker Vertex 70 with HTS-XT accessory,Bruker_Vertex_70.HTS.XT,XS: finely ground <80 mesh,CC-BY,https://ncsslabdatamart.sc.egov.usda.gov/datause.aspx,https://doi.org/10.2136/sssaj2019.06.0205,0.07727,0.82201,0.0
18,f9891181b6ea77c29ec998e834de145b,KSSL.SSL,f9891181b6ea77c29ec998e834de145b,130844XS,Bruker Vertex 70 with HTS-XT accessory,Bruker_Vertex_70.HTS.XT,XS: finely ground <80 mesh,CC-BY,https://ncsslabdatamart.sc.egov.usda.gov/datause.aspx,https://doi.org/10.2136/sssaj2019.06.0205,0.0264,4.27259,4.28215
19,8beacf87fc55813738d600c1ea2a9c7d,LUCAS.WOODWELL.SSL,8beacf87fc55813738d600c1ea2a9c7d,11939,Bruker Vertex 70 with with PikeAutoDiff accessory,Bruker_Vertex_70.PikeAutoDiff,,CC-BY,https://creativecommons.org/licenses/by/4.0/,https://doi.org/10.3390/s20236729,0.12,10.1,0.316128702235408
20,7b7f800e58efbc3a88f09e818729645c,KSSL.SSL,7b7f800e58efbc3a88f09e818729645c,169647XS,Bruker Vertex 70 with HTS-XT accessory,Bruker_Vertex_70.HTS.XT,XS: finely ground <80 mesh,CC-BY,https://ncsslabdatamart.sc.egov.usda.gov/datause.aspx,https://doi.org/10.2136/sssaj2019.06.0205,0.11254,1.48386,0.39303
21,523b42168d37da22d1ed0c7c944dd149,KSSL.SSL,523b42168d37da22d1ed0c7c944dd149,226577XS,Bruker Vertex 70 with HTS-XT accessory,Bruker_Vertex_70.HTS.XT,XS: finely ground <80 mesh,CC-BY,https://ncsslabdatamart.sc.egov.usda.gov/datause.aspx,https://doi.org/10.2136/sssaj2019.06.0205,0.24852,24.46915,2.85259
22,98f2650032d8e2784cfef807bd8eb1db,LUCAS.WOODWELL.SSL,98f2650032d8e2784cfef807bd8eb1db,11911,Bruker Vertex 70 with with PikeAutoDiff accessory,Bruker_Vertex_70.PikeAutoDiff,,CC-BY,https://creativecommons.org/licenses/by/4.0/,https://doi.org/10.3390/s20236729,0.07,0.0,0.419458795846335
23,01fc386431af7ef46743dcb5fd1b13bd,KSSL.SSL,01fc386431af7ef46743dcb5fd1b13bd,248138XS,Bruker Vertex 70 with HTS-XT accessory,Bruker_Vertex_70.HTS.XT,XS: finely ground <80 mesh,CC-BY,https://ncsslabdatamart.sc.egov.usda.gov/datause.aspx,https://doi.org/10.2136/sssaj2019.06.0205,1.05686,22.68916,0.39992
24,b06ef2ff977073c8a423f935c3707702,KSSL.SSL,b06ef2ff977073c8a423f935c3707702,287120XS,Bruker Vertex 70 with HTS-XT accessory,Bruker_Vertex_70.HTS.XT,XS: finely ground <80 mesh,CC-BY,https://ncsslabdatamart.sc.egov.usda.gov/datause.aspx,https://doi.org/10.2136/sssaj2019.06.0205,0.06205,8.76614,4.67686
25,81228fd19ca25eb008810fdd04a25070,LUCAS.WOODWELL.SSL,81228fd19ca25eb008810fdd04a25070,11140,Bruker Vertex 70 with with PikeAutoDiff accessory,Bruker_Vertex_70.PikeAutoDiff,,CC-BY,https://creativecommons.org/licenses/by/4.0/,https://doi.org/10.3390/s20236729,0.04,16.5,1.17755383907105
26,5db409bd7e44e43453b43ed15d6c220b,KSSL.SSL,5db409bd7e44e43453b43ed15d6c220b,192195XS,Bruker Vertex 70 with HTS-XT accessory,Bruker_Vertex_70.HTS.XT,XS: finely ground <80 mesh,CC-BY,https://ncsslabdatamart.sc.egov.usda.gov/datause.aspx,https://doi.org/10.2136/sssaj2019.06.0205,0.0,14.69233,0.1184
27,d88174e63b46494814d55c01e91daaa4,LUCAS.WOODWELL.SSL,d88174e63b46494814d55c01e91daaa4,11154,Bruker Vertex 70 with with PikeAutoDiff accessory,Bruker_Vertex_70.PikeAutoDiff,,CC-BY,https://creativecommons.org/licenses/by/4.0/,https://doi.org/10.3390/s20236729,0.19,25.3,0.95145531740754
28,d2c3ecadc93aab25e7fa34de2435f03b,KSSL.SSL,d2c3ecadc93aab25e7fa34de2435f03b,261176XS,Bruker Vertex 70 with HTS-XT accessory,Bruker_Vertex_70.HTS.XT,XS: finely ground <80 mesh,CC-BY,https://ncsslabdatamart.sc.egov.usda.gov/datause.aspx,https://doi.org/10.2136/sssaj2019.06.0205,0.47639,61.68966,5.92081
29,bb2b9ee9ac79c823e1dc36e624f6baa3,LUCAS.WOODWELL.SSL,bb2b9ee9ac79c823e1dc36e624f6baa3,11164,Bruker Vertex 70 with with PikeAutoDiff accessory,Bruker_Vertex_70.PikeAutoDiff,,CC-BY,https://creativecommons.org/licenses/by/4.0/,https://doi.org/10.3390/s20236729,0.02,0.0,0.159087421351476
30,5e679b2fd98577dbf032a322e04b7cc1,KSSL.SSL,5e679b2fd98577dbf032a322e04b7cc1,232198XS,Bruker Vertex 70 with HTS-XT accessory,Bruker_Vertex_70.HTS.XT,XS: finely ground <80 mesh,CC-BY,https://ncsslabdatamart.sc.egov.usda.gov/datause.aspx,https://doi.org/10.2136/sssaj2019.06.0205,0.04545,0.45407,0.21227
31,171f1950c34fade461d8f31ec7b541aa,LUCAS.WOODWELL.SSL,171f1950c34fade461d8f31ec7b541aa,12048,Bruker Vertex 70 with with PikeAutoDiff accessory,Bruker_Vertex_70.PikeAutoDiff,,CC-BY,https://creativecommons.org/licenses/by/4.0/,https://doi.org/10.3390/s20236729,0.09,0.0,0.459870070080311
32,76f2ff22173a5bfeecb15c686f829c68,LUCAS.WOODWELL.SSL,76f2ff22173a5bfeecb15c686f829c68,12141,Bruker Vertex 70 with with PikeAutoDiff accessory,Bruker_Vertex_70.PikeAutoDiff,,CC-BY,https://creativecommons.org/licenses/by/4.0/,https://doi.org/10.3390/s20236729,0.35,67.6,0.388255153716303
33,9f4339b931b43a42fdc3ae24748e93c4,KSSL.SSL,9f4339b931b43a42fdc3ae24748e93c4,260611XS,Bruker Vertex 70 with HTS-XT accessory,Bruker_Vertex_70.HTS.XT,XS: finely ground <80 mesh,CC-BY,https://ncsslabdatamart.sc.egov.usda.gov/datause.aspx,https://doi.org/10.2136/sssaj2019.06.0205,0.80472,23.34116,2.16142
34,b1b2c0a1acf771644dc87780ec149627,KSSL.SSL,b1b2c0a1acf771644dc87780ec149627,157764XS,Bruker Vertex 70 with HTS-XT accessory,Bruker_Vertex_70.HTS.XT,XS: finely ground <80 mesh,CC-BY,https://ncsslabdatamart.sc.egov.usda.gov/datause.aspx,https://doi.org/10.2136/sssaj2019.06.0205,0.50081,5.61784,0.2594
35,93d8af16cc306e2d3077e97a5d39e234,KSSL.SSL,93d8af16cc306e2d3077e97a5d39e234,159843XS,Bruker Vertex 70 with HTS-XT accessory,Bruker_Vertex_70.HTS.XT,XS: finely ground <80 mesh,CC-BY,https://ncsslabdatamart.sc.egov.usda.gov/datause.aspx,https://doi.org/10.2136/sssaj2019.06.0205,2.72532,6.95761,0.13713
36,64df4001f982c283885865a09fd6eff3,KSSL.SSL,64df4001f982c283885865a09fd6eff3,153329XS,Bruker Vertex 70 with HTS-XT accessory,Bruker_Vertex_70.HTS.XT,XS: finely ground <80 mesh,CC-BY,https://ncsslabdatamart.sc.egov.usda.gov/datause.aspx,https://doi.org/10.2136/sssaj2019.06.0205,0.01982,0.40878,0.49202
37,a54c94d278344e81ad0267025f57fa43,KSSL.SSL,a54c94d278344e81ad0267025f57fa43,155945XS,Bruker Vertex 70 with HTS-XT accessory,Bruker_Vertex_70.HTS.XT,XS: finely ground <80 mesh,CC-BY,https://ncsslabdatamart.sc.egov.usda.gov/datause.aspx,https://doi.org/10.2136/sssaj2019.06.0205,0.001,0.40792,0.0
38,8faafffca19a188f3f01a1a80045ee3e,KSSL.SSL,8faafffca19a188f3f01a1a80045ee3e,229639XS,Bruker Vertex 70 with HTS-XT accessory,Bruker_Vertex_70.HTS.XT,XS: finely ground <80 mesh,CC-BY,https://ncsslabdatamart.sc.egov.usda.gov/datause.aspx,https://doi.org/10.2136/sssaj2019.06.0205,0.03417,0.97178,0.63937
39,d0d71d3eccc407738b0ae371f32a31a0,KSSL.SSL,d0d71d3eccc407738b0ae371f32a31a0,269962XS,Bruker Vertex 70 with HTS-XT accessory,Bruker_Vertex_70.HTS.XT,XS: finely ground <80 mesh,CC-BY,https://ncsslabdatamart.sc.egov.usda.gov/datause.aspx,https://doi.org/10.2136/sssaj2019.06.0205,0.30446,11.57805,1.4833
40,528c525f69e9c41adb90f71d886f5cbd,KSSL.SSL,528c525f69e9c41adb90f71d886f5cbd,161655XS,Bruker Vertex 70 with HTS-XT accessory,Bruker_Vertex_70.HTS.XT,XS: finely ground <80 mesh,CC-BY,https://ncsslabdatamart.sc.egov.usda.gov/datause.aspx,https://doi.org/10.2136/sssaj2019.06.0205,0.07094,6.53359,0.09732
41,3ca44ead31d5008f64e0eaa2fb229b3b,KSSL.SSL,3ca44ead31d5008f64e0eaa2fb229b3b,263387XS,Bruker Vertex 70 with HTS-XT accessory,Bruker_Vertex_70.HTS.XT,XS: finely ground <80 mesh,CC-BY,https://ncsslabdatamart.sc.egov.usda.gov/datause.aspx,https://doi.org/10.2136/sssaj2019.06.0205,0.58748,13.58879,0.93749
42,162b3559316de7b2dc7ac29c3e59a718,KSSL.SSL,162b3559316de7b2dc7ac29c3e59a718,207774XS,Bruker Vertex 70 with HTS-XT accessory,Bruker_Vertex_70.HTS.XT,XS: finely ground <80 mesh,CC-BY,https://ncsslabdatamart.sc.egov.usda.gov/datause.aspx,https://doi.org/10.2136/sssaj2019.06.0205,0.04864,3.3208,0.21139
43,bb4c7754e2857cd8e7b6fea4c3f2e3b4,LUCAS.WOODWELL.SSL,bb4c7754e2857cd8e7b6fea4c3f2e3b4,11168,Bruker Vertex 70 with with PikeAutoDiff accessory,Bruker_Vertex_70.PikeAutoDiff,,CC-BY,https://creativecommons.org/licenses/by/4.0/,https://doi.org/10.3390/s20236729,0.17,0.0,1.33612972530564
44,4398ab81f3375b3c43861282040717d5,KSSL.SSL,4398ab81f3375b3c43861282040717d5,66570XS,Bruker Vertex 70 with HTS-XT accessory,Bruker_Vertex_70.HTS.XT,XS: finely ground <80 mesh,CC-BY,https://ncsslabdatamart.sc.egov.usda.gov/datause.aspx,https://doi.org/10.2136/sssaj2019.06.0205,0.03458,2.80889,0.02356
45,65751894b2651a4ea9150d001b6b269a,KSSL.SSL,65751894b2651a4ea9150d001b6b269a,226650XS,Bruker Vertex 70 with HTS-XT accessory,Bruker_Vertex_70.HTS.XT,XS: finely ground <80 mesh,CC-BY,https://ncsslabdatamart.sc.egov.usda.gov/datause.aspx,https://doi.org/10.2136/sssaj2019.06.0205,1.23418,7.39982,0.46026
46,54b1112b81624617cbf716aa39370252,LUCAS.WOODWELL.SSL,54b1112b81624617cbf716aa39370252,11727,Bruker Vertex 70 with with PikeAutoDiff accessory,Bruker_Vertex_70.PikeAutoDiff,,CC-BY,https://creativecommons.org/licenses/by/4.0/,https://doi.org/10.3390/s20236729,0.08,0.0,0.503862090132488
47,d246ecb2db1de88b809710d98456b02c,KSSL.SSL,d246ecb2db1de88b809710d98456b02c,158715XS,Bruker Vertex 70 with HTS-XT accessory,Bruker_Vertex_70.HTS.XT,XS: finely ground <80 mesh,CC-BY,https://ncsslabdatamart.sc.egov.usda.gov/datause.aspx,https://doi.org/10.2136/sssaj2019.06.0205,0.97178,10.01707,4.54015
48,e9a496477ff32b111ac8ef1f6448dec9,KSSL.SSL,e9a496477ff32b111ac8ef1f6448dec9,247300XS,Bruker Vertex 70 with HTS-XT accessory,Bruker_Vertex_70.HTS.XT,XS: finely ground <80 mesh,CC-BY,https://ncsslabdatamart.sc.egov.usda.gov/datause.aspx,https://doi.org/10.2136/sssaj2019.06.0205,0.05318,0.92289,0.4578
49,4859dec60a5e518c6ae010e360aaa43f,KSSL.SSL,4859dec60a5e518c6ae010e360aaa43f,244230XS,Bruker Vertex 70 with HTS-XT accessory,Bruker_Vertex_70.HTS.XT,XS: finely ground <80 mesh,CC-BY,https://ncsslabdatamart.sc.egov.usda.gov/datause.aspx,https://doi.org/10.2136/sssaj2019.06.0205,0.03016,2.1068,0.0
50,ffbc4e924a3077f384897fd6871fc289,KSSL.SSL,ffbc4e924a3077f384897fd6871fc289,249727XS,Bruker Vertex 70 with HTS-XT accessory,Bruker_Vertex_70.HTS.XT,XS: finely ground <80 mesh,CC-BY,https://ncsslabdatamart.sc.egov.usda.gov/datause.aspx,https://doi.org/10.2136/sssaj2019.06.0205,2.57356,49.3044,2.10904
51,04fcaa7329b712aecb2ac794c961ad79,KSSL.SSL,04fcaa7329b712aecb2ac794c961ad79,212239XS,Bruker Vertex 70 with HTS-XT accessory,Bruker_Vertex_70.HTS.XT,XS: finely ground <80 mesh,CC-BY,https://ncsslabdatamart.sc.egov.usda.gov/datause.aspx,https://doi.org/10.2136/sssaj2019.06.0205,0.0132,2.8997,0.5053
52,f02d4e1a64456f33400e40f783eb26d5,KSSL.SSL,f02d4e1a64456f33400e40f783eb26d5,280503XS,Bruker Vertex 70 with HTS-XT accessory,Bruker_Vertex_70.HTS.XT,XS: finely ground <80 mesh,CC-BY,https://ncsslabdatamart.sc.egov.usda.gov/datause.aspx,https://doi.org/10.2136/sssaj2019.06.0205,0.85314,0.98723,0.26567
53,bc9350958e979068ecea1ca1db7a83d1,KSSL.SSL,bc9350958e979068ecea1ca1db7a83d1,69230XS,Bruker Vertex 70 with HTS-XT accessory,Bruker_Vertex_70.HTS.XT,XS: finely ground <80 mesh,CC-BY,https://ncsslabdatamart.sc.egov.usda.gov/datause.aspx,https://doi.org/10.2136/sssaj2019.06.0205,1.16226,2.842,1.64686
54,079007847c148f48771780a23bd5ed7a,KSSL.SSL,079007847c148f48771780a23bd5ed7a,254241XS,Bruker Vertex 70 with HTS-XT accessory,Bruker_Vertex_70.HTS.XT,XS: finely ground <80 mesh,CC-BY,https://ncsslabdatamart.sc.egov.usda.gov/datause.aspx,https://doi.org/10.2136/sssaj2019.06.0205,0.0441,42.7773,12.51361
55,4289af3d036f7da61dcf2aceb651ad36,KSSL.SSL,4289af3d036f7da61dcf2aceb651ad36,156478XS,Bruker Vertex 70 with HTS-XT accessory,Bruker_Vertex_70.HTS.XT,XS: finely ground <80 mesh,CC-BY,https://ncsslabdatamart.sc.egov.usda.gov/datause.aspx,https://doi.org/10.2136/sssaj2019.06.0205,1.32755,5.20023,0.24695
56,7696cf4581ce7e708547572ae05362fe,LUCAS.WOODWELL.SSL,7696cf4581ce7e708547572ae05362fe,11774,Bruker Vertex 70 with with PikeAutoDiff accessory,Bruker_Vertex_70.PikeAutoDiff,,CC-BY,https://creativecommons.org/licenses/by/4.0/,https://doi.org/10.3390/s20236729,0.61,10.5,1.00516650468055
57,c114fd7deae42087498cb7edadae9168,KSSL.SSL,c114fd7deae42087498cb7edadae9168,247700XS,Bruker Vertex 70 with HTS-XT accessory,Bruker_Vertex_70.HTS.XT,XS: finely ground <80 mesh,CC-BY,https://ncsslabdatamart.sc.egov.usda.gov/datause.aspx,https://doi.org/10.2136/sssaj2019.06.0205,0.10388,4.60117,0.15672
58,1565f3b97057f7672246e822e1bc19bf,KSSL.SSL,1565f3b97057f7672246e822e1bc19bf,251045XS,Bruker Vertex 70 with HTS-XT accessory,Bruker_Vertex_70.HTS.XT,XS: finely ground <80 mesh,CC-BY,https://ncsslabdatamart.sc.egov.usda.gov/datause.aspx,https://doi.org/10.2136/sssaj2019.06.0205,0.12387,26.09425,0.17779
59,4b5527f2f6619045c4fcbd25d4e42ad4,LUCAS.WOODWELL.SSL,4b5527f2f6619045c4fcbd25d4e42ad4,11178,Bruker Vertex 70 with with PikeAutoDiff accessory,Bruker_Vertex_70.PikeAutoDiff,,CC-BY,https://creativecommons.org/licenses/by/4.0/,https://doi.org/10.3390/s20236729,0.19,0.0,1.65993145429434
60,186111e6da3c326211af261df886e7d0,KSSL.SSL,186111e6da3c326211af261df886e7d0,154802XS,Bruker Vertex 70 with HTS-XT accessory,Bruker_Vertex_70.HTS.XT,XS: finely ground <80 mesh,CC-BY,https://ncsslabdatamart.sc.egov.usda.gov/datause.aspx,https://doi.org/10.2136/sssaj2019.06.0205,1.26439,124.68283,0.80504
61,7a0bcf7b6758d64ae465ec2de6bb2557,GARRETT.SSL,7a0bcf7b6758d64ae465ec2de6bb2557,S40998,Bruker Invenio-S with HTS-XT,Bruker_InvenioS_HTS.XT,,CC-BY,https://creativecommons.org/licenses/by/4.0/,https://doi.org/10.6084/m9.figshare.20506587.v2,0.0240063300376648,0.0748644130571245,0.0891813238371841
62,2276802536cc180302810c965a4c5830,KSSL.SSL,2276802536cc180302810c965a4c5830,158897XS,Bruker Vertex 70 with HTS-XT accessory,Bruker_Vertex_70.HTS.XT,XS: finely ground <80 mesh,CC-BY,https://ncsslabdatamart.sc.egov.usda.gov/datause.aspx,https://doi.org/10.2136/sssaj2019.06.0205,0.01412,0.23879,0.0
63,0a28321e068f9a8574a41d937943e9f7,LUCAS.WOODWELL.SSL,0a28321e068f9a8574a41d937943e9f7,11790,Bruker Vertex 70 with with PikeAutoDiff accessory,Bruker_Vertex_70.PikeAutoDiff,,CC-BY,https://creativecommons.org/licenses/by/4.0/,https://doi.org/10.3390/s20236729,0.12,0.0,3.52805770116118
64,de66f37dab67300a7f7ab742079357ec,KSSL.SSL,de66f37dab67300a7f7ab742079357ec,243618XN,Bruker Vertex 70 with HTS-XT accessory,Bruker_Vertex_70.HTS.XT,XN: finely ground <80 mesh,CC-BY,https://ncsslabdatamart.sc.egov.usda.gov/datause.aspx,https://doi.org/10.2136/sssaj2019.06.0205,0.15628,1.09279,0.42156
65,6f24783cbf17d29281c411994b2b8667,KSSL.SSL,6f24783cbf17d29281c411994b2b8667,252665XS,Bruker Vertex 70 with HTS-XT accessory,Bruker_Vertex_70.HTS.XT,XS: finely ground <80 mesh,CC-BY,https://ncsslabdatamart.sc.egov.usda.gov/datause.aspx,https://doi.org/10.2136/sssaj2019.06.0205,0.02018,10.8351,1.76538
66,f917123e0bedd68406229288befd3fb1,KSSL.SSL,f917123e0bedd68406229288befd3fb1,175128XS,Bruker Vertex 70 with HTS-XT accessory,Bruker_Vertex_70.HTS.XT,XS: finely ground <80 mesh,CC-BY,https://ncsslabdatamart.sc.egov.usda.gov/datause.aspx,https://doi.org/10.2136/sssaj2019.06.0205,0.0,1.57498,1.36008
67,64099e20e95e43ef712465b5b12930f1,KSSL.SSL,64099e20e95e43ef712465b5b12930f1,160484XS,Bruker Vertex 70 with HTS-XT accessory,Bruker_Vertex_70.HTS.XT,XS: finely ground <80 mesh,CC-BY,https://ncsslabdatamart.sc.egov.usda.gov/datause.aspx,https://doi.org/10.2136/sssaj2019.06.0205,0.08699,1.57458,3.8009
68,b126dd4e0d98b6b6fb3513d7fd0b0e54,KSSL.SSL,b126dd4e0d98b6b6fb3513d7fd0b0e54,249870XS,Bruker Vertex 70 with HTS-XT accessory,Bruker_Vertex_70.HTS.XT,XS: finely ground <80 mesh,CC-BY,https://ncsslabdatamart.sc.egov.usda.gov/datause.aspx,https://doi.org/10.2136/sssaj2019.06.0205,0.05034,28.69688,0.0686
69,00ad9f84382666ab26588a10f3c86dd3,KSSL.SSL,00ad9f84382666ab26588a10f3c86dd3,226271XS,Bruker Vertex 70 with HTS-XT accessory,Bruker_Vertex_70.HTS.XT,XS: finely ground <80 mesh,CC-BY,https://ncsslabdatamart.sc.egov.usda.gov/datause.aspx,https://doi.org/10.2136/sssaj2019.06.0205,0.15311,0.69319,1.22904
70,240c629cc1d23ba8c3f97fee48b615a2,KSSL.SSL,240c629cc1d23ba8c3f97fee48b615a2,247931XS,Bruker Vertex 70 with HTS-XT accessory,Bruker_Vertex_70.HTS.XT,XS: finely ground <80 mesh,CC-BY,https://ncsslabdatamart.sc.egov.usda.gov/datause.aspx,https://doi.org/10.2136/sssaj2019.06.0205,0.23835,64.31502,0.67496
71,412f2f1d138f9c0f1ba8e2da980c5ea9,KSSL.SSL,412f2f1d138f9c0f1ba8e2da980c5ea9,155113XS,Bruker Vertex 70 with HTS-XT accessory,Bruker_Vertex_70.HTS.XT,XS: finely ground <80 mesh,CC-BY,https://ncsslabdatamart.sc.egov.usda.gov/datause.aspx,https://doi.org/10.2136/sssaj2019.06.0205,1.43221,8.70727,0.18582
72,bc720b9a91a11919f13be41af81568b3,KSSL.SSL,bc720b9a91a11919f13be41af81568b3,245964XS,Bruker Vertex 70 with HTS-XT accessory,Bruker_Vertex_70.HTS.XT,XS: finely ground <80 mesh,CC-BY,https://ncsslabdatamart.sc.egov.usda.gov/datause.aspx,https://doi.org/10.2136/sssaj2019.06.0205,0.01011,0.96564,0.14689
73,978c2fda07a9b6177057274456692be8,KSSL.SSL,978c2fda07a9b6177057274456692be8,226277XS,Bruker Vertex 70 with HTS-XT accessory,Bruker_Vertex_70.HTS.XT,XS: finely ground <80 mesh,CC-BY,https://ncsslabdatamart.sc.egov.usda.gov/datause.aspx,https://doi.org/10.2136/sssaj2019.06.0205,0.03702,4.33353,0.07354
74,734e3062f32e019691b61a48756e3313,KSSL.SSL,734e3062f32e019691b61a48756e3313,221157XS,Bruker Vertex 70 with HTS-XT accessory,Bruker_Vertex_70.HTS.XT,XS: finely ground <80 mesh,CC-BY,https://ncsslabdatamart.sc.egov.usda.gov/datause.aspx,https://doi.org/10.2136/sssaj2019.06.0205,0.25558,52.69437,2.49707
75,b3eb9b66e11a3563e022be81feb41986,KSSL.SSL,b3eb9b66e11a3563e022be81feb41986,139914XS,Bruker Vertex 70 with HTS-XT accessory,Bruker_Vertex_70.HTS.XT,XS: finely ground <80 mesh,CC-BY,https://ncsslabdatamart.sc.egov.usda.gov/datause.aspx,https://doi.org/10.2136/sssaj2019.06.0205,0.0525,14.39667,0.08678
76,bf64cb8289dd48b77e9cdb4a7931195a,KSSL.SSL,bf64cb8289dd48b77e9cdb4a7931195a,154428XS,Bruker Vertex 70 with HTS-XT accessory,Bruker_Vertex_70.HTS.XT,XS: finely ground <80 mesh,CC-BY,https://ncsslabdatamart.sc.egov.usda.gov/datause.aspx,https://doi.org/10.2136/sssaj2019.06.0205,0.06039,0.10287,0.15694
77,8516cee2d21933ae7a35b62e39db7c95,KSSL.SSL,8516cee2d21933ae7a35b62e39db7c95,280536XS,Bruker Vertex 70 with HTS-XT accessory,Bruker_Vertex_70.HTS.XT,XS: finely ground <80 mesh,CC-BY,https://ncsslabdatamart.sc.egov.usda.gov/datause.aspx,https://doi.org/10.2136/sssaj2019.06.0205,0.04061,0.73324,0.24685
78,ad19edaab55210bf64a259c2181e3ede,KSSL.SSL,ad19edaab55210bf64a259c2181e3ede,269096XS,Bruker Vertex 70 with HTS-XT accessory,Bruker_Vertex_70.HTS.XT,XS: finely ground <80 mesh,CC-BY,https://ncsslabdatamart.sc.egov.usda.gov/datause.aspx,https://doi.org/10.2136/sssaj2019.06.0205,0.14204,23.63223,0.47347
79,e784b262bfa3de6b8cd330d659ebf5df,KSSL.SSL,e784b262bfa3de6b8cd330d659ebf5df,162112XS,Bruker Vertex 70 with HTS-XT accessory,Bruker_Vertex_70.HTS.XT,XS: finely ground <80 mesh,CC-BY,https://ncsslabdatamart.sc.egov.usda.gov/datause.aspx,https://doi.org/10.2136/sssaj2019.06.0205,2.43981,3.98972,5.32119
80,12eabe86c6939f157f4d47945debbe71,KSSL.SSL,12eabe86c6939f157f4d47945debbe71,168414XS,Bruker Vertex 70 with HTS-XT accessory,Bruker_Vertex_70.HTS.XT,XS: finely ground <80 mesh,CC-BY,https://ncsslabdatamart.sc.egov.usda.gov/datause.aspx,https://doi.org/10.2136/sssaj2019.06.0205,0.0,0.97687,0.26553
81,412cbf2c090f0135a2dd7d26a16ac46b,LUCAS.WOODWELL.SSL,412cbf2c090f0135a2dd7d26a16ac46b,11132,Bruker Vertex 70 with with PikeAutoDiff accessory,Bruker_Vertex_70.PikeAutoDiff,,CC-BY,https://creativecommons.org/licenses/by/4.0/,https://doi.org/10.3390/s20236729,0.25,0.0,1.23740344774669
82,91856508a369ec5688e2685702e11344,LUCAS.WOODWELL.SSL,91856508a369ec5688e2685702e11344,11843,Bruker Vertex 70 with with PikeAutoDiff accessory,Bruker_Vertex_70.PikeAutoDiff,,CC-BY,https://creativecommons.org/licenses/by/4.0/,https://doi.org/10.3390/s20236729,0.11,13.6,0.627653588418845
83,4ccdbf99991f857d8a412338b6fa9953,KSSL.SSL,4ccdbf99991f857d8a412338b6fa9953,64544XS,Bruker Vertex 70 with HTS-XT accessory,Bruker_Vertex_70.HTS.XT,XS: finely ground <80 mesh,CC-BY,https://ncsslabdatamart.sc.egov.usda.gov/datause.aspx,https://doi.org/10.2136/sssaj2019.06.0205,0.36991,37.34343,0.83541
84,2f4777b391f272e05496ed9099bcec35,GARRETT.SSL,2f4777b391f272e05496ed9099bcec35,S40947,Bruker Invenio-S with HTS-XT,Bruker_InvenioS_HTS.XT,,CC-BY,https://creativecommons.org/licenses/by/4.0/,https://doi.org/10.6084/m9.figshare.20506587.v2,0.526107186118841,20.5083844671796,0.316158946234623
85,59c704cc8e2b4ee050ea8a34bff1eadd,LUCAS.WOODWELL.SSL,59c704cc8e2b4ee050ea8a34bff1eadd,12186,Bruker Vertex 70 with with PikeAutoDiff accessory,Bruker_Vertex_70.PikeAutoDiff,,CC-BY,https://creativecommons.org/licenses/by/4.0/,https://doi.org/10.3390/s20236729,0.33,84.4,1.495728681774
86,2fc52618db0f54af64e6f7c3fcbd5f80,KSSL.SSL,2fc52618db0f54af64e6f7c3fcbd5f80,231273XS,Bruker Vertex 70 with HTS-XT accessory,Bruker_Vertex_70.HTS.XT,XS: finely ground <80 mesh,CC-BY,https://ncsslabdatamart.sc.egov.usda.gov/datause.aspx,https://doi.org/10.2136/sssaj2019.06.0205,0.17051,59.79796,2.14356
87,acb6294600446ab5967dc89680fa11b0,KSSL.SSL,acb6294600446ab5967dc89680fa11b0,259001XS,Bruker Vertex 70 with HTS-XT accessory,Bruker_Vertex_70.HTS.XT,XS: finely ground <80 mesh,CC-BY,https://ncsslabdatamart.sc.egov.usda.gov/datause.aspx,https://doi.org/10.2136/sssaj2019.06.0205,0.82324,0.70999,0.17906
88,06a2bbf134abb8e37007c1f682da8209,KSSL.SSL,06a2bbf134abb8e37007c1f682da8209,55204XS,Bruker Vertex 70 with HTS-XT accessory,Bruker_Vertex_70.HTS.XT,XS: finely ground <80 mesh,CC-BY,https://ncsslabdatamart.sc.egov.usda.gov/datause.aspx,https://doi.org/10.2136/sssaj2019.06.0205,0.02394,1.45079,0.56508
89,275a3116c289cc0f7710af34cfd8e8d1,KSSL.SSL,275a3116c289cc0f7710af34cfd8e8d1,205444XS,Bruker Vertex 70 with HTS-XT accessory,Bruker_Vertex_70.HTS.XT,XS: finely ground <80 mesh,CC-BY,https://ncsslabdatamart.sc.egov.usda.gov/datause.aspx,https://doi.org/10.2136/sssaj2019.06.0205,0.0,0.33786,0.0
90,51c963bad01d047d23f6b6921cf5a237,KSSL.SSL,51c963bad01d047d23f6b6921cf5a237,255690XS,Bruker Vertex 70 with HTS-XT accessory,Bruker_Vertex_70.HTS.XT,XS: finely ground <80 mesh,CC-BY,https://ncsslabdatamart.sc.egov.usda.gov/datause.aspx,https://doi.org/10.2136/sssaj2019.06.0205,0.15319,6.7511,0.04287
91,067033af0210e9360e25de3dc9de9ccd,KSSL.SSL,067033af0210e9360e25de3dc9de9ccd,282821XN,Bruker Vertex 70 with HTS-XT accessory,Bruker_Vertex_70.HTS.XT,XN: finely ground <80 mesh,CC-BY,https://ncsslabdatamart.sc.egov.usda.gov/datause.aspx,https://doi.org/10.2136/sssaj2019.06.0205,0.06407,23.43699,1.49811
92,8731720b1072c100b4ab9728cf84bfab,KSSL.SSL,8731720b1072c100b4ab9728cf84bfab,192165XS,Bruker Vertex 70 with HTS-XT accessory,Bruker_Vertex_70.HTS.XT,XS: finely ground <80 mesh,CC-BY,https://ncsslabdatamart.sc.egov.usda.gov/datause.aspx,https://doi.org/10.2136/sssaj2019.06.0205,0.01911,1.52704,0.12813
93,f06bd68c23c44d9438ebcce434d51810,KSSL.SSL,f06bd68c23c44d9438ebcce434d51810,248395XS,Bruker Vertex 70 with HTS-XT accessory,Bruker_Vertex_70.HTS.XT,XS: finely ground <80 mesh,CC-BY,https://ncsslabdatamart.sc.egov.usda.gov/datause.aspx,https://doi.org/10.2136/sssaj2019.06.0205,2.54688,0.61832,0.13809
94,4892b9b68158e867edfedd9dd8512ad9,GARRETT.SSL,4892b9b68158e867edfedd9dd8512ad9,S40972,Bruker Invenio-S with HTS-XT,Bruker_InvenioS_HTS.XT,,CC-BY,https://creativecommons.org/licenses/by/4.0/,https://doi.org/10.6084/m9.figshare.20506587.v2,0.0971966406154598,0.571533653681768,0.22869983648869
95,277863bfb0bccfdf32cbf71d40f4adda,KSSL.SSL,277863bfb0bccfdf32cbf71d40f4adda,255815XS,Bruker Vertex 70 with HTS-XT accessory,Bruker_Vertex_70.HTS.XT,XS: finely ground <80 mesh,CC-BY,https://ncsslabdatamart.sc.egov.usda.gov/datause.aspx,https://doi.org/10.2136/sssaj2019.06.0205,0.3046,10.04155,0.21115
96,f1e6f9a39db8847f9d921dd6d79d1e1b,KSSL.SSL,f1e6f9a39db8847f9d921dd6d79d1e1b,155348XS,Bruker Vertex 70 with HTS-XT accessory,Bruker_Vertex_70.HTS.XT,XS: finely ground <80 mesh,CC-BY,https://ncsslabdatamart.sc.egov.usda.gov/datause.aspx,https://doi.org/10.2136/sssaj2019.06.0205,2.67729,39.92523,2.38386
97,328c4887da84c3235af4cd24a7529fd2,KSSL.SSL,328c4887da84c3235af4cd24a7529fd2,138168XS,Bruker Vertex 70 with HTS-XT accessory,Bruker_Vertex_70.HTS.XT,XS: finely ground <80 mesh,CC-BY,https://ncsslabdatamart.sc.egov.usda.gov/datause.aspx,https://doi.org/10.2136/sssaj2019.06.0205,0.02491,7.64039,1.02496
98,9bd8d4d5efc849ccca622c214e38d240,KSSL.SSL,9bd8d4d5efc849ccca622c214e38d240,156571XS,Bruker Vertex 70 with HTS-XT accessory,Bruker_Vertex_70.HTS.XT,XS: finely ground <80 mesh,CC-BY,https://ncsslabdatamart.sc.egov.usda.gov/datause.aspx,https://doi.org/10.2136/sssaj2019.06.0205,0.80567,36.81465,6.1041
99,7feb20905e9f4efc12ce8a1557489993,KSSL.SSL,7feb20905e9f4efc12ce8a1557489993,161260XS,Bruker Vertex 70 with HTS-XT accessory,Bruker_Vertex_70.HTS.XT,XS: finely ground <80 mesh,CC-BY,https://ncsslabdatamart.sc.egov.usda.gov/datause.aspx,https://doi.org/10.2136/sssaj2019.06.0205,1.24672,4.10143,1.59386
100,af2035e02288855f1c88caed05e971f3,KSSL.SSL,af2035e02288855f1c88caed05e971f3,257553XS,Bruker Vertex 70 with HTS-XT accessory,Bruker_Vertex_70.HTS.XT,XS: finely ground <80 mesh,CC-BY,https://ncsslabdatamart.sc.egov.usda.gov/datause.aspx,https://doi.org/10.2136/sssaj2019.06.0205,0.05097,4.37028,0.1798
101,dea143ad50e70eee95b6c98591c145f7,KSSL.SSL,dea143ad50e70eee95b6c98591c145f7,222992XS,Bruker Vertex 70 with HTS-XT accessory,Bruker_Vertex_70.HTS.XT,XS: finely ground <80 mesh,CC-BY,https://ncsslabdatamart.sc.egov.usda.gov/datause.aspx,https://doi.org/10.2136/sssaj2019.06.0205,0.07818,0.88329,0.64382
102,29321834766f5f48a95b17f094cc336f,KSSL.SSL,29321834766f5f48a95b17f094cc336f,250974XS,Bruker Vertex 70 with HTS-XT accessory,Bruker_Vertex_70.HTS.XT,XS: finely ground <80 mesh,CC-BY,https://ncsslabdatamart.sc.egov.usda.gov/datause.aspx,https://doi.org/10.2136/sssaj2019.06.0205,1.54945,9.31701,0.66084
103,edfa59d93d208f307042a23d2cd9708a,LUCAS.WOODWELL.SSL,edfa59d93d208f307042a23d2cd9708a,12067,Bruker Vertex 70 with with PikeAutoDiff accessory,Bruker_Vertex_70.PikeAutoDiff,,CC-BY,https://creativecommons.org/licenses/by/4.0/,https://doi.org/10.3390/s20236729,0.19,10.7,4.7501150954013
104,2d38365df4243154e4b37a0277ff8dda,KSSL.SSL,2d38365df4243154e4b37a0277ff8dda,181759XS,Bruker Vertex 70 with HTS-XT accessory,Bruker_Vertex_70.HTS.XT,XS: finely ground <80 mesh,CC-BY,https://ncsslabdatamart.sc.egov.usda.gov/datause.aspx,https://doi.org/10.2136/sssaj2019.06.0205,0.10839,2.53225,0.39801
105,8128d56631a7f6447e40e74dc11ff064,KSSL.SSL,8128d56631a7f6447e40e74dc11ff064,155066XS,Bruker Vertex 70 with HTS-XT accessory,Bruker_Vertex_70.HTS.XT,XS: finely ground <80 mesh,CC-BY,https://ncsslabdatamart.sc.egov.usda.gov/datause.aspx,https://doi.org/10.2136/sssaj2019.06.0205,0.25415,4.12422,5.60899
106,0a93017d626f4095956e86db556c0ced,LUCAS.WOODWELL.SSL,0a93017d626f4095956e86db556c0ced,12019,Bruker Vertex 70 with with PikeAutoDiff accessory,Bruker_Vertex_70.PikeAutoDiff,,CC-BY,https://creativecommons.org/licenses/by/4.0/,https://doi.org/10.3390/s20236729,0.12,65.9,0.19489487953348
107,89665c00349498e053950cff51fef46b,KSSL.SSL,89665c00349498e053950cff51fef46b,270869XS,Bruker Vertex 70 with HTS-XT accessory,Bruker_Vertex_70.HTS.XT,XS: finely ground <80 mesh,CC-BY,https://ncsslabdatamart.sc.egov.usda.gov/datause.aspx,https://doi.org/10.2136/sssaj2019.06.0205,0.20247,20.4891,0.31267
108,8103b882b97ff175ecc061989ede5024,KSSL.SSL,8103b882b97ff175ecc061989ede5024,115605XS,Bruker Vertex 70 with HTS-XT accessory,Bruker_Vertex_70.HTS.XT,XS: finely ground <80 mesh,CC-BY,https://ncsslabdatamart.sc.egov.usda.gov/datause.aspx,https://doi.org/10.2136/sssaj2019.06.0205,0.00834,4.12326,3.01236
109,4c2300ed191ef49b9b7f47e7a60a1bc2,LUCAS.WOODWELL.SSL,4c2300ed191ef49b9b7f47e7a60a1bc2,12024,Bruker Vertex 70 with with PikeAutoDiff accessory,Bruker_Vertex_70.PikeAutoDiff,,CC-BY,https://creativecommons.org/licenses/by/4.0/,https://doi.org/10.3390/s20236729,0.15,13.5,2.08501713642642
110,932c33b500b4799942454d60604ed37f,KSSL.SSL,932c33b500b4799942454d60604ed37f,248231XS,Bruker Vertex 70 with HTS-XT accessory,Bruker_Vertex_70.HTS.XT,XS: finely ground <80 mesh,CC-BY,https://ncsslabdatamart.sc.egov.usda.gov/datause.aspx,https://doi.org/10.2136/sssaj2019.06.0205,0.10065,10.64742,0.12317
111,3113166f7ea9a3a4a023a38385430e49,KSSL.SSL,3113166f7ea9a3a4a023a38385430e49,248817XS,Bruker Vertex 70 with HTS-XT accessory,Bruker_Vertex_70.HTS.XT,XS: finely ground <80 mesh,CC-BY,https://ncsslabdatamart.sc.egov.usda.gov/datause.aspx,https://doi.org/10.2136/sssaj2019.06.0205,0.90772,15.47975,0.63403
112,db31232f97981b49ca2c8c2957caf340,KSSL.SSL,db31232f97981b49ca2c8c2957caf340,179421XS,Bruker Vertex 70 with HTS-XT accessory,Bruker_Vertex_70.HTS.XT,XS: finely ground <80 mesh,CC-BY,https://ncsslabdatamart.sc.egov.usda.gov/datause.aspx,https://doi.org/10.2136/sssaj2019.06.0205,0.31662,2.69396,0.90174
113,2763015fcb5add9733f51b583da845a7,KSSL.SSL,2763015fcb5add9733f51b583da845a7,254720XS,Bruker Vertex 70 with HTS-XT accessory,Bruker_Vertex_70.HTS.XT,XS: finely ground <80 mesh,CC-BY,https://ncsslabdatamart.sc.egov.usda.gov/datause.aspx,https://doi.org/10.2136/sssaj2019.06.0205,0.2698,17.03142,1.82402
114,6a01a50ec5c840206413f752d8222fa0,KSSL.SSL,6a01a50ec5c840206413f752d8222fa0,181772XS,Bruker Vertex 70 with HTS-XT accessory,Bruker_Vertex_70.HTS.XT,XS: finely ground <80 mesh,CC-BY,https://ncsslabdatamart.sc.egov.usda.gov/datause.aspx,https://doi.org/10.2136/sssaj2019.06.0205,0.01502,0.59482,0.0
115,1ca5fbcad50377b3ef0efb63f3e6e73f,KSSL.SSL,1ca5fbcad50377b3ef0efb63f3e6e73f,157841XS,Bruker Vertex 70 with HTS-XT accessory,Bruker_Vertex_70.HTS.XT,XS: finely ground <80 mesh,CC-BY,https://ncsslabdatamart.sc.egov.usda.gov/datause.aspx,https://doi.org/10.2136/sssaj2019.06.0205,0.34311,16.26978,0.02306
116,47f2965e95d7c12e0d0ee0382f6fdbc0,KSSL.SSL,47f2965e95d7c12e0d0ee0382f6fdbc0,57288XS,Bruker Vertex 70 with HTS-XT accessory,Bruker_Vertex_70.HTS.XT,XS: finely ground <80 mesh,CC-BY,https://ncsslabdatamart.sc.egov.usda.gov/datause.aspx,https://doi.org/10.2136/sssaj2019.06.0205,0.05115,0.68807,0.02318
117,015d0847da9241dc820978eea55a4883,KSSL.SSL,015d0847da9241dc820978eea55a4883,254388XS,Bruker Vertex 70 with HTS-XT accessory,Bruker_Vertex_70.HTS.XT,XS: finely ground <80 mesh,CC-BY,https://ncsslabdatamart.sc.egov.usda.gov/datause.aspx,https://doi.org/10.2136/sssaj2019.06.0205,0.09935,42.99017,2.94586
118,0264138a7644659aad5d4b1284513788,KSSL.SSL,0264138a7644659aad5d4b1284513788,263305XS,Bruker Vertex 70 with HTS-XT accessory,Bruker_Vertex_70.HTS.XT,XS: finely ground <80 mesh,CC-BY,https://ncsslabdatamart.sc.egov.usda.gov/datause.aspx,https://doi.org/10.2136/sssaj2019.06.0205,1.41907,40.53389,2.32864
119,930b7645ed893cab06e2207d2334a4a1,LUCAS.WOODWELL.SSL,930b7645ed893cab06e2207d2334a4a1,11973,Bruker Vertex 70 with with PikeAutoDiff accessory,Bruker_Vertex_70.PikeAutoDiff,,CC-BY,https://creativecommons.org/licenses/by/4.0/,https://doi.org/10.3390/s20236729,0.16,11.0,0.993401196992173
120,16086e9e9b15d8bc7c4389c147cca76a,KSSL.SSL,16086e9e9b15d8bc7c4389c147cca76a,115646XS,Bruker Vertex 70 with HTS-XT accessory,Bruker_Vertex_70.HTS.XT,XS: finely ground <80 mesh,CC-BY,https://ncsslabdatamart.sc.egov.usda.gov/datause.aspx,https://doi.org/10.2136/sssaj2019.06.0205,0.01541,7.10108,0.30965
121,6077494301dad9ac26c3c08933e03b53,KSSL.SSL,6077494301dad9ac26c3c08933e03b53,158409XS,Bruker Vertex 70 with HTS-XT accessory,Bruker_Vertex_70.HTS.XT,XS: finely ground <80 mesh,CC-BY,https://ncsslabdatamart.sc.egov.usda.gov/datause.aspx,https://doi.org/10.2136/sssaj2019.06.0205,1.18802,2.75976,0.49702
122,d09cee4a1c44977d7d98d49fa4624661,KSSL.SSL,d09cee4a1c44977d7d98d49fa4624661,250667XS,Bruker Vertex 70 with HTS-XT accessory,Bruker_Vertex_70.HTS.XT,XS: finely ground <80 mesh,CC-BY,https://ncsslabdatamart.sc.egov.usda.gov/datause.aspx,https://doi.org/10.2136/sssaj2019.06.0205,0.05139,21.49851,0.05748
123,89dc66b8bc31070a6770a8388238c48b,KSSL.SSL,89dc66b8bc31070a6770a8388238c48b,251912XS,Bruker Vertex 70 with HTS-XT accessory,Bruker_Vertex_70.HTS.XT,XS: finely ground <80 mesh,CC-BY,https://ncsslabdatamart.sc.egov.usda.gov/datause.aspx,https://doi.org/10.2136/sssaj2019.06.0205,1.44048,35.1897,0.65385
124,9453f1f17dd36bfa9c4e50dfcf35adcb,KSSL.SSL,9453f1f17dd36bfa9c4e50dfcf35adcb,288542XS,Bruker Vertex 70 with HTS-XT accessory,Bruker_Vertex_70.HTS.XT,XS: finely ground <80 mesh,CC-BY,https://ncsslabdatamart.sc.egov.usda.gov/datause.aspx,https://doi.org/10.2136/sssaj2019.06.0205,0.07234,0.0,0.2258
125,b4caee112f48cd4910f34619452c46b2,KSSL.SSL,b4caee112f48cd4910f34619452c46b2,207760XS,Bruker Vertex 70 with HTS-XT accessory,Bruker_Vertex_70.HTS.XT,XS: finely ground <80 mesh,CC-BY,https://ncsslabdatamart.sc.egov.usda.gov/datause.aspx,https://doi.org/10.2136/sssaj2019.06.0205,0.18674,0.61292,0.2473
126,a31d352f1721ec6c85212615b482d380,KSSL.SSL,a31d352f1721ec6c85212615b482d380,249774XS,Bruker Vertex 70 with HTS-XT accessory,Bruker_Vertex_70.HTS.XT,XS: finely ground <80 mesh,CC-BY,https://ncsslabdatamart.sc.egov.usda.gov/datause.aspx,https://doi.org/10.2136/sssaj2019.06.0205,0.2037,2.66839,1.36207
127,8ebb24e5650137d830013e39431bb72f,LUCAS.WOODWELL.SSL,8ebb24e5650137d830013e39431bb72f,11936,Bruker Vertex 70 with with PikeAutoDiff accessory,Bruker_Vertex_70.PikeAutoDiff,,CC-BY,https://creativecommons.org/licenses/by/4.0/,https://doi.org/10.3390/s20236729,2.28,49.5,0.461404675430968
128,85dd08cc078e18c4d025f95ed10ac17a,KSSL.SSL,85dd08cc078e18c4d025f95ed10ac17a,258905XS,Bruker Vertex 70 with HTS-XT accessory,Bruker_Vertex_70.HTS.XT,XS: finely ground <80 mesh,CC-BY,https://ncsslabdatamart.sc.egov.usda.gov/datause.aspx,https://doi.org/10.2136/sssaj2019.06.0205,1.05399,9.01337,0.43062
129,482f5898758113a5bcc30e6f3304d3a8,KSSL.SSL,482f5898758113a5bcc30e6f3304d3a8,253920XS,Bruker Vertex 70 with HTS-XT accessory,Bruker_Vertex_70.HTS.XT,XS: finely ground <80 mesh,CC-BY,https://ncsslabdatamart.sc.egov.usda.gov/datause.aspx,https://doi.org/10.2136/sssaj2019.06.0205,0.20836,33.11378,1.84126
130,fac936a0280a8651275c3535754482cc,KSSL.SSL,fac936a0280a8651275c3535754482cc,154334XS,Bruker Vertex 70 with HTS-XT accessory,Bruker_Vertex_70.HTS.XT,XS: finely ground <80 mesh,CC-BY,https://ncsslabdatamart.sc.egov.usda.gov/datause.aspx,https://doi.org/10.2136/sssaj2019.06.0205,0.19222,2.12555,1.65532
131,fe9816b5ad430765c8bd5a6bda62a95e,KSSL.SSL,fe9816b5ad430765c8bd5a6bda62a95e,246242XS,Bruker Vertex 70 with HTS-XT accessory,Bruker_Vertex_70.HTS.XT,XS: finely ground <80 mesh,CC-BY,https://ncsslabdatamart.sc.egov.usda.gov/datause.aspx,https://doi.org/10.2136/sssaj2019.06.0205,0.54197,42.56622,2.41349
132,11cd06e062f9b0d24d6aa2e33f794262,KSSL.SSL,11cd06e062f9b0d24d6aa2e33f794262,254351XS,Bruker Vertex 70 with HTS-XT accessory,Bruker_Vertex_70.HTS.XT,XS: finely ground <80 mesh,CC-BY,https://ncsslabdatamart.sc.egov.usda.gov/datause.aspx,https://doi.org/10.2136/sssaj2019.06.0205,0.86703,5.91986,2.75353
133,2f27bd23d4523bb14a09b69976fb5980,KSSL.SSL,2f27bd23d4523bb14a09b69976fb5980,156424XS,Bruker Vertex 70 with HTS-XT accessory,Bruker_Vertex_70.HTS.XT,XS: finely ground <80 mesh,CC-BY,https://ncsslabdatamart.sc.egov.usda.gov/datause.aspx,https://doi.org/10.2136/sssaj2019.06.0205,0.37747,9.9746,0.45468
134,2715e22241ff0bbea31ba46239f09e6e,KSSL.SSL,2715e22241ff0bbea31ba46239f09e6e,282055XS,Bruker Vertex 70 with HTS-XT accessory,Bruker_Vertex_70.HTS.XT,XS: finely ground <80 mesh,CC-BY,https://ncsslabdatamart.sc.egov.usda.gov/datause.aspx,https://doi.org/10.2136/sssaj2019.06.0205,0.09125,0.64005,0.29349
135,35ec662104b460940a363f825351e109,LUCAS.WOODWELL.SSL,35ec662104b460940a363f825351e109,11117,Bruker Vertex 70 with with PikeAutoDiff accessory,Bruker_Vertex_70.PikeAutoDiff,,CC-BY,https://creativecommons.org/licenses/by/4.0/,https://doi.org/10.3390/s20236729,0.19,0.0,1.78116527699627
136,4120f2755c44173c540a48976ff898a8,KSSL.SSL,4120f2755c44173c540a48976ff898a8,251444XS,Bruker Vertex 70 with HTS-XT accessory,Bruker_Vertex_70.HTS.XT,XS: finely ground <80 mesh,CC-BY,https://ncsslabdatamart.sc.egov.usda.gov/datause.aspx,https://doi.org/10.2136/sssaj2019.06.0205,0.1665,23.15034,0.14679
137,e698b52d2c065293b77fd39de18b4128,KSSL.SSL,e698b52d2c065293b77fd39de18b4128,57261XS,Bruker Vertex 70 with HTS-XT accessory,Bruker_Vertex_70.HTS.XT,XS: finely ground <80 mesh,CC-BY,https://ncsslabdatamart.sc.egov.usda.gov/datause.aspx,https://doi.org/10.2136/sssaj2019.06.0205,0.0242,16.81832,0.30889
138,e0750673861ea436b0e69bcf746ebc04,KSSL.SSL,e0750673861ea436b0e69bcf746ebc04,280182XS,Bruker Vertex 70 with HTS-XT accessory,Bruker_Vertex_70.HTS.XT,XS: finely ground <80 mesh,CC-BY,https://ncsslabdatamart.sc.egov.usda.gov/datause.aspx,https://doi.org/10.2136/sssaj2019.06.0205,1.59034,6.55517,1.83039
139,22c715f706441403720a9cb73e8cfb59,KSSL.SSL,22c715f706441403720a9cb73e8cfb59,258363XS,Bruker Vertex 70 with HTS-XT accessory,Bruker_Vertex_70.HTS.XT,XS: finely ground <80 mesh,CC-BY,https://ncsslabdatamart.sc.egov.usda.gov/datause.aspx,https://doi.org/10.2136/sssaj2019.06.0205,0.16604,46.17486,1.65342
140,ac9c0c9a47b3a9b990facc143484820e,KSSL.SSL,ac9c0c9a47b3a9b990facc143484820e,246829XS,Bruker Vertex 70 with HTS-XT accessory,Bruker_Vertex_70.HTS.XT,XS: finely ground <80 mesh,CC-BY,https://ncsslabdatamart.sc.egov.usda.gov/datause.aspx,https://doi.org/10.2136/sssaj2019.06.0205,0.02002,0.46548,0.37497
141,2ca9c91d1d6af1cd44c72858f83c01c0,KSSL.SSL,2ca9c91d1d6af1cd44c72858f83c01c0,153916XS,Bruker Vertex 70 with HTS-XT accessory,Bruker_Vertex_70.HTS.XT,XS: finely ground <80 mesh,CC-BY,https://ncsslabdatamart.sc.egov.usda.gov/datause.aspx,https://doi.org/10.2136/sssaj2019.06.0205,0.10133,5.42129,0.80856
142,32f69b4168bbfd25cc69f8b75f425f0f,LUCAS.WOODWELL.SSL,32f69b4168bbfd25cc69f8b75f425f0f,12129,Bruker Vertex 70 with with PikeAutoDiff accessory,Bruker_Vertex_70.PikeAutoDiff,,CC-BY,https://creativecommons.org/licenses/by/4.0/,https://doi.org/10.3390/s20236729,2.3,59.9,3.04005319965216
143,32bc667fb9bb120f30a1198007bbd575,KSSL.SSL,32bc667fb9bb120f30a1198007bbd575,295312XN,Bruker Vertex 70 with HTS-XT accessory,Bruker_Vertex_70.HTS.XT,XN: finely ground <80 mesh,CC-BY,https://ncsslabdatamart.sc.egov.usda.gov/datause.aspx,https://doi.org/10.2136/sssaj2019.06.0205,0.06053,1.3585,0.36971
144,2a56a36cc5f31ed2e1f4dd2e493b9add,KSSL.SSL,2a56a36cc5f31ed2e1f4dd2e493b9add,121142XS,Bruker Vertex 70 with HTS-XT accessory,Bruker_Vertex_70.HTS.XT,XS: finely ground <80 mesh,CC-BY,https://ncsslabdatamart.sc.egov.usda.gov/datause.aspx,https://doi.org/10.2136/sssaj2019.06.0205,0.11134,5.25815,0.4341
145,2ef6218d5d2723bea486f32168ac377a,KSSL.SSL,2ef6218d5d2723bea486f32168ac377a,256226XS,Bruker Vertex 70 with HTS-XT accessory,Bruker_Vertex_70.HTS.XT,XS: finely ground <80 mesh,CC-BY,https://ncsslabdatamart.sc.egov.usda.gov/datause.aspx,https://doi.org/10.2136/sssaj2019.06.0205,0.07181,27.68535,4.63306
146,835faa4734d7161a1f458abd6e263e44,KSSL.SSL,835faa4734d7161a1f458abd6e263e44,67641XS,Bruker Vertex 70 with HTS-XT accessory,Bruker_Vertex_70.HTS.XT,XS: finely ground <80 mesh,CC-BY,https://ncsslabdatamart.sc.egov.usda.gov/datause.aspx,https://doi.org/10.2136/sssaj2019.06.0205,0.74609,176.4886,3.99456
147,67196c55bbf3b9549498e1187ccf73f5,KSSL.SSL,67196c55bbf3b9549498e1187ccf73f5,153803XS,Bruker Vertex 70 with HTS-XT accessory,Bruker_Vertex_70.HTS.XT,XS: finely ground <80 mesh,CC-BY,https://ncsslabdatamart.sc.egov.usda.gov/datause.aspx,https://doi.org/10.2136/sssaj2019.06.0205,2.48469,17.89559,0.74173
148,8daf73eec2547589fe10f40775740202,KSSL.SSL,8daf73eec2547589fe10f40775740202,268705XS,Bruker Vertex 70 with HTS-XT accessory,Bruker_Vertex_70.HTS.XT,XS: finely ground <80 mesh,CC-BY,https://ncsslabdatamart.sc.egov.usda.gov/datause.aspx,https://doi.org/10.2136/sssaj2019.06.0205,0.02003,5.89964,0.15867
149,a2a76efe45d6f7b6587d20f73b279f40,KSSL.SSL,a2a76efe45d6f7b6587d20f73b279f40,154396XS,Bruker Vertex 70 with HTS-XT accessory,Bruker_Vertex_70.HTS.XT,XS: finely ground <80 mesh,CC-BY,https://ncsslabdatamart.sc.egov.usda.gov/datause.aspx,https://doi.org/10.2136/sssaj2019.06.0205,0.37338,1.29892,0.04598
150,ea03b67bbcafb6c248af3d6d57b2d224,KSSL.SSL,ea03b67bbcafb6c248af3d6d57b2d224,251724XS,Bruker Vertex 70 with HTS-XT accessory,Bruker_Vertex_70.HTS.XT,XS: finely ground <80 mesh,CC-BY,https://ncsslabdatamart.sc.egov.usda.gov/datause.aspx,https://doi.org/10.2136/sssaj2019.06.0205,1.03331,1.85439,0.14072
151,0b8f88e9a2d3336d7afc197291e928a0,KSSL.SSL,0b8f88e9a2d3336d7afc197291e928a0,273891XS,Bruker Vertex 70 with HTS-XT accessory,Bruker_Vertex_70.HTS.XT,XS: finely ground <80 mesh,CC-BY,https://ncsslabdatamart.sc.egov.usda.gov/datause.aspx,https://doi.org/10.2136/sssaj2019.06.0205,0.01008,0.95471,0.15885
152,4498b77faad0f41e4d301625f46bfd0e,KSSL.SSL,4498b77faad0f41e4d301625f46bfd0e,123182XS,Bruker Vertex 70 with HTS-XT accessory,Bruker_Vertex_70.HTS.XT,XS: finely ground <80 mesh,CC-BY,https://ncsslabdatamart.sc.egov.usda.gov/datause.aspx,https://doi.org/10.2136/sssaj2019.06.0205,0.18812,69.76589,0.90991
153,7f58a753ed28597074848ce4f7858b3e,LUCAS.WOODWELL.SSL,7f58a753ed28597074848ce4f7858b3e,12013,Bruker Vertex 70 with with PikeAutoDiff accessory,Bruker_Vertex_70.PikeAutoDiff,,CC-BY,https://creativecommons.org/licenses/by/4.0/,https://doi.org/10.3390/s20236729,0.24,0.0,0.292086551741777
154,8002e7ca727acbcc3c403f2bbef73738,KSSL.SSL,8002e7ca727acbcc3c403f2bbef73738,156061XS,Bruker Vertex 70 with HTS-XT accessory,Bruker_Vertex_70.HTS.XT,XS: finely ground <80 mesh,CC-BY,https://ncsslabdatamart.sc.egov.usda.gov/datause.aspx,https://doi.org/10.2136/sssaj2019.06.0205,0.0,2.02724,0.0952
155,10932e3ec6a286328b29c7185161062e,KSSL.SSL,10932e3ec6a286328b29c7185161062e,158712XS,Bruker Vertex 70 with HTS-XT accessory,Bruker_Vertex_70.HTS.XT,XS: finely ground <80 mesh,CC-BY,https://ncsslabdatamart.sc.egov.usda.gov/datause.aspx,https://doi.org/10.2136/sssaj2019.06.0205,1.00231,0.0,7.80837
156,7c2d51bd5b17188a6e95c55131279055,KSSL.SSL,7c2d51bd5b17188a6e95c55131279055,257406XS,Bruker Vertex 70 with HTS-XT accessory,Bruker_Vertex_70.HTS.XT,XS: finely ground <80 mesh,CC-BY,https://ncsslabdatamart.sc.egov.usda.gov/datause.aspx,https://doi.org/10.2136/sssaj2019.06.0205,0.09221,2.20085,0.31029
157,bcbcaac310de1aeefcdf0b9d9055ebe1,KSSL.SSL,bcbcaac310de1aeefcdf0b9d9055ebe1,152507XS,Bruker Vertex 70 with HTS-XT accessory,Bruker_Vertex_70.HTS.XT,XS: finely ground <80 mesh,CC-BY,https://ncsslabdatamart.sc.egov.usda.gov/datause.aspx,https://doi.org/10.2136/sssaj2019.06.0205,0.43833,6.2358,1.39061
158,33b25ac85df7fa8a46cec7cde157114c,KSSL.SSL,33b25ac85df7fa8a46cec7cde157114c,241396XS,Bruker Vertex 70 with HTS-XT accessory,Bruker_Vertex_70.HTS.XT,XS: finely ground <80 mesh,CC-BY,https://ncsslabdatamart.sc.egov.usda.gov/datause.aspx,https://doi.org/10.2136/sssaj2019.06.0205,0.40307,76.86898,1.11034
159,150125e53673d96a235ce58eb2271728,KSSL.SSL,150125e53673d96a235ce58eb2271728,152168XS,Bruker Vertex 70 with HTS-XT accessory,Bruker_Vertex_70.HTS.XT,XS: finely ground <80 mesh,CC-BY,https://ncsslabdatamart.sc.egov.usda.gov/datause.aspx,https://doi.org/10.2136/sssaj2019.06.0205,0.2276,16.24421,1.7087
160,602ae701fbefa56dafe6dbdca1e75ccc,KSSL.SSL,602ae701fbefa56dafe6dbdca1e75ccc,252633XS,Bruker Vertex 70 with HTS-XT accessory,Bruker_Vertex_70.HTS.XT,XS: finely ground <80 mesh,CC-BY,https://ncsslabdatamart.sc.egov.usda.gov/datause.aspx,https://doi.org/10.2136/sssaj2019.06.0205,0.29515,4.76923,0.04269
161,9693aafcf7311fc46484eb7fc37fd897,KSSL.SSL,9693aafcf7311fc46484eb7fc37fd897,247064XS,Bruker Vertex 70 with HTS-XT accessory,Bruker_Vertex_70.HTS.XT,XS: finely ground <80 mesh,CC-BY,https://ncsslabdatamart.sc.egov.usda.gov/datause.aspx,https://doi.org/10.2136/sssaj2019.06.0205,0.34119,63.68609,0.12934
162,34009f6906da53820c2143e77ce35ab7,KSSL.SSL,34009f6906da53820c2143e77ce35ab7,247134XS,Bruker Vertex 70 with HTS-XT accessory,Bruker_Vertex_70.HTS.XT,XS: finely ground <80 mesh,CC-BY,https://ncsslabdatamart.sc.egov.usda.gov/datause.aspx,https://doi.org/10.2136/sssaj2019.06.0205,1.12076,0.86799,0.16838
163,6b2b1feff51712d72da0ba274cba6bad,KSSL.SSL,6b2b1feff51712d72da0ba274cba6bad,160847XS,Bruker Vertex 70 with HTS-XT accessory,Bruker_Vertex_70.HTS.XT,XS: finely ground <80 mesh,CC-BY,https://ncsslabdatamart.sc.egov.usda.gov/datause.aspx,https://doi.org/10.2136/sssaj2019.06.0205,0.60882,2.43009,0.15744
164,b40e079751b59225cd8a0fdcf646e5d5,KSSL.SSL,b40e079751b59225cd8a0fdcf646e5d5,251492XS,Bruker Vertex 70 with HTS-XT accessory,Bruker_Vertex_70.HTS.XT,XS: finely ground <80 mesh,CC-BY,https://ncsslabdatamart.sc.egov.usda.gov/datause.aspx,https://doi.org/10.2136/sssaj2019.06.0205,0.63714,17.13148,1.64217
165,2e821520c82f3003ef30fa4ce2d5d62f,KSSL.SSL,2e821520c82f3003ef30fa4ce2d5d62f,274140XS,Bruker Vertex 70 with HTS-XT accessory,Bruker_Vertex_70.HTS.XT,XS: finely ground <80 mesh,CC-BY,https://ncsslabdatamart.sc.egov.usda.gov/datause.aspx,https://doi.org/10.2136/sssaj2019.06.0205,0.67914,35.33599,1.04024
166,6943256023af3f32868a8d33550aeae9,KSSL.SSL,6943256023af3f32868a8d33550aeae9,195791XS,Bruker Vertex 70 with HTS-XT accessory,Bruker_Vertex_70.HTS.XT,XS: finely ground <80 mesh,CC-BY,https://ncsslabdatamart.sc.egov.usda.gov/datause.aspx,https://doi.org/10.2136/sssaj2019.06.0205,0.0833,0.91276,0.18996
167,b094a57054220e1285c9fa037c85881c,KSSL.SSL,b094a57054220e1285c9fa037c85881c,248339XS,Bruker Vertex 70 with HTS-XT accessory,Bruker_Vertex_70.HTS.XT,XS: finely ground <80 mesh,CC-BY,https://ncsslabdatamart.sc.egov.usda.gov/datause.aspx,https://doi.org/10.2136/sssaj2019.06.0205,0.08137,1.27554,0.24863
168,a269ef5b2e8943e92cbc4064db60fb50,KSSL.SSL,a269ef5b2e8943e92cbc4064db60fb50,263227XS,Bruker Vertex 70 with HTS-XT accessory,Bruker_Vertex_70.HTS.XT,XS: finely ground <80 mesh,CC-BY,https://ncsslabdatamart.sc.egov.usda.gov/datause.aspx,https://doi.org/10.2136/sssaj2019.06.0205,0.33118,16.35847,1.03329
169,8d9599912269312b6363bb7be5efb7c5,KSSL.SSL,8d9599912269312b6363bb7be5efb7c5,57276XS,Bruker Vertex 70 with HTS-XT accessory,Bruker_Vertex_70.HTS.XT,XS: finely ground <80 mesh,CC-BY,https://ncsslabdatamart.sc.egov.usda.gov/datause.aspx,https://doi.org/10.2136/sssaj2019.06.0205,0.03948,0.2207,0.1872
170,5e5aad2f39784526c92d9e9f3d6a1004,KSSL.SSL,5e5aad2f39784526c92d9e9f3d6a1004,320193XS,Bruker Vertex 70 with HTS-XT accessory,Bruker_Vertex_70.HTS.XT,XS: finely ground <80 mesh,CC-BY,https://ncsslabdatamart.sc.egov.usda.gov/datause.aspx,https://doi.org/10.2136/sssaj2019.06.0205,0.09324,7.31611,0.81111
171,3e902c9e02a828df1bf213a5ca1e89f4,KSSL.SSL,3e902c9e02a828df1bf213a5ca1e89f4,248607XS,Bruker Vertex 70 with HTS-XT accessory,Bruker_Vertex_70.HTS.XT,XS: finely ground <80 mesh,CC-BY,https://ncsslabdatamart.sc.egov.usda.gov/datause.aspx,https://doi.org/10.2136/sssaj2019.06.0205,0.08421,5.97009,0.33477
172,4f91e748e08d3dca1356b09bbf1c7ca6,KSSL.SSL,4f91e748e08d3dca1356b09bbf1c7ca6,251324XS,Bruker Vertex 70 with HTS-XT accessory,Bruker_Vertex_70.HTS.XT,XS: finely ground <80 mesh,CC-BY,https://ncsslabdatamart.sc.egov.usda.gov/datause.aspx,https://doi.org/10.2136/sssaj2019.06.0205,0.50179,8.9197,0.42809
173,df6c0e56d8c3d68bcdc66084d3b2ca4e,KSSL.SSL,df6c0e56d8c3d68bcdc66084d3b2ca4e,257899XS,Bruker Vertex 70 with HTS-XT accessory,Bruker_Vertex_70.HTS.XT,XS: finely ground <80 mesh,CC-BY,https://ncsslabdatamart.sc.egov.usda.gov/datause.aspx,https://doi.org/10.2136/sssaj2019.06.0205,0.07079,23.17285,0.89425
174,f853e809c26dcde2f67fe948180eee31,KSSL.SSL,f853e809c26dcde2f67fe948180eee31,269149XS,Bruker Vertex 70 with HTS-XT accessory,Bruker_Vertex_70.HTS.XT,XS: finely ground <80 mesh,CC-BY,https://ncsslabdatamart.sc.egov.usda.gov/datause.aspx,https://doi.org/10.2136/sssaj2019.06.0205,0.10191,0.0,0.51267
175,40dc35546eb0ecd8851a80cf181c1e4c,KSSL.SSL,40dc35546eb0ecd8851a80cf181c1e4c,153872XS,Bruker Vertex 70 with HTS-XT accessory,Bruker_Vertex_70.HTS.XT,XS: finely ground <80 mesh,CC-BY,https://ncsslabdatamart.sc.egov.usda.gov/datause.aspx,https://doi.org/10.2136/sssaj2019.06.0205,0.45149,20.7131,2.12338
176,7f8f66fda75a3083c8528c860ff5b181,KSSL.SSL,7f8f66fda75a3083c8528c860ff5b181,158775XS,Bruker Vertex 70 with HTS-XT accessory,Bruker_Vertex_70.HTS.XT,XS: finely ground <80 mesh,CC-BY,https://ncsslabdatamart.sc.egov.usda.gov/datause.aspx,https://doi.org/10.2136/sssaj2019.06.0205,0.11408,22.17096,0.56486
177,d5951edf1450b1cf3ec2f257f14b7b83,KSSL.SSL,d5951edf1450b1cf3ec2f257f14b7b83,161058XS,Bruker Vertex 70 with HTS-XT accessory,Bruker_Vertex_70.HTS.XT,XS: finely ground <80 mesh,CC-BY,https://ncsslabdatamart.sc.egov.usda.gov/datause.aspx,https://doi.org/10.2136/sssaj2019.06.0205,0.03787,1.02045,0.75014
178,564495f729adafaf675ee60508af6972,KSSL.SSL,564495f729adafaf675ee60508af6972,161278XS,Bruker Vertex 70 with HTS-XT accessory,Bruker_Vertex_70.HTS.XT,XS: finely ground <80 mesh,CC-BY,https://ncsslabdatamart.sc.egov.usda.gov/datause.aspx,https://doi.org/10.2136/sssaj2019.06.0205,0.01136,4.85062,2.9393
179,fbcc4c6effaa7272a5f83fa6d42086aa,KSSL.SSL,fbcc4c6effaa7272a5f83fa6d42086aa,64514XS,Bruker Vertex 70 with HTS-XT accessory,Bruker_Vertex_70.HTS.XT,XS: finely ground <80 mesh,CC-BY,https://ncsslabdatamart.sc.egov.usda.gov/datause.aspx,https://doi.org/10.2136/sssaj2019.06.0205,0.08878,0.16104,0.22771
180,3c097418672845f860ca9fdf5c1cd67c,KSSL.SSL,3c097418672845f860ca9fdf5c1cd67c,156701XS,Bruker Vertex 70 with HTS-XT accessory,Bruker_Vertex_70.HTS.XT,XS: finely ground <80 mesh,CC-BY,https://ncsslabdatamart.sc.egov.usda.gov/datause.aspx,https://doi.org/10.2136/sssaj2019.06.0205,1.02629,3.03678,3.41499
181,9548ce376d3eef78228e448d91fd2982,KSSL.SSL,9548ce376d3eef78228e448d91fd2982,254120XS,Bruker Vertex 70 with HTS-XT accessory,Bruker_Vertex_70.HTS.XT,XS: finely ground <80 mesh,CC-BY,https://ncsslabdatamart.sc.egov.usda.gov/datause.aspx,https://doi.org/10.2136/sssaj2019.06.0205,0.01796,10.25447,0.38025
182,14727d76b56b8171d767726ae89fad41,KSSL.SSL,14727d76b56b8171d767726ae89fad41,295470XN,Bruker Vertex 70 with HTS-XT accessory,Bruker_Vertex_70.HTS.XT,XN: finely ground <80 mesh,CC-BY,https://ncsslabdatamart.sc.egov.usda.gov/datause.aspx,https://doi.org/10.2136/sssaj2019.06.0205,0.03255,1.83876,0.07066
183,d1c2c33c986d707d29872e658345459d,KSSL.SSL,d1c2c33c986d707d29872e658345459d,281867XS,Bruker Vertex 70 with HTS-XT accessory,Bruker_Vertex_70.HTS.XT,XS: finely ground <80 mesh,CC-BY,https://ncsslabdatamart.sc.egov.usda.gov/datause.aspx,https://doi.org/10.2136/sssaj2019.06.0205,0.07094,1.0579,0.21132
184,4deb31efe20d998d0f54e8c18e420b9d,KSSL.SSL,4deb31efe20d998d0f54e8c18e420b9d,241399XS,Bruker Vertex 70 with HTS-XT accessory,Bruker_Vertex_70.HTS.XT,XS: finely ground <80 mesh,CC-BY,https://ncsslabdatamart.sc.egov.usda.gov/datause.aspx,https://doi.org/10.2136/sssaj2019.06.0205,0.03477,0.49646,0.28627
185,f373704bc5e76613392f1db6b4b47f44,KSSL.SSL,f373704bc5e76613392f1db6b4b47f44,162125XS,Bruker Vertex 70 with HTS-XT accessory,Bruker_Vertex_70.HTS.XT,XS: finely ground <80 mesh,CC-BY,https://ncsslabdatamart.sc.egov.usda.gov/datause.aspx,https://doi.org/10.2136/sssaj2019.06.0205,0.16576,25.53047,0.04581
186,2a1c524fa24ba9868f76860af8003a22,KSSL.SSL,2a1c524fa24ba9868f76860af8003a22,243603XN,Bruker Vertex 70 with HTS-XT accessory,Bruker_Vertex_70.HTS.XT,XN: finely ground <80 mesh,CC-BY,https://ncsslabdatamart.sc.egov.usda.gov/datause.aspx,https://doi.org/10.2136/sssaj2019.06.0205,0.47086,2.02999,0.45219
187,43ef3e564e2f871ad2b8aecfdd4e7477,KSSL.SSL,43ef3e564e2f871ad2b8aecfdd4e7477,263556XS,Bruker Vertex 70 with HTS-XT accessory,Bruker_Vertex_70.HTS.XT,XS: finely ground <80 mesh,CC-BY,https://ncsslabdatamart.sc.egov.usda.gov/datause.aspx,https://doi.org/10.2136/sssaj2019.06.0205,2.46968,6.81427,2.04052
188,9316dfe84939f71203208c82382c3a62,KSSL.SSL,9316dfe84939f71203208c82382c3a62,157326XS,Bruker Vertex 70 with HTS-XT accessory,Bruker_Vertex_70.HTS.XT,XS: finely ground <80 mesh,CC-BY,https://ncsslabdatamart.sc.egov.usda.gov/datause.aspx,https://doi.org/10.2136/sssaj2019.06.0205,2.0945,3.84431,0.09841
189,c22a45caaeac88fe0f3fcd9f99191167,KSSL.SSL,c22a45caaeac88fe0f3fcd9f99191167,65407XS,Bruker Vertex 70 with HTS-XT accessory,Bruker_Vertex_70.HTS.XT,XS: finely ground <80 mesh,CC-BY,https://ncsslabdatamart.sc.egov.usda.gov/datause.aspx,https://doi.org/10.2136/sssaj2019.06.0205,0.15081,145.42735,0.21037
190,6edb7c8088d386ffa53e9552bc6a71cd,KSSL.SSL,6edb7c8088d386ffa53e9552bc6a71cd,239277XS,Bruker Vertex 70 with HTS-XT accessory,Bruker_Vertex_70.HTS.XT,XS: finely ground <80 mesh,CC-BY,https://ncsslabdatamart.sc.egov.usda.gov/datause.aspx,https://doi.org/10.2136/sssaj2019.06.0205,0.06229,7.03243,0.87677
191,24e56dbadc7613c481a96d1dcf374c94,KSSL.SSL,24e56dbadc7613c481a96d1dcf374c94,257988XS,Bruker Vertex 70 with HTS-XT accessory,Bruker_Vertex_70.HTS.XT,XS: finely ground <80 mesh,CC-BY,https://ncsslabdatamart.sc.egov.usda.gov/datause.aspx,https://doi.org/10.2136/sssaj2019.06.0205,0.06192,0.02263,0.36105
192,c8bb92f0a5087a826bf4465574569563,KSSL.SSL,c8bb92f0a5087a826bf4465574569563,256461XS,Bruker Vertex 70 with HTS-XT accessory,Bruker_Vertex_70.HTS.XT,XS: finely ground <80 mesh,CC-BY,https://ncsslabdatamart.sc.egov.usda.gov/datause.aspx,https://doi.org/10.2136/sssaj2019.06.0205,0.03018,1.44528,0.0859
193,45025be0b24ddb196a635f0a823cd3b4,KSSL.SSL,45025be0b24ddb196a635f0a823cd3b4,226599XS,Bruker Vertex 70 with HTS-XT accessory,Bruker_Vertex_70.HTS.XT,XS: finely ground <80 mesh,CC-BY,https://ncsslabdatamart.sc.egov.usda.gov/datause.aspx,https://doi.org/10.2136/sssaj2019.06.0205,0.1563,7.19345,0.84347
194,df9184e37736faa206f42b5c0f31c4a6,KSSL.SSL,df9184e37736faa206f42b5c0f31c4a6,153799XS,Bruker Vertex 70 with HTS-XT accessory,Bruker_Vertex_70.HTS.XT,XS: finely ground <80 mesh,CC-BY,https://ncsslabdatamart.sc.egov.usda.gov/datause.aspx,https://doi.org/10.2136/sssaj2019.06.0205,0.00709,0.45618,0.0697
195,6770686c244b82e6a180c6e74f699ad6,KSSL.SSL,6770686c244b82e6a180c6e74f699ad6,222758XS,Bruker Vertex 70 with HTS-XT accessory,Bruker_Vertex_70.HTS.XT,XS: finely ground <80 mesh,CC-BY,https://ncsslabdatamart.sc.egov.usda.gov/datause.aspx,https://doi.org/10.2136/sssaj2019.06.0205,0.20789,1.68904,1.10416
196,a876390403673411d1fae50324ec5e4f,KSSL.SSL,a876390403673411d1fae50324ec5e4f,256764XS,Bruker Vertex 70 with HTS-XT accessory,Bruker_Vertex_70.HTS.XT,XS: finely ground <80 mesh,CC-BY,https://ncsslabdatamart.sc.egov.usda.gov/datause.aspx,https://doi.org/10.2136/sssaj2019.06.0205,0.09061,2.17904,0.63871
197,b9ef6f14e4b8bbeeb496c9c9263905ff,KSSL.SSL,b9ef6f14e4b8bbeeb496c9c9263905ff,245886XS,Bruker Vertex 70 with HTS-XT accessory,Bruker_Vertex_70.HTS.XT,XS: finely ground <80 mesh,CC-BY,https://ncsslabdatamart.sc.egov.usda.gov/datause.aspx,https://doi.org/10.2136/sssaj2019.06.0205,0.4061,41.98877,3.91767
198,c26dc85189a4eadb582886683895dc7f,KSSL.SSL,c26dc85189a4eadb582886683895dc7f,227228XS,Bruker Vertex 70 with HTS-XT accessory,Bruker_Vertex_70.HTS.XT,XS: finely ground <80 mesh,CC-BY,https://ncsslabdatamart.sc.egov.usda.gov/datause.aspx,https://doi.org/10.2136/sssaj2019.06.0205,0.13415,3.11201,1.53905
199,1509e93572589439fca17c9d84fa189c,KSSL.SSL,1509e93572589439fca17c9d84fa189c,187529XS,Bruker Vertex 70 with HTS-XT accessory,Bruker_Vertex_70.HTS.XT,XS: finely ground <80 mesh,CC-BY,https://ncsslabdatamart.sc.egov.usda.gov/datause.aspx,https://doi.org/10.2136/sssaj2019.06.0205,0.15509,5.03579,0.25509
200,de649a2003ee2e5ade4cda71db53ee32,KSSL.SSL,de649a2003ee2e5ade4cda71db53ee32,271976XN,Bruker Vertex 70 with HTS-XT accessory,Bruker_Vertex_70.HTS.XT,XN: finely ground <80 mesh,CC-BY,https://ncsslabdatamart.sc.egov.usda.gov/datause.aspx,https://doi.org/10.2136/sssaj2019.06.0205,0.29782,64.60586,0.50098
201,94fa044afacfb72edaa66797bee03d95,KSSL.SSL,94fa044afacfb72edaa66797bee03d95,247884XS,Bruker Vertex 70 with HTS-XT accessory,Bruker_Vertex_70.HTS.XT,XS: finely ground <80 mesh,CC-BY,https://ncsslabdatamart.sc.egov.usda.gov/datause.aspx,https://doi.org/10.2136/sssaj2019.06.0205,0.03048,1.29785,0.21108
202,7368c046574e41b07984fdebda1f1d5f,KSSL.SSL,7368c046574e41b07984fdebda1f1d5f,271107XS,Bruker Vertex 70 with HTS-XT accessory,Bruker_Vertex_70.HTS.XT,XS: finely ground <80 mesh,CC-BY,https://ncsslabdatamart.sc.egov.usda.gov/datause.aspx,https://doi.org/10.2136/sssaj2019.06.0205,0.11108,2.64618,0.31208
203,a2a8a0979fc6dd9c5bc20a00827eff7c,KSSL.SSL,a2a8a0979fc6dd9c5bc20a00827eff7c,155937XS,Bruker Vertex 70 with HTS-XT accessory,Bruker_Vertex_70.HTS.XT,XS: finely ground <80 mesh,CC-BY,https://ncsslabdatamart.sc.egov.usda.gov/datause.aspx,https://doi.org/10.2136/sssaj2019.06.0205,0.54787,3.58397,0.25147
204,80323f54e416a173059874b11516a72b,KSSL.SSL,80323f54e416a173059874b11516a72b,276386XS,Bruker Vertex 70 with HTS-XT accessory,Bruker_Vertex_70.HTS.XT,XS: finely ground <80 mesh,CC-BY,https://ncsslabdatamart.sc.egov.usda.gov/datause.aspx,https://doi.org/10.2136/sssaj2019.06.0205,0.09633,2.85289,0.49969
205,48b634cda25574a222cc7317618578e3,KSSL.SSL,48b634cda25574a222cc7317618578e3,152758XS,Bruker Vertex 70 with HTS-XT accessory,Bruker_Vertex_70.HTS.XT,XS: finely ground <80 mesh,CC-BY,https://ncsslabdatamart.sc.egov.usda.gov/datause.aspx,https://doi.org/10.2136/sssaj2019.06.0205,0.43847,28.91199,0.0
206,34bd1e9a312d4bf84671a0da202772a0,KSSL.SSL,34bd1e9a312d4bf84671a0da202772a0,256975XS,Bruker Vertex 70 with HTS-XT accessory,Bruker_Vertex_70.HTS.XT,XS: finely ground <80 mesh,CC-BY,https://ncsslabdatamart.sc.egov.usda.gov/datause.aspx,https://doi.org/10.2136/sssaj2019.06.0205,1.94385,15.85927,0.9046
207,c2e4a148cd8a065512a4c9783b57788f,KSSL.SSL,c2e4a148cd8a065512a4c9783b57788f,256593XS,Bruker Vertex 70 with HTS-XT accessory,Bruker_Vertex_70.HTS.XT,XS: finely ground <80 mesh,CC-BY,https://ncsslabdatamart.sc.egov.usda.gov/datause.aspx,https://doi.org/10.2136/sssaj2019.06.0205,0.94813,30.53946,0.99313
208,2c4db5f46a2f621808061adbfcd9220d,KSSL.SSL,2c4db5f46a2f621808061adbfcd9220d,241375XS,Bruker Vertex 70 with HTS-XT accessory,Bruker_Vertex_70.HTS.XT,XS: finely ground <80 mesh,CC-BY,https://ncsslabdatamart.sc.egov.usda.gov/datause.aspx,https://doi.org/10.2136/sssaj2019.06.0205,0.18473,0.86876,1.05558
209,89d869fa5950ac8d08824a2e2d254e02,KSSL.SSL,89d869fa5950ac8d08824a2e2d254e02,255443XS,Bruker Vertex 70 with HTS-XT accessory,Bruker_Vertex_70.HTS.XT,XS: finely ground <80 mesh,CC-BY,https://ncsslabdatamart.sc.egov.usda.gov/datause.aspx,https://doi.org/10.2136/sssaj2019.06.0205,0.34827,65.196,0.06611
210,ae8fcfada4845108055ebcfe0cdd02e4,LUCAS.WOODWELL.SSL,ae8fcfada4845108055ebcfe0cdd02e4,12045,Bruker Vertex 70 with with PikeAutoDiff accessory,Bruker_Vertex_70.PikeAutoDiff,,CC-BY,https://creativecommons.org/licenses/by/4.0/,https://doi.org/10.3390/s20236729,0.39,0.0,0.836871451225127
211,706ed5ba587e13162bb61ecefcdc27f7,KSSL.SSL,706ed5ba587e13162bb61ecefcdc27f7,259985XS,Bruker Vertex 70 with HTS-XT accessory,Bruker_Vertex_70.HTS.XT,XS: finely ground <80 mesh,CC-BY,https://ncsslabdatamart.sc.egov.usda.gov/datause.aspx,https://doi.org/10.2136/sssaj2019.06.0205,0.08608,12.79123,0.1572
212,b76159d6e54cb176005728e3119d27bb,KSSL.SSL,b76159d6e54cb176005728e3119d27bb,255982XS,Bruker Vertex 70 with HTS-XT accessory,Bruker_Vertex_70.HTS.XT,XS: finely ground <80 mesh,CC-BY,https://ncsslabdatamart.sc.egov.usda.gov/datause.aspx,https://doi.org/10.2136/sssaj2019.06.0205,2.50133,47.79287,2.03619
213,e4d80aeb919d4e867841e9c7eb8d7c2d,KSSL.SSL,e4d80aeb919d4e867841e9c7eb8d7c2d,257094XS,Bruker Vertex 70 with HTS-XT accessory,Bruker_Vertex_70.HTS.XT,XS: finely ground <80 mesh,CC-BY,https://ncsslabdatamart.sc.egov.usda.gov/datause.aspx,https://doi.org/10.2136/sssaj2019.06.0205,2.08625,20.40029,0.0
214,db007383b57de630a9a940fbba7d8295,LUCAS.WOODWELL.SSL,db007383b57de630a9a940fbba7d8295,11909,Bruker Vertex 70 with with PikeAutoDiff accessory,Bruker_Vertex_70.PikeAutoDiff,,CC-BY,https://creativecommons.org/licenses/by/4.0/,https://doi.org/10.3390/s20236729,0.41,11.4,1.43434446774771
215,e6a65d600d5a7a7267043aca3ed00f14,KSSL.SSL,e6a65d600d5a7a7267043aca3ed00f14,263643XS,Bruker Vertex 70 with HTS-XT accessory,Bruker_Vertex_70.HTS.XT,XS: finely ground <80 mesh,CC-BY,https://ncsslabdatamart.sc.egov.usda.gov/datause.aspx,https://doi.org/10.2136/sssaj2019.06.0205,1.01907,15.77852,0.29283
216,2bd8efb0ed603ea05eb3cb356ee24c86,GARRETT.SSL,2bd8efb0ed603ea05eb3cb356ee24c86,S40933,Bruker Invenio-S with HTS-XT,Bruker_InvenioS_HTS.XT,,CC-BY,https://creativecommons.org/licenses/by/4.0/,https://doi.org/10.6084/m9.figshare.20506587.v2,0.115874467049547,1.95315933450144,0.284452914046928
217,f405eaf8cd6147de20b9a4ba58474051,KSSL.SSL,f405eaf8cd6147de20b9a4ba58474051,217935XS,Bruker Vertex 70 with HTS-XT accessory,Bruker_Vertex_70.HTS.XT,XS: finely ground <80 mesh,CC-BY,https://ncsslabdatamart.sc.egov.usda.gov/datause.aspx,https://doi.org/10.2136/sssaj2019.06.0205,0.0654,13.86491,0.21513
218,b4381858fc9b76b89165544f2afeee86,KSSL.SSL,b4381858fc9b76b89165544f2afeee86,273839XS,Bruker Vertex 70 with HTS-XT accessory,Bruker_Vertex_70.HTS.XT,XS: finely ground <80 mesh,CC-BY,https://ncsslabdatamart.sc.egov.usda.gov/datause.aspx,https://doi.org/10.2136/sssaj2019.06.0205,0.02005,0.08237,0.04511
219,613aec5e5aa0315c05dcbe1218854375,KSSL.SSL,613aec5e5aa0315c05dcbe1218854375,269173XS,Bruker Vertex 70 with HTS-XT accessory,Bruker_Vertex_70.HTS.XT,XS: finely ground <80 mesh,CC-BY,https://ncsslabdatamart.sc.egov.usda.gov/datause.aspx,https://doi.org/10.2136/sssaj2019.06.0205,0.14277,0.0,0.42331
220,2f2094747b4b62d53b208ebe0f78bd5f,KSSL.SSL,2f2094747b4b62d53b208ebe0f78bd5f,223594XS,Bruker Vertex 70 with HTS-XT accessory,Bruker_Vertex_70.HTS.XT,XS: finely ground <80 mesh,CC-BY,https://ncsslabdatamart.sc.egov.usda.gov/datause.aspx,https://doi.org/10.2136/sssaj2019.06.0205,0.08389,29.27957,1.96804
221,42e9614aace2d79101725844e029fa14,KSSL.SSL,42e9614aace2d79101725844e029fa14,150539XS,Bruker Vertex 70 with HTS-XT accessory,Bruker_Vertex_70.HTS.XT,XS: finely ground <80 mesh,CC-BY,https://ncsslabdatamart.sc.egov.usda.gov/datause.aspx,https://doi.org/10.2136/sssaj2019.06.0205,0.07547,8.74065,2.28286
222,8d261f2366860390398a8b296dc70bc2,KSSL.SSL,8d261f2366860390398a8b296dc70bc2,158714XS,Bruker Vertex 70 with HTS-XT accessory,Bruker_Vertex_70.HTS.XT,XS: finely ground <80 mesh,CC-BY,https://ncsslabdatamart.sc.egov.usda.gov/datause.aspx,https://doi.org/10.2136/sssaj2019.06.0205,0.38694,5.4191,3.62015
223,7057566eb5370310b79ff15f3a652d34,KSSL.SSL,7057566eb5370310b79ff15f3a652d34,280223XS,Bruker Vertex 70 with HTS-XT accessory,Bruker_Vertex_70.HTS.XT,XS: finely ground <80 mesh,CC-BY,https://ncsslabdatamart.sc.egov.usda.gov/datause.aspx,https://doi.org/10.2136/sssaj2019.06.0205,1.97089,23.91067,1.30518
224,3d332786462a4019013e1d7404302fb4,KSSL.SSL,3d332786462a4019013e1d7404302fb4,257539XS,Bruker Vertex 70 with HTS-XT accessory,Bruker_Vertex_70.HTS.XT,XS: finely ground <80 mesh,CC-BY,https://ncsslabdatamart.sc.egov.usda.gov/datause.aspx,https://doi.org/10.2136/sssaj2019.06.0205,0.30074,7.79508,0.12096
225,93861174bb10d84bf0b75d68067abcbf,LUCAS.WOODWELL.SSL,93861174bb10d84bf0b75d68067abcbf,11759,Bruker Vertex 70 with with PikeAutoDiff accessory,Bruker_Vertex_70.PikeAutoDiff,,CC-BY,https://creativecommons.org/licenses/by/4.0/,https://doi.org/10.3390/s20236729,0.07,27.5,0.981124354186915
226,a15aa9c2a766f6dc67b355997d277a1a,KSSL.SSL,a15aa9c2a766f6dc67b355997d277a1a,259748XS,Bruker Vertex 70 with HTS-XT accessory,Bruker_Vertex_70.HTS.XT,XS: finely ground <80 mesh,CC-BY,https://ncsslabdatamart.sc.egov.usda.gov/datause.aspx,https://doi.org/10.2136/sssaj2019.06.0205,0.4694,5.41977,0.63746
227,8ed876de30785a39bb86749cbd780b79,KSSL.SSL,8ed876de30785a39bb86749cbd780b79,158238XS,Bruker Vertex 70 with HTS-XT accessory,Bruker_Vertex_70.HTS.XT,XS: finely ground <80 mesh,CC-BY,https://ncsslabdatamart.sc.egov.usda.gov/datause.aspx,https://doi.org/10.2136/sssaj2019.06.0205,0.01614,2.94656,0.06965
228,80bdc0cc5c10da927f5636f8ce895fd7,KSSL.SSL,80bdc0cc5c10da927f5636f8ce895fd7,153713XS,Bruker Vertex 70 with HTS-XT accessory,Bruker_Vertex_70.HTS.XT,XS: finely ground <80 mesh,CC-BY,https://ncsslabdatamart.sc.egov.usda.gov/datause.aspx,https://doi.org/10.2136/sssaj2019.06.0205,0.31493,23.69681,2.57191
229,87681b18f01e369ceb4f1f7bdad0abaa,KSSL.SSL,87681b18f01e369ceb4f1f7bdad0abaa,163195XS,Bruker Vertex 70 with HTS-XT accessory,Bruker_Vertex_70.HTS.XT,XS: finely ground <80 mesh,CC-BY,https://ncsslabdatamart.sc.egov.usda.gov/datause.aspx,https://doi.org/10.2136/sssaj2019.06.0205,0.0,1.41134,0.29139
230,defb6c0eb3c6e2193f618544f3b06a38,KSSL.SSL,defb6c0eb3c6e2193f618544f3b06a38,249393XS,Bruker Vertex 70 with HTS-XT accessory,Bruker_Vertex_70.HTS.XT,XS: finely ground <80 mesh,CC-BY,https://ncsslabdatamart.sc.egov.usda.gov/datause.aspx,https://doi.org/10.2136/sssaj2019.06.0205,0.26391,22.89185,0.35353
231,11ccc178396aa3aeaeac8a385bfa1dd8,KSSL.SSL,11ccc178396aa3aeaeac8a385bfa1dd8,155423XS,Bruker Vertex 70 with HTS-XT accessory,Bruker_Vertex_70.HTS.XT,XS: finely ground <80 mesh,CC-BY,https://ncsslabdatamart.sc.egov.usda.gov/datause.aspx,https://doi.org/10.2136/sssaj2019.06.0205,0.21647,2.16257,0.0
232,08516523faf54b704cefe75b568024b8,KSSL.SSL,08516523faf54b704cefe75b568024b8,160942XS,Bruker Vertex 70 with HTS-XT accessory,Bruker_Vertex_70.HTS.XT,XS: finely ground <80 mesh,CC-BY,https://ncsslabdatamart.sc.egov.usda.gov/datause.aspx,https://doi.org/10.2136/sssaj2019.06.0205,0.02519,17.41266,0.16999
233,a90babd6cbaf6abaf30a1f8874c1a7e0,KSSL.SSL,a90babd6cbaf6abaf30a1f8874c1a7e0,222688XS,Bruker Vertex 70 with HTS-XT accessory,Bruker_Vertex_70.HTS.XT,XS: finely ground <80 mesh,CC-BY,https://ncsslabdatamart.sc.egov.usda.gov/datause.aspx,https://doi.org/10.2136/sssaj2019.06.0205,1.73072,7.1823,0.25618
234,455f401321ca53b008a3d0d829078c9a,KSSL.SSL,455f401321ca53b008a3d0d829078c9a,256018XS,Bruker Vertex 70 with HTS-XT accessory,Bruker_Vertex_70.HTS.XT,XS: finely ground <80 mesh,CC-BY,https://ncsslabdatamart.sc.egov.usda.gov/datause.aspx,https://doi.org/10.2136/sssaj2019.06.0205,0.09081,3.76026,0.067
235,152e0e3d76a2df9236b55bc35d890379,KSSL.SSL,152e0e3d76a2df9236b55bc35d890379,297502XS,Bruker Vertex 70 with HTS-XT accessory,Bruker_Vertex_70.HTS.XT,XS: finely ground <80 mesh,CC-BY,https://ncsslabdatamart.sc.egov.usda.gov/datause.aspx,https://doi.org/10.2136/sssaj2019.06.0205,0.22552,1.9557,0.56937
236,dcdf114dec5a225894118f2251a970e6,KSSL.SSL,dcdf114dec5a225894118f2251a970e6,240716XS,Bruker Vertex 70 with HTS-XT accessory,Bruker_Vertex_70.HTS.XT,XS: finely ground <80 mesh,CC-BY,https://ncsslabdatamart.sc.egov.usda.gov/datause.aspx,https://doi.org/10.2136/sssaj2019.06.0205,0.15917,15.30821,2.13353
237,0b90849d880311505e4372a6898d6199,KSSL.SSL,0b90849d880311505e4372a6898d6199,259887XS,Bruker Vertex 70 with HTS-XT accessory,Bruker_Vertex_70.HTS.XT,XS: finely ground <80 mesh,CC-BY,https://ncsslabdatamart.sc.egov.usda.gov/datause.aspx,https://doi.org/10.2136/sssaj2019.06.0205,0.27052,82.4033,1.01281
238,8038ceffffb186b3ffa20196ed1bf07d,KSSL.SSL,8038ceffffb186b3ffa20196ed1bf07d,246481XS,Bruker Vertex 70 with HTS-XT accessory,Bruker_Vertex_70.HTS.XT,XS: finely ground <80 mesh,CC-BY,https://ncsslabdatamart.sc.egov.usda.gov/datause.aspx,https://doi.org/10.2136/sssaj2019.06.0205,0.02033,1.39324,0.2586
239,c834aaa9a67b0de316a58d4d572cdec1,KSSL.SSL,c834aaa9a67b0de316a58d4d572cdec1,153659XS,Bruker Vertex 70 with HTS-XT accessory,Bruker_Vertex_70.HTS.XT,XS: finely ground <80 mesh,CC-BY,https://ncsslabdatamart.sc.egov.usda.gov/datause.aspx,https://doi.org/10.2136/sssaj2019.06.0205,0.77611,32.97114,0.51703
240,3910964fff237758d4fd16af77ce64fe,KSSL.SSL,3910964fff237758d4fd16af77ce64fe,250764XS,Bruker Vertex 70 with HTS-XT accessory,Bruker_Vertex_70.HTS.XT,XS: finely ground <80 mesh,CC-BY,https://ncsslabdatamart.sc.egov.usda.gov/datause.aspx,https://doi.org/10.2136/sssaj2019.06.0205,0.19269,7.32427,0.40376
241,c6f45b2681be191ba7612fad4cf06e53,KSSL.SSL,c6f45b2681be191ba7612fad4cf06e53,64529XS,Bruker Vertex 70 with HTS-XT accessory,Bruker_Vertex_70.HTS.XT,XS: finely ground <80 mesh,CC-BY,https://ncsslabdatamart.sc.egov.usda.gov/datause.aspx,https://doi.org/10.2136/sssaj2019.06.0205,0.2359,6.36417,0.29826
242,15b43b4eb75ce849305904f83de2745b,KSSL.SSL,15b43b4eb75ce849305904f83de2745b,160460XS,Bruker Vertex 70 with HTS-XT accessory,Bruker_Vertex_70.HTS.XT,XS: finely ground <80 mesh,CC-BY,https://ncsslabdatamart.sc.egov.usda.gov/datause.aspx,https://doi.org/10.2136/sssaj2019.06.0205,0.49891,2.97489,0.07015
243,fba21a0b9a6c075fc0913e1beb5d6229,KSSL.SSL,fba21a0b9a6c075fc0913e1beb5d6229,224261XS,Bruker Vertex 70 with HTS-XT accessory,Bruker_Vertex_70.HTS.XT,XS: finely ground <80 mesh,CC-BY,https://ncsslabdatamart.sc.egov.usda.gov/datause.aspx,https://doi.org/10.2136/sssaj2019.06.0205,0.23195,2.34319,2.11868
244,6379d38f962866ec614aa892f965a2c5,KSSL.SSL,6379d38f962866ec614aa892f965a2c5,269112XS,Bruker Vertex 70 with HTS-XT accessory,Bruker_Vertex_70.HTS.XT,XS: finely ground <80 mesh,CC-BY,https://ncsslabdatamart.sc.egov.usda.gov/datause.aspx,https://doi.org/10.2136/sssaj2019.06.0205,0.25766,26.60513,0.42205
245,b27eda04d320bc555570395b5087d784,KSSL.SSL,b27eda04d320bc555570395b5087d784,165901XS,Bruker Vertex 70 with HTS-XT accessory,Bruker_Vertex_70.HTS.XT,XS: finely ground <80 mesh,CC-BY,https://ncsslabdatamart.sc.egov.usda.gov/datause.aspx,https://doi.org/10.2136/sssaj2019.06.0205,0.28616,2.32282,1.22715
246,a7020121ef583d89be2614e54edf4a1e,KSSL.SSL,a7020121ef583d89be2614e54edf4a1e,158183XS,Bruker Vertex 70 with HTS-XT accessory,Bruker_Vertex_70.HTS.XT,XS: finely ground <80 mesh,CC-BY,https://ncsslabdatamart.sc.egov.usda.gov/datause.aspx,https://doi.org/10.2136/sssaj2019.06.0205,0.02504,12.65453,0.06765
247,91ced3c7c03c6cbe8b6cab31c9ff10d5,KSSL.SSL,91ced3c7c03c6cbe8b6cab31c9ff10d5,69216XS,Bruker Vertex 70 with HTS-XT accessory,Bruker_Vertex_70.HTS.XT,XS: finely ground <80 mesh,CC-BY,https://ncsslabdatamart.sc.egov.usda.gov/datause.aspx,https://doi.org/10.2136/sssaj2019.06.0205,0.02888,1.53898,1.54124
248,a2395bac9bf63c1274c454829fab87ae,KSSL.SSL,a2395bac9bf63c1274c454829fab87ae,252671XS,Bruker Vertex 70 with HTS-XT accessory,Bruker_Vertex_70.HTS.XT,XS: finely ground <80 mesh,CC-BY,https://ncsslabdatamart.sc.egov.usda.gov/datause.aspx,https://doi.org/10.2136/sssaj2019.06.0205,0.07203,3.07446,2.54373
249,e08d986f736bdc9383788dc4e6b93528,KSSL.SSL,e08d986f736bdc9383788dc4e6b93528,232328XS,Bruker Vertex 70 with HTS-XT accessory,Bruker_Vertex_70.HTS.XT,XS: finely ground <80 mesh,CC-BY,https://ncsslabdatamart.sc.egov.usda.gov/datause.aspx,https://doi.org/10.2136/sssaj2019.06.0205,0.08278,0.98402,0.57007
250,e8525f8a87831da5de041b8ea9841dfd,KSSL.SSL,e8525f8a87831da5de041b8ea9841dfd,222956XS,Bruker Vertex 70 with HTS-XT accessory,Bruker_Vertex_70.HTS.XT,XS: finely ground <80 mesh,CC-BY,https://ncsslabdatamart.sc.egov.usda.gov/datause.aspx,https://doi.org/10.2136/sssaj2019.06.0205,0.13894,1.47757,0.16459
251,619cd81230d4626b2b144aba9e2e10eb,KSSL.SSL,619cd81230d4626b2b144aba9e2e10eb,263340XS,Bruker Vertex 70 with HTS-XT accessory,Bruker_Vertex_70.HTS.XT,XS: finely ground <80 mesh,CC-BY,https://ncsslabdatamart.sc.egov.usda.gov/datause.aspx,https://doi.org/10.2136/sssaj2019.06.0205,0.37419,17.74923,3.1353
252,72340ddb9581fd1269c3c0c79779720d,KSSL.SSL,72340ddb9581fd1269c3c0c79779720d,247184XS,Bruker Vertex 70 with HTS-XT accessory,Bruker_Vertex_70.HTS.XT,XS: finely ground <80 mesh,CC-BY,https://ncsslabdatamart.sc.egov.usda.gov/datause.aspx,https://doi.org/10.2136/sssaj2019.06.0205,0.17979,27.74149,1.09765
253,072df7a1dec9339c3c7d2fbdf9effa31,KSSL.SSL,072df7a1dec9339c3c7d2fbdf9effa31,153055XS,Bruker Vertex 70 with HTS-XT accessory,Bruker_Vertex_70.HTS.XT,XS: finely ground <80 mesh,CC-BY,https://ncsslabdatamart.sc.egov.usda.gov/datause.aspx,https://doi.org/10.2136/sssaj2019.06.0205,0.43857,3.3617,2.77564
254,b268e08e6255f4aae8dc90fe22c8435f,KSSL.SSL,b268e08e6255f4aae8dc90fe22c8435f,321411XS,Bruker Vertex 70 with HTS-XT accessory,Bruker_Vertex_70.HTS.XT,XS: finely ground <80 mesh,CC-BY,https://ncsslabdatamart.sc.egov.usda.gov/datause.aspx,https://doi.org/10.2136/sssaj2019.06.0205,0.07078,1.17901,0.41104
255,c017dbcb7d506744045409a577d8be20,KSSL.SSL,c017dbcb7d506744045409a577d8be20,244346XS,Bruker Vertex 70 with HTS-XT accessory,Bruker_Vertex_70.HTS.XT,XS: finely ground <80 mesh,CC-BY,https://ncsslabdatamart.sc.egov.usda.gov/datause.aspx,https://doi.org/10.2136/sssaj2019.06.0205,0.99719,12.37615,0.19085
256,204544fd5526e6e0c712a61a34d7352f,KSSL.SSL,204544fd5526e6e0c712a61a34d7352f,260386XS,Bruker Vertex 70 with HTS-XT accessory,Bruker_Vertex_70.HTS.XT,XS: finely ground <80 mesh,CC-BY,https://ncsslabdatamart.sc.egov.usda.gov/datause.aspx,https://doi.org/10.2136/sssaj2019.06.0205,0.14282,19.11703,0.18324
257,cd7f5fef66e69a006c3190b4745dfe76,KSSL.SSL,cd7f5fef66e69a006c3190b4745dfe76,162284XS,Bruker Vertex 70 with HTS-XT accessory,Bruker_Vertex_70.HTS.XT,XS: finely ground <80 mesh,CC-BY,https://ncsslabdatamart.sc.egov.usda.gov/datause.aspx,https://doi.org/10.2136/sssaj2019.06.0205,0.401,0.52584,0.19235
258,18bfc5f8c3df3ed838fa2e39c23a600e,KSSL.SSL,18bfc5f8c3df3ed838fa2e39c23a600e,159209XS,Bruker Vertex 70 with HTS-XT accessory,Bruker_Vertex_70.HTS.XT,XS: finely ground <80 mesh,CC-BY,https://ncsslabdatamart.sc.egov.usda.gov/datause.aspx,https://doi.org/10.2136/sssaj2019.06.0205,0.21438,9.837,0.04634
259,9ec49dadd82d548aa146e79d6e9511a3,KSSL.SSL,9ec49dadd82d548aa146e79d6e9511a3,281623XS,Bruker Vertex 70 with HTS-XT accessory,Bruker_Vertex_70.HTS.XT,XS: finely ground <80 mesh,CC-BY,https://ncsslabdatamart.sc.egov.usda.gov/datause.aspx,https://doi.org/10.2136/sssaj2019.06.0205,0.08086,0.52205,0.44391
260,f7a4ccbd2fd8750c679e43ff313575cd,KSSL.SSL,f7a4ccbd2fd8750c679e43ff313575cd,226235XS,Bruker Vertex 70 with HTS-XT accessory,Bruker_Vertex_70.HTS.XT,XS: finely ground <80 mesh,CC-BY,https://ncsslabdatamart.sc.egov.usda.gov/datause.aspx,https://doi.org/10.2136/sssaj2019.06.0205,0.0418,8.79559,0.24205
261,c0bfbf39baa8d0d7553529066274704e,KSSL.SSL,c0bfbf39baa8d0d7553529066274704e,243659XS,Bruker Vertex 70 with HTS-XT accessory,Bruker_Vertex_70.HTS.XT,XS: finely ground <80 mesh,CC-BY,https://ncsslabdatamart.sc.egov.usda.gov/datause.aspx,https://doi.org/10.2136/sssaj2019.06.0205,0.13529,2.56107,2.64722
262,2838d8b53594bdd8bc7032465f9a7926,KSSL.SSL,2838d8b53594bdd8bc7032465f9a7926,162287XS,Bruker Vertex 70 with HTS-XT accessory,Bruker_Vertex_70.HTS.XT,XS: finely ground <80 mesh,CC-BY,https://ncsslabdatamart.sc.egov.usda.gov/datause.aspx,https://doi.org/10.2136/sssaj2019.06.0205,0.78859,5.72792,0.3304
263,8e75b95f18c63777fa4651d60d1f8330,KSSL.SSL,8e75b95f18c63777fa4651d60d1f8330,159214XS,Bruker Vertex 70 with HTS-XT accessory,Bruker_Vertex_70.HTS.XT,XS: finely ground <80 mesh,CC-BY,https://ncsslabdatamart.sc.egov.usda.gov/datause.aspx,https://doi.org/10.2136/sssaj2019.06.0205,0.20493,2.2617,0.07006
264,de90184cbb51e9c7f8f7debee56ef76e,KSSL.SSL,de90184cbb51e9c7f8f7debee56ef76e,260107XS,Bruker Vertex 70 with HTS-XT accessory,Bruker_Vertex_70.HTS.XT,XS: finely ground <80 mesh,CC-BY,https://ncsslabdatamart.sc.egov.usda.gov/datause.aspx,https://doi.org/10.2136/sssaj2019.06.0205,1.29771,14.88431,0.56309
265,29d23181ffc8d70f77cd6d0d9804c336,KSSL.SSL,29d23181ffc8d70f77cd6d0d9804c336,154329XS,Bruker Vertex 70 with HTS-XT accessory,Bruker_Vertex_70.HTS.XT,XS: finely ground <80 mesh,CC-BY,https://ncsslabdatamart.sc.egov.usda.gov/datause.aspx,https://doi.org/10.2136/sssaj2019.06.0205,0.11377,1.45093,0.04473
266,b09d3df6476c9a2bd1260ed99c316ec1,KSSL.SSL,b09d3df6476c9a2bd1260ed99c316ec1,68201XS,Bruker Vertex 70 with HTS-XT accessory,Bruker_Vertex_70.HTS.XT,XS: finely ground <80 mesh,CC-BY,https://ncsslabdatamart.sc.egov.usda.gov/datause.aspx,https://doi.org/10.2136/sssaj2019.06.0205,0.02945,1.66747,0.15838
267,5ed1afe3bc164cfa0df02fe3cc928f49,KSSL.SSL,5ed1afe3bc164cfa0df02fe3cc928f49,68256XS,Bruker Vertex 70 with HTS-XT accessory,Bruker_Vertex_70.HTS.XT,XS: finely ground <80 mesh,CC-BY,https://ncsslabdatamart.sc.egov.usda.gov/datause.aspx,https://doi.org/10.2136/sssaj2019.06.0205,0.06286,8.66211,0.36249
268,7fa6a7587f8e77afc3d006721ea76ade,KSSL.SSL,7fa6a7587f8e77afc3d006721ea76ade,268358XN,Bruker Vertex 70 with HTS-XT accessory,Bruker_Vertex_70.HTS.XT,XN: finely ground <80 mesh,CC-BY,https://ncsslabdatamart.sc.egov.usda.gov/datause.aspx,https://doi.org/10.2136/sssaj2019.06.0205,0.1917,2.63475,0.17691
269,b70c21908127a922dbd4ce4005f413fb,KSSL.SSL,b70c21908127a922dbd4ce4005f413fb,226283XS,Bruker Vertex 70 with HTS-XT accessory,Bruker_Vertex_70.HTS.XT,XS: finely ground <80 mesh,CC-BY,https://ncsslabdatamart.sc.egov.usda.gov/datause.aspx,https://doi.org/10.2136/sssaj2019.06.0205,0.12557,2.97315,0.35342
270,3d2e01065bf7fdc0037423f929aff5f5,KSSL.SSL,3d2e01065bf7fdc0037423f929aff5f5,262819XS,Bruker Vertex 70 with HTS-XT accessory,Bruker_Vertex_70.HTS.XT,XS: finely ground <80 mesh,CC-BY,https://ncsslabdatamart.sc.egov.usda.gov/datause.aspx,https://doi.org/10.2136/sssaj2019.06.0205,3.51363,4.32996,0.20465
271,e3e665ce13a14a5da8c3572c2f43169b,KSSL.SSL,e3e665ce13a14a5da8c3572c2f43169b,152980XS,Bruker Vertex 70 with HTS-XT accessory,Bruker_Vertex_70.HTS.XT,XS: finely ground <80 mesh,CC-BY,https://ncsslabdatamart.sc.egov.usda.gov/datause.aspx,https://doi.org/10.2136/sssaj2019.06.0205,0.08577,3.79471,0.59319
272,523342aa103321af85032763d2b94abb,KSSL.SSL,523342aa103321af85032763d2b94abb,255671XS,Bruker Vertex 70 with HTS-XT accessory,Bruker_Vertex_70.HTS.XT,XS: finely ground <80 mesh,CC-BY,https://ncsslabdatamart.sc.egov.usda.gov/datause.aspx,https://doi.org/10.2136/sssaj2019.06.0205,2.42742,2.6583,1.47004
273,29455cc8eae37cf1072b8b26636f85b0,LUCAS.WOODWELL.SSL,29455cc8eae37cf1072b8b26636f85b0,12002,Bruker Vertex 70 with with PikeAutoDiff accessory,Bruker_Vertex_70.PikeAutoDiff,,CC-BY,https://creativecommons.org/licenses/by/4.0/,https://doi.org/10.3390/s20236729,0.19,59.7,1.49828635735843
274,c1baec638c1045b2bb99d6f54c73e8a0,KSSL.SSL,c1baec638c1045b2bb99d6f54c73e8a0,255361XS,Bruker Vertex 70 with HTS-XT accessory,Bruker_Vertex_70.HTS.XT,XS: finely ground <80 mesh,CC-BY,https://ncsslabdatamart.sc.egov.usda.gov/datause.aspx,https://doi.org/10.2136/sssaj2019.06.0205,0.11377,37.72046,2.79539
275,e6d35ed6f409d4e1cdceb6bc00f448f5,KSSL.SSL,e6d35ed6f409d4e1cdceb6bc00f448f5,251405XS,Bruker Vertex 70 with HTS-XT accessory,Bruker_Vertex_70.HTS.XT,XS: finely ground <80 mesh,CC-BY,https://ncsslabdatamart.sc.egov.usda.gov/datause.aspx,https://doi.org/10.2136/sssaj2019.06.0205,0.02034,23.78419,0.29121
276,998094ed90a808b94d42d257fc1f8c27,KSSL.SSL,998094ed90a808b94d42d257fc1f8c27,255341XS,Bruker Vertex 70 with HTS-XT accessory,Bruker_Vertex_70.HTS.XT,XS: finely ground <80 mesh,CC-BY,https://ncsslabdatamart.sc.egov.usda.gov/datause.aspx,https://doi.org/10.2136/sssaj2019.06.0205,0.64527,21.70527,5.449
277,48a2251751dc4d72463945b3fd5966d2,KSSL.SSL,48a2251751dc4d72463945b3fd5966d2,251238XS,Bruker Vertex 70 with HTS-XT accessory,Bruker_Vertex_70.HTS.XT,XS: finely ground <80 mesh,CC-BY,https://ncsslabdatamart.sc.egov.usda.gov/datause.aspx,https://doi.org/10.2136/sssaj2019.06.0205,0.42893,20.51097,0.0
278,8cfcebdbeb273ea9e5ad1befc26f6529,KSSL.SSL,8cfcebdbeb273ea9e5ad1befc26f6529,168464XS,Bruker Vertex 70 with HTS-XT accessory,Bruker_Vertex_70.HTS.XT,XS: finely ground <80 mesh,CC-BY,https://ncsslabdatamart.sc.egov.usda.gov/datause.aspx,https://doi.org/10.2136/sssaj2019.06.0205,0.0,1.00085,0.26327
279,ebcd27f2c8751067973379b27ec051e3,KSSL.SSL,ebcd27f2c8751067973379b27ec051e3,154416XS,Bruker Vertex 70 with HTS-XT accessory,Bruker_Vertex_70.HTS.XT,XS: finely ground <80 mesh,CC-BY,https://ncsslabdatamart.sc.egov.usda.gov/datause.aspx,https://doi.org/10.2136/sssaj2019.06.0205,0.31703,9.44286,0.5778
280,6af48ceed55cee4a5d8d30974d286fd3,KSSL.SSL,6af48ceed55cee4a5d8d30974d286fd3,236831XS,Bruker Vertex 70 with HTS-XT accessory,Bruker_Vertex_70.HTS.XT,XS: finely ground <80 mesh,CC-BY,https://ncsslabdatamart.sc.egov.usda.gov/datause.aspx,https://doi.org/10.2136/sssaj2019.06.0205,0.04787,1.18875,0.0
281,0c18c20646f9c12e134b58694d80ac6f,KSSL.SSL,0c18c20646f9c12e134b58694d80ac6f,295461XN,Bruker Vertex 70 with HTS-XT accessory,Bruker_Vertex_70.HTS.XT,XN: finely ground <80 mesh,CC-BY,https://ncsslabdatamart.sc.egov.usda.gov/datause.aspx,https://doi.org/10.2136/sssaj2019.06.0205,0.11237,6.46371,0.37687
282,5c8bbc93a0158668272fb9ee6cc266fb,KSSL.SSL,5c8bbc93a0158668272fb9ee6cc266fb,256259XS,Bruker Vertex 70 with HTS-XT accessory,Bruker_Vertex_70.HTS.XT,XS: finely ground <80 mesh,CC-BY,https://ncsslabdatamart.sc.egov.usda.gov/datause.aspx,https://doi.org/10.2136/sssaj2019.06.0205,0.32417,25.13249,0.25419
283,2a99ffded85744370b107aecb555b71f,KSSL.SSL,2a99ffded85744370b107aecb555b71f,192188XS,Bruker Vertex 70 with HTS-XT accessory,Bruker_Vertex_70.HTS.XT,XS: finely ground <80 mesh,CC-BY,https://ncsslabdatamart.sc.egov.usda.gov/datause.aspx,https://doi.org/10.2136/sssaj2019.06.0205,0.00306,1.19521,0.37041
284,4fbe75a861568cd10e5c3909c3be6b6d,LUCAS.WOODWELL.SSL,4fbe75a861568cd10e5c3909c3be6b6d,12106,Bruker Vertex 70 with with PikeAutoDiff accessory,Bruker_Vertex_70.PikeAutoDiff,,CC-BY,https://creativecommons.org/licenses/by/4.0/,https://doi.org/10.3390/s20236729,0.11,0.0,1.64816614660596
285,66973d35c14392d690cc93cf1b9e8306,KSSL.SSL,66973d35c14392d690cc93cf1b9e8306,161560XS,Bruker Vertex 70 with HTS-XT accessory,Bruker_Vertex_70.HTS.XT,XS: finely ground <80 mesh,CC-BY,https://ncsslabdatamart.sc.egov.usda.gov/datause.aspx,https://doi.org/10.2136/sssaj2019.06.0205,1.77589,2.40924,1.64808
286,fd600db4bffa3203140536951e98429e,KSSL.SSL,fd600db4bffa3203140536951e98429e,67647XS,Bruker Vertex 70 with HTS-XT accessory,Bruker_Vertex_70.HTS.XT,XS: finely ground <80 mesh,CC-BY,https://ncsslabdatamart.sc.egov.usda.gov/datause.aspx,https://doi.org/10.2136/sssaj2019.06.0205,0.71694,4.3913,0.60029
287,2db2985a5a4e1c26188177f33319d7a8,KSSL.SSL,2db2985a5a4e1c26188177f33319d7a8,64249XS,Bruker Vertex 70 with HTS-XT accessory,Bruker_Vertex_70.HTS.XT,XS: finely ground <80 mesh,CC-BY,https://ncsslabdatamart.sc.egov.usda.gov/datause.aspx,https://doi.org/10.2136/sssaj2019.06.0205,0.01616,0.69879,0.28966
288,9d3ea990c16c0dcea361b28113f5c9bd,KSSL.SSL,9d3ea990c16c0dcea361b28113f5c9bd,65448XS,Bruker Vertex 70 with HTS-XT accessory,Bruker_Vertex_70.HTS.XT,XS: finely ground <80 mesh,CC-BY,https://ncsslabdatamart.sc.egov.usda.gov/datause.aspx,https://doi.org/10.2136/sssaj2019.06.0205,0.01418,2.2257,0.0
289,68456d5f832f6d951ef6ba1a3cc9f49a,KSSL.SSL,68456d5f832f6d951ef6ba1a3cc9f49a,252728XS,Bruker Vertex 70 with HTS-XT accessory,Bruker_Vertex_70.HTS.XT,XS: finely ground <80 mesh,CC-BY,https://ncsslabdatamart.sc.egov.usda.gov/datause.aspx,https://doi.org/10.2136/sssaj2019.06.0205,1.91017,1.81744,0.0
290,2f5a749e92589fd18b41533e81008550,KSSL.SSL,2f5a749e92589fd18b41533e81008550,275019XS,Bruker Vertex 70 with HTS-XT accessory,Bruker_Vertex_70.HTS.XT,XS: finely ground <80 mesh,CC-BY,https://ncsslabdatamart.sc.egov.usda.gov/datause.aspx,https://doi.org/10.2136/sssaj2019.06.0205,0.05005,1.70069,0.0
291,b90ba3f655313e010db7cdfc03c6121c,KSSL.SSL,b90ba3f655313e010db7cdfc03c6121c,239265XS,Bruker Vertex 70 with HTS-XT accessory,Bruker_Vertex_70.HTS.XT,XS: finely ground <80 mesh,CC-BY,https://ncsslabdatamart.sc.egov.usda.gov/datause.aspx,https://doi.org/10.2136/sssaj2019.06.0205,0.05154,3.49304,0.53652
292,45b502bad51f2f871bded3c4dcc84ef6,KSSL.SSL,45b502bad51f2f871bded3c4dcc84ef6,222675XS,Bruker Vertex 70 with HTS-XT accessory,Bruker_Vertex_70.HTS.XT,XS: finely ground <80 mesh,CC-BY,https://ncsslabdatamart.sc.egov.usda.gov/datause.aspx,https://doi.org/10.2136/sssaj2019.06.0205,0.20092,6.14335,0.2099
293,ef60208e20ec4b1dfdc3e1f7ddd198d7,KSSL.SSL,ef60208e20ec4b1dfdc3e1f7ddd198d7,157285XS,Bruker Vertex 70 with HTS-XT accessory,Bruker_Vertex_70.HTS.XT,XS: finely ground <80 mesh,CC-BY,https://ncsslabdatamart.sc.egov.usda.gov/datause.aspx,https://doi.org/10.2136/sssaj2019.06.0205,2.14753,1.45344,0.0
294,38546557f57c94cc89b5f9e6dd4cb3e8,KSSL.SSL,38546557f57c94cc89b5f9e6dd4cb3e8,269499XS,Bruker Vertex 70 with HTS-XT accessory,Bruker_Vertex_70.HTS.XT,XS: finely ground <80 mesh,CC-BY,https://ncsslabdatamart.sc.egov.usda.gov/datause.aspx,https://doi.org/10.2136/sssaj2019.06.0205,0.93521,7.63696,0.58886
295,c96565d7dd852854b59bd74b57f5c9c2,KSSL.SSL,c96565d7dd852854b59bd74b57f5c9c2,253484XS,Bruker Vertex 70 with HTS-XT accessory,Bruker_Vertex_70.HTS.XT,XS: finely ground <80 mesh,CC-BY,https://ncsslabdatamart.sc.egov.usda.gov/datause.aspx,https://doi.org/10.2136/sssaj2019.06.0205,3.27383,0.27523,0.61211
296,0316815cbc802093747eeee9c674fbc2,KSSL.SSL,0316815cbc802093747eeee9c674fbc2,229638XS,Bruker Vertex 70 with HTS-XT accessory,Bruker_Vertex_70.HTS.XT,XS: finely ground <80 mesh,CC-BY,https://ncsslabdatamart.sc.egov.usda.gov/datause.aspx,https://doi.org/10.2136/sssaj2019.06.0205,0.03499,2.83416,0.70478
297,16fcf08fcb514fa9a814ac51d3a701b9,LUCAS.WOODWELL.SSL,16fcf08fcb514fa9a814ac51d3a701b9,11947,Bruker Vertex 70 with with PikeAutoDiff accessory,Bruker_Vertex_70.PikeAutoDiff,,CC-BY,https://creativecommons.org/licenses/by/4.0/,https://doi.org/10.3390/s20236729,0.14,0.0,1.96071410302317
298,6b02e05077591d9a45a3e8179f36018d,KSSL.SSL,6b02e05077591d9a45a3e8179f36018d,251216XS,Bruker Vertex 70 with HTS-XT accessory,Bruker_Vertex_70.HTS.XT,XS: finely ground <80 mesh,CC-BY,https://ncsslabdatamart.sc.egov.usda.gov/datause.aspx,https://doi.org/10.2136/sssaj2019.06.0205,0.26705,5.99365,0.26822
299,33f782d7084f4715fbb743401feb63eb,KSSL.SSL,33f782d7084f4715fbb743401feb63eb,260087XS,Bruker Vertex 70 with HTS-XT accessory,Bruker_Vertex_70.HTS.XT,XS: finely ground <80 mesh,CC-BY,https://ncsslabdatamart.sc.egov.usda.gov/datause.aspx,https://doi.org/10.2136/sssaj2019.06.0205,0.56544,65.3155,2.18654
300,e8b4942f9fc771fc1bef4b80313ab90c,KSSL.SSL,e8b4942f9fc771fc1bef4b80313ab90c,258024XS,Bruker Vertex 70 with HTS-XT accessory,Bruker_Vertex_70.HTS.XT,XS: finely ground <80 mesh,CC-BY,https://ncsslabdatamart.sc.egov.usda.gov/datause.aspx,https://doi.org/10.2136/sssaj2019.06.0205,0.03038,2.094,0.36169
301,c15302e7f67c1d3279d9a244f5b672da,LUCAS.WOODWELL.SSL,c15302e7f67c1d3279d9a244f5b672da,11086,Bruker Vertex 70 with with PikeAutoDiff accessory,Bruker_Vertex_70.PikeAutoDiff,,CC-BY,https://creativecommons.org/licenses/by/4.0/,https://doi.org/10.3390/s20236729,0.21,0.0,0.237863829351885
302,a397b492fc6cdab217e438468859d64c,KSSL.SSL,a397b492fc6cdab217e438468859d64c,256375XS,Bruker Vertex 70 with HTS-XT accessory,Bruker_Vertex_70.HTS.XT,XS: finely ground <80 mesh,CC-BY,https://ncsslabdatamart.sc.egov.usda.gov/datause.aspx,https://doi.org/10.2136/sssaj2019.06.0205,0.14413,1.54221,7.41514
303,a7a61aa23d25763bc591eabb5d3b0375,KSSL.SSL,a7a61aa23d25763bc591eabb5d3b0375,259715XS,Bruker Vertex 70 with HTS-XT accessory,Bruker_Vertex_70.HTS.XT,XS: finely ground <80 mesh,CC-BY,https://ncsslabdatamart.sc.egov.usda.gov/datause.aspx,https://doi.org/10.2136/sssaj2019.06.0205,0.55041,2.96812,0.07333
304,2f70e622d32f2140c60229d60a01557c,KSSL.SSL,2f70e622d32f2140c60229d60a01557c,256376XS,Bruker Vertex 70 with HTS-XT accessory,Bruker_Vertex_70.HTS.XT,XS: finely ground <80 mesh,CC-BY,https://ncsslabdatamart.sc.egov.usda.gov/datause.aspx,https://doi.org/10.2136/sssaj2019.06.0205,0.09112,1.11849,7.76105
305,68a628f080e1d51b72d93462284ee096,KSSL.SSL,68a628f080e1d51b72d93462284ee096,281129XS,Bruker Vertex 70 with HTS-XT accessory,Bruker_Vertex_70.HTS.XT,XS: finely ground <80 mesh,CC-BY,https://ncsslabdatamart.sc.egov.usda.gov/datause.aspx,https://doi.org/10.2136/sssaj2019.06.0205,0.0713,0.0,0.06204
306,0fef8a58a48486e1fe07b242673d1140,KSSL.SSL,0fef8a58a48486e1fe07b242673d1140,183388XS,Bruker Vertex 70 with HTS-XT accessory,Bruker_Vertex_70.HTS.XT,XS: finely ground <80 mesh,CC-BY,https://ncsslabdatamart.sc.egov.usda.gov/datause.aspx,https://doi.org/10.2136/sssaj2019.06.0205,0.32225,0.43613,0.05436
307,b77360781f20f4732a6e1ce7ceeae9a3,KSSL.SSL,b77360781f20f4732a6e1ce7ceeae9a3,65386XS,Bruker Vertex 70 with HTS-XT accessory,Bruker_Vertex_70.HTS.XT,XS: finely ground <80 mesh,CC-BY,https://ncsslabdatamart.sc.egov.usda.gov/datause.aspx,https://doi.org/10.2136/sssaj2019.06.0205,0.09385,3.74363,0.38772
308,be9cda887d5bd07de9da2ac90c233c42,LUCAS.WOODWELL.SSL,be9cda887d5bd07de9da2ac90c233c42,11923,Bruker Vertex 70 with with PikeAutoDiff accessory,Bruker_Vertex_70.PikeAutoDiff,,CC-BY,https://creativecommons.org/licenses/by/4.0/,https://doi.org/10.3390/s20236729,0.21,0.0,0.625095912834416
309,c1c6e67144560cff74045af3c42d451a,LUCAS.WOODWELL.SSL,c1c6e67144560cff74045af3c42d451a,11757,Bruker Vertex 70 with with PikeAutoDiff accessory,Bruker_Vertex_70.PikeAutoDiff,,CC-BY,https://creativecommons.org/licenses/by/4.0/,https://doi.org/10.3390/s20236729,0.22,0.0,1.70238886899586
310,9cf27c079257fc5eeb8597dff385afe2,LUCAS.WOODWELL.SSL,9cf27c079257fc5eeb8597dff385afe2,12025,Bruker Vertex 70 with with PikeAutoDiff accessory,Bruker_Vertex_70.PikeAutoDiff,,CC-BY,https://creativecommons.org/licenses/by/4.0/,https://doi.org/10.3390/s20236729,0.13,86.1,3.20323290193872
311,02a25a0dd1a5f7984277f1f846e89943,LUCAS.WOODWELL.SSL,02a25a0dd1a5f7984277f1f846e89943,12016,Bruker Vertex 70 with with PikeAutoDiff accessory,Bruker_Vertex_70.PikeAutoDiff,,CC-BY,https://creativecommons.org/licenses/by/4.0/,https://doi.org/10.3390/s20236729,0.07,0.0,3.12343342370454
312,acaea9267adf9737ad75fa2d3ff80f4f,KSSL.SSL,acaea9267adf9737ad75fa2d3ff80f4f,248129XS,Bruker Vertex 70 with HTS-XT accessory,Bruker_Vertex_70.HTS.XT,XS: finely ground <80 mesh,CC-BY,https://ncsslabdatamart.sc.egov.usda.gov/datause.aspx,https://doi.org/10.2136/sssaj2019.06.0205,1.10934,0.0,0.26119
313,f0a46a29f7a86081350c9851f4f6c660,LUCAS.WOODWELL.SSL,f0a46a29f7a86081350c9851f4f6c660,11996,Bruker Vertex 70 with with PikeAutoDiff accessory,Bruker_Vertex_70.PikeAutoDiff,,CC-BY,https://creativecommons.org/licenses/by/4.0/,https://doi.org/10.3390/s20236729,0.22,12.3,1.76888843419101
314,12e34c12bdd8ba4185c6f502fbb21b59,GARRETT.SSL,12e34c12bdd8ba4185c6f502fbb21b59,S41004,Bruker Invenio-S with HTS-XT,Bruker_InvenioS_HTS.XT,,CC-BY,https://creativecommons.org/licenses/by/4.0/,https://doi.org/10.6084/m9.figshare.20506587.v2,0.0467238205467372,0.2848333994709,0.0
315,4aa84e5faa7cb0d6e7712639aecddf48,LUCAS.WOODWELL.SSL,4aa84e5faa7cb0d6e7712639aecddf48,11791,Bruker Vertex 70 with with PikeAutoDiff accessory,Bruker_Vertex_70.PikeAutoDiff,,CC-BY,https://creativecommons.org/licenses/by/4.0/,https://doi.org/10.3390/s20236729,0.15,61.0,0.503350555015602
316,89166bac7f9dcd23e7a3aa511dfa4329,LUCAS.WOODWELL.SSL,89166bac7f9dcd23e7a3aa511dfa4329,11161,Bruker Vertex 70 with with PikeAutoDiff accessory,Bruker_Vertex_70.PikeAutoDiff,,CC-BY,https://creativecommons.org/licenses/by/4.0/,https://doi.org/10.3390/s20236729,0.11,23.4,0.0
317,801e7a34979c9469a1a89de957af64af,KSSL.SSL,801e7a34979c9469a1a89de957af64af,281580XS,Bruker Vertex 70 with HTS-XT accessory,Bruker_Vertex_70.HTS.XT,XS: finely ground <80 mesh,CC-BY,https://ncsslabdatamart.sc.egov.usda.gov/datause.aspx,https://doi.org/10.2136/sssaj2019.06.0205,0.296,2.25625,1.0227
318,f432cf44fec117d2e2e2ab38847addac,KSSL.SSL,f432cf44fec117d2e2e2ab38847addac,271692XS,Bruker Vertex 70 with HTS-XT accessory,Bruker_Vertex_70.HTS.XT,XS: finely ground <80 mesh,CC-BY,https://ncsslabdatamart.sc.egov.usda.gov/datause.aspx,https://doi.org/10.2136/sssaj2019.06.0205,0.40588,32.55222,0.28593
319,e87543c78c7d1d5aafdbd82e2b9e4ad9,LUCAS.WOODWELL.SSL,e87543c78c7d1d5aafdbd82e2b9e4ad9,11135,Bruker Vertex 70 with with PikeAutoDiff accessory,Bruker_Vertex_70.PikeAutoDiff,,CC-BY,https://creativecommons.org/licenses/by/4.0/,https://doi.org/10.3390/s20236729,0.08,0.0,0.188756458130851
320,e0f429fe46cdd8be8aa05082390d65b2,KSSL.SSL,e0f429fe46cdd8be8aa05082390d65b2,268390XN,Bruker Vertex 70 with HTS-XT accessory,Bruker_Vertex_70.HTS.XT,XN: finely ground <80 mesh,CC-BY,https://ncsslabdatamart.sc.egov.usda.gov/datause.aspx,https://doi.org/10.2136/sssaj2019.06.0205,0.09062,0.0,0.02314
321,651676511e0ef898ec1189b9bc2de762,KSSL.SSL,651676511e0ef898ec1189b9bc2de762,65349XS,Bruker Vertex 70 with HTS-XT accessory,Bruker_Vertex_70.HTS.XT,XS: finely ground <80 mesh,CC-BY,https://ncsslabdatamart.sc.egov.usda.gov/datause.aspx,https://doi.org/10.2136/sssaj2019.06.0205,0.44528,4.38045,0.13874
322,f4d9df52b482396a97327fa0a88adfca,KSSL.SSL,f4d9df52b482396a97327fa0a88adfca,156987XS,Bruker Vertex 70 with HTS-XT accessory,Bruker_Vertex_70.HTS.XT,XS: finely ground <80 mesh,CC-BY,https://ncsslabdatamart.sc.egov.usda.gov/datause.aspx,https://doi.org/10.2136/sssaj2019.06.0205,1.67898,97.36938,2.71425
323,76679246d9439cf1e56b75b02ec18b67,KSSL.SSL,76679246d9439cf1e56b75b02ec18b67,153145XS,Bruker Vertex 70 with HTS-XT accessory,Bruker_Vertex_70.HTS.XT,XS: finely ground <80 mesh,CC-BY,https://ncsslabdatamart.sc.egov.usda.gov/datause.aspx,https://doi.org/10.2136/sssaj2019.06.0205,0.36052,4.91171,5.49904
324,02d757e2f902c3ac8117434b19dcf71f,KSSL.SSL,02d757e2f902c3ac8117434b19dcf71f,66579XS,Bruker Vertex 70 with HTS-XT accessory,Bruker_Vertex_70.HTS.XT,XS: finely ground <80 mesh,CC-BY,https://ncsslabdatamart.sc.egov.usda.gov/datause.aspx,https://doi.org/10.2136/sssaj2019.06.0205,0.09161,21.34204,3.30482
325,1907feb687168c0cdca818cbb9f3a6a0,KSSL.SSL,1907feb687168c0cdca818cbb9f3a6a0,260731XS,Bruker Vertex 70 with HTS-XT accessory,Bruker_Vertex_70.HTS.XT,XS: finely ground <80 mesh,CC-BY,https://ncsslabdatamart.sc.egov.usda.gov/datause.aspx,https://doi.org/10.2136/sssaj2019.06.0205,1.19982,2.35821,0.27775
326,b42d1ce1ee649818030182524c9084d9,LUCAS.WOODWELL.SSL,b42d1ce1ee649818030182524c9084d9,11121,Bruker Vertex 70 with with PikeAutoDiff accessory,Bruker_Vertex_70.PikeAutoDiff,,CC-BY,https://creativecommons.org/licenses/by/4.0/,https://doi.org/10.3390/s20236729,0.16,0.0,1.08905826384981
327,6d2fbd0b38025ed68fde9bf5e7545676,KSSL.SSL,6d2fbd0b38025ed68fde9bf5e7545676,250545XS,Bruker Vertex 70 with HTS-XT accessory,Bruker_Vertex_70.HTS.XT,XS: finely ground <80 mesh,CC-BY,https://ncsslabdatamart.sc.egov.usda.gov/datause.aspx,https://doi.org/10.2136/sssaj2019.06.0205,0.17105,1.13272,0.0
328,d46663e5ff6e75e4dfa118fa1c2b89f2,KSSL.SSL,d46663e5ff6e75e4dfa118fa1c2b89f2,248271XS,Bruker Vertex 70 with HTS-XT accessory,Bruker_Vertex_70.HTS.XT,XS: finely ground <80 mesh,CC-BY,https://ncsslabdatamart.sc.egov.usda.gov/datause.aspx,https://doi.org/10.2136/sssaj2019.06.0205,0.0806,1.8898,0.04966
329,f3689a5ccd2d534f4bb08465968c5a3c,KSSL.SSL,f3689a5ccd2d534f4bb08465968c5a3c,245703XS,Bruker Vertex 70 with HTS-XT accessory,Bruker_Vertex_70.HTS.XT,XS: finely ground <80 mesh,CC-BY,https://ncsslabdatamart.sc.egov.usda.gov/datause.aspx,https://doi.org/10.2136/sssaj2019.06.0205,0.26648,4.55311,0.02584
330,134267ce6d1628bf9a912936f17da81c,KSSL.SSL,134267ce6d1628bf9a912936f17da81c,276359XS,Bruker Vertex 70 with HTS-XT accessory,Bruker_Vertex_70.HTS.XT,XS: finely ground <80 mesh,CC-BY,https://ncsslabdatamart.sc.egov.usda.gov/datause.aspx,https://doi.org/10.2136/sssaj2019.06.0205,0.08137,0.72654,0.09781
331,49092e4ad273ff2f5fac74786feda0be,KSSL.SSL,49092e4ad273ff2f5fac74786feda0be,150533XS,Bruker Vertex 70 with HTS-XT accessory,Bruker_Vertex_70.HTS.XT,XS: finely ground <80 mesh,CC-BY,https://ncsslabdatamart.sc.egov.usda.gov/datause.aspx,https://doi.org/10.2136/sssaj2019.06.0205,0.03517,0.40672,0.45662
332,1bd9bda1ba0790993d83482bfef86da5,LUCAS.WOODWELL.SSL,1bd9bda1ba0790993d83482bfef86da5,11184,Bruker Vertex 70 with with PikeAutoDiff accessory,Bruker_Vertex_70.PikeAutoDiff,,CC-BY,https://creativecommons.org/licenses/by/4.0/,https://doi.org/10.3390/s20236729,0.06,0.0,0.0624072842600644
333,090ae092521d9e1c6500909f6739a050,KSSL.SSL,090ae092521d9e1c6500909f6739a050,248406XS,Bruker Vertex 70 with HTS-XT accessory,Bruker_Vertex_70.HTS.XT,XS: finely ground <80 mesh,CC-BY,https://ncsslabdatamart.sc.egov.usda.gov/datause.aspx,https://doi.org/10.2136/sssaj2019.06.0205,0.30831,40.36429,0.60568
334,667276a2db9fdf7e7d3c4f615603e1ff,KSSL.SSL,667276a2db9fdf7e7d3c4f615603e1ff,254301XS,Bruker Vertex 70 with HTS-XT accessory,Bruker_Vertex_70.HTS.XT,XS: finely ground <80 mesh,CC-BY,https://ncsslabdatamart.sc.egov.usda.gov/datause.aspx,https://doi.org/10.2136/sssaj2019.06.0205,2.37338,369.19509,9.46768
335,2b1f82b96b5fe20da26cf7d671f79b05,KSSL.SSL,2b1f82b96b5fe20da26cf7d671f79b05,253244XS,Bruker Vertex 70 with HTS-XT accessory,Bruker_Vertex_70.HTS.XT,XS: finely ground <80 mesh,CC-BY,https://ncsslabdatamart.sc.egov.usda.gov/datause.aspx,https://doi.org/10.2136/sssaj2019.06.0205,0.26026,2.65309,2.7668
336,26eee500fe39037153c2b7788ecabee2,LUCAS.WOODWELL.SSL,26eee500fe39037153c2b7788ecabee2,11162,Bruker Vertex 70 with with PikeAutoDiff accessory,Bruker_Vertex_70.PikeAutoDiff,,CC-BY,https://creativecommons.org/licenses/by/4.0/,https://doi.org/10.3390/s20236729,0.17,15.0,1.40927924702031
337,a8eca9a6f1a8fbef4bcf2a59e26fcd82,KSSL.SSL,a8eca9a6f1a8fbef4bcf2a59e26fcd82,236980XN,Bruker Vertex 70 with HTS-XT accessory,Bruker_Vertex_70.HTS.XT,XN: finely ground <80 mesh,CC-BY,https://ncsslabdatamart.sc.egov.usda.gov/datause.aspx,https://doi.org/10.2136/sssaj2019.06.0205,0.05652,3.0571,0.04792
338,f81d1fc55054863e067452922f350e01,KSSL.SSL,f81d1fc55054863e067452922f350e01,281593XS,Bruker Vertex 70 with HTS-XT accessory,Bruker_Vertex_70.HTS.XT,XS: finely ground <80 mesh,CC-BY,https://ncsslabdatamart.sc.egov.usda.gov/datause.aspx,https://doi.org/10.2136/sssaj2019.06.0205,1.25113,7.55143,1.13186
339,0a0230f379d82f72d277645fbaec7040,KSSL.SSL,0a0230f379d82f72d277645fbaec7040,169636XS,Bruker Vertex 70 with HTS-XT accessory,Bruker_Vertex_70.HTS.XT,XS: finely ground <80 mesh,CC-BY,https://ncsslabdatamart.sc.egov.usda.gov/datause.aspx,https://doi.org/10.2136/sssaj2019.06.0205,0.55116,40.51334,2.8315
340,cb642067cab47b51cf7b68061a95aaf4,KSSL.SSL,cb642067cab47b51cf7b68061a95aaf4,161692XS,Bruker Vertex 70 with HTS-XT accessory,Bruker_Vertex_70.HTS.XT,XS: finely ground <80 mesh,CC-BY,https://ncsslabdatamart.sc.egov.usda.gov/datause.aspx,https://doi.org/10.2136/sssaj2019.06.0205,0.49568,132.40468,3.49821
341,cdf31644d4f5840f70e9684be56b23e5,KSSL.SSL,cdf31644d4f5840f70e9684be56b23e5,251764XS,Bruker Vertex 70 with HTS-XT accessory,Bruker_Vertex_70.HTS.XT,XS: finely ground <80 mesh,CC-BY,https://ncsslabdatamart.sc.egov.usda.gov/datause.aspx,https://doi.org/10.2136/sssaj2019.06.0205,1.4277,57.87149,7.09238
342,3fd241e7e4bca5c0a0d97a7f6bc706b4,KSSL.SSL,3fd241e7e4bca5c0a0d97a7f6bc706b4,162369XS,Bruker Vertex 70 with HTS-XT accessory,Bruker_Vertex_70.HTS.XT,XS: finely ground <80 mesh,CC-BY,https://ncsslabdatamart.sc.egov.usda.gov/datause.aspx,https://doi.org/10.2136/sssaj2019.06.0205,0.0232,5.56543,0.094
343,e40e038291fc455e20f5b4503af46819,KSSL.SSL,e40e038291fc455e20f5b4503af46819,253336XS,Bruker Vertex 70 with HTS-XT accessory,Bruker_Vertex_70.HTS.XT,XS: finely ground <80 mesh,CC-BY,https://ncsslabdatamart.sc.egov.usda.gov/datause.aspx,https://doi.org/10.2136/sssaj2019.06.0205,0.08187,0.0,0.12495
344,f2725bf160884d12ddb406ad5a3aab43,KSSL.SSL,f2725bf160884d12ddb406ad5a3aab43,256329XS,Bruker Vertex 70 with HTS-XT accessory,Bruker_Vertex_70.HTS.XT,XS: finely ground <80 mesh,CC-BY,https://ncsslabdatamart.sc.egov.usda.gov/datause.aspx,https://doi.org/10.2136/sssaj2019.06.0205,0.06148,6.5992,4.67683
345,2ab1b577303006be62bd47ec2acf7ee7,KSSL.SSL,2ab1b577303006be62bd47ec2acf7ee7,247699XS,Bruker Vertex 70 with HTS-XT accessory,Bruker_Vertex_70.HTS.XT,XS: finely ground <80 mesh,CC-BY,https://ncsslabdatamart.sc.egov.usda.gov/datause.aspx,https://doi.org/10.2136/sssaj2019.06.0205,0.27405,50.4926,1.16147
346,6ccecda6c722fc95376e1e2e36639778,KSSL.SSL,6ccecda6c722fc95376e1e2e36639778,260783XS,Bruker Vertex 70 with HTS-XT accessory,Bruker_Vertex_70.HTS.XT,XS: finely ground <80 mesh,CC-BY,https://ncsslabdatamart.sc.egov.usda.gov/datause.aspx,https://doi.org/10.2136/sssaj2019.06.0205,0.01006,2.62106,0.45411
347,daab472a9752137c6b6a63779153f156,KSSL.SSL,daab472a9752137c6b6a63779153f156,281345XS,Bruker Vertex 70 with HTS-XT accessory,Bruker_Vertex_70.HTS.XT,XS: finely ground <80 mesh,CC-BY,https://ncsslabdatamart.sc.egov.usda.gov/datause.aspx,https://doi.org/10.2136/sssaj2019.06.0205,0.21659,1.4267,0.40974
348,f1e4e04b35f2b0f9a957852df94c8232,KSSL.SSL,f1e4e04b35f2b0f9a957852df94c8232,255343XS,Bruker Vertex 70 with HTS-XT accessory,Bruker_Vertex_70.HTS.XT,XS: finely ground <80 mesh,CC-BY,https://ncsslabdatamart.sc.egov.usda.gov/datause.aspx,https://doi.org/10.2136/sssaj2019.06.0205,1.37003,34.08386,11.88083
349,609be570da9e73d0a037ecc579091d84,KSSL.SSL,609be570da9e73d0a037ecc579091d84,252537XS,Bruker Vertex 70 with HTS-XT accessory,Bruker_Vertex_70.HTS.XT,XS: finely ground <80 mesh,CC-BY,https://ncsslabdatamart.sc.egov.usda.gov/datause.aspx,https://doi.org/10.2136/sssaj2019.06.0205,0.27831,29.60489,0.31734
350,ebb10140bb7c00620a3f22d5620929d5,KSSL.SSL,ebb10140bb7c00620a3f22d5620929d5,321416XS,Bruker Vertex 70 with HTS-XT accessory,Bruker_Vertex_70.HTS.XT,XS: finely ground <80 mesh,CC-BY,https://ncsslabdatamart.sc.egov.usda.gov/datause.aspx,https://doi.org/10.2136/sssaj2019.06.0205,0.13316,0.12714,0.77083
351,27df2652620786fa544eeeb7287f69f1,KSSL.SSL,27df2652620786fa544eeeb7287f69f1,321428XS,Bruker Vertex 70 with HTS-XT accessory,Bruker_Vertex_70.HTS.XT,XS: finely ground <80 mesh,CC-BY,https://ncsslabdatamart.sc.egov.usda.gov/datause.aspx,https://doi.org/10.2136/sssaj2019.06.0205,0.06059,3.42777,0.38353
352,8501f952b5a1ed0b04c047af5345fa66,LUCAS.WOODWELL.SSL,8501f952b5a1ed0b04c047af5345fa66,12191,Bruker Vertex 70 with with PikeAutoDiff accessory,Bruker_Vertex_70.PikeAutoDiff,,CC-BY,https://creativecommons.org/licenses/by/4.0/,https://doi.org/10.3390/s20236729,0.08,0.0,0.712056882704998
353,998dbc24f7ffbc16e4ab6154f68111a8,KSSL.SSL,998dbc24f7ffbc16e4ab6154f68111a8,226776XS,Bruker Vertex 70 with HTS-XT accessory,Bruker_Vertex_70.HTS.XT,XS: finely ground <80 mesh,CC-BY,https://ncsslabdatamart.sc.egov.usda.gov/datause.aspx,https://doi.org/10.2136/sssaj2019.06.0205,0.13413,5.16185,0.19873
354,20ebaa1eec4b6761f19004862438f665,KSSL.SSL,20ebaa1eec4b6761f19004862438f665,322081XS,Bruker Vertex 70 with HTS-XT accessory,Bruker_Vertex_70.HTS.XT,XS: finely ground <80 mesh,CC-BY,https://ncsslabdatamart.sc.egov.usda.gov/datause.aspx,https://doi.org/10.2136/sssaj2019.06.0205,0.07095,0.3649,1.05959
355,38f685cc3a986996000462370fa32cea,KSSL.SSL,38f685cc3a986996000462370fa32cea,55186XS,Bruker Vertex 70 with HTS-XT accessory,Bruker_Vertex_70.HTS.XT,XS: finely ground <80 mesh,CC-BY,https://ncsslabdatamart.sc.egov.usda.gov/datause.aspx,https://doi.org/10.2136/sssaj2019.06.0205,0.04593,4.91845,0.45189
356,561f51dad9198b3984fc31a5f0d33e4c,LUCAS.WOODWELL.SSL,561f51dad9198b3984fc31a5f0d33e4c,12044,Bruker Vertex 70 with with PikeAutoDiff accessory,Bruker_Vertex_70.PikeAutoDiff,,CC-BY,https://creativecommons.org/licenses/by/4.0/,https://doi.org/10.3390/s20236729,0.38,19.2,1.38932937746176
357,ded35db63be8e697119fd9d4f2492569,KSSL.SSL,ded35db63be8e697119fd9d4f2492569,248803XS,Bruker Vertex 70 with HTS-XT accessory,Bruker_Vertex_70.HTS.XT,XS: finely ground <80 mesh,CC-BY,https://ncsslabdatamart.sc.egov.usda.gov/datause.aspx,https://doi.org/10.2136/sssaj2019.06.0205,0.4849,0.42421,0.07256
358,721a77da054f515493a493a2c75ba0cb,KSSL.SSL,721a77da054f515493a493a2c75ba0cb,153950XS,Bruker Vertex 70 with HTS-XT accessory,Bruker_Vertex_70.HTS.XT,XS: finely ground <80 mesh,CC-BY,https://ncsslabdatamart.sc.egov.usda.gov/datause.aspx,https://doi.org/10.2136/sssaj2019.06.0205,4.36294,129.36026,0.8983
359,c2a2a2a3fb1422a4de7c9ee8bc223c93,LUCAS.WOODWELL.SSL,c2a2a2a3fb1422a4de7c9ee8bc223c93,11738,Bruker Vertex 70 with with PikeAutoDiff accessory,Bruker_Vertex_70.PikeAutoDiff,,CC-BY,https://creativecommons.org/licenses/by/4.0/,https://doi.org/10.3390/s20236729,0.22,229.8,4.44268249015295
360,05c96f52dcc1c105b9b5ad6eb5de08d7,KSSL.SSL,05c96f52dcc1c105b9b5ad6eb5de08d7,57318XS,Bruker Vertex 70 with HTS-XT accessory,Bruker_Vertex_70.HTS.XT,XS: finely ground <80 mesh,CC-BY,https://ncsslabdatamart.sc.egov.usda.gov/datause.aspx,https://doi.org/10.2136/sssaj2019.06.0205,0.11104,9.00952,1.077
361,c792621fce64d34c15224e7fa5262a9e,KSSL.SSL,c792621fce64d34c15224e7fa5262a9e,153726XS,Bruker Vertex 70 with HTS-XT accessory,Bruker_Vertex_70.HTS.XT,XS: finely ground <80 mesh,CC-BY,https://ncsslabdatamart.sc.egov.usda.gov/datause.aspx,https://doi.org/10.2136/sssaj2019.06.0205,0.02493,0.2985,0.18655
362,fb33801c30826b5425fa5982d4d61954,LUCAS.WOODWELL.SSL,fb33801c30826b5425fa5982d4d61954,11823,Bruker Vertex 70 with with PikeAutoDiff accessory,Bruker_Vertex_70.PikeAutoDiff,,CC-BY,https://creativecommons.org/licenses/by/4.0/,https://doi.org/10.3390/s20236729,2.44,68.7,3.394547035654
363,dbba82827e13daddc1c8372b3155a8e4,KSSL.SSL,dbba82827e13daddc1c8372b3155a8e4,158609XS,Bruker Vertex 70 with HTS-XT accessory,Bruker_Vertex_70.HTS.XT,XS: finely ground <80 mesh,CC-BY,https://ncsslabdatamart.sc.egov.usda.gov/datause.aspx,https://doi.org/10.2136/sssaj2019.06.0205,1.67152,30.21459,0.76298
364,fa10b1fe9a01f3dbc63a20b26212c703,KSSL.SSL,fa10b1fe9a01f3dbc63a20b26212c703,262825XS,Bruker Vertex 70 with HTS-XT accessory,Bruker_Vertex_70.HTS.XT,XS: finely ground <80 mesh,CC-BY,https://ncsslabdatamart.sc.egov.usda.gov/datause.aspx,https://doi.org/10.2136/sssaj2019.06.0205,0.76642,4.60212,0.09423
365,7fc56a70202a1fa9b164e561318bde24,LUCAS.WOODWELL.SSL,7fc56a70202a1fa9b164e561318bde24,11975,Bruker Vertex 70 with with PikeAutoDiff accessory,Bruker_Vertex_70.PikeAutoDiff,,CC-BY,https://creativecommons.org/licenses/by/4.0/,https://doi.org/10.3390/s20236729,0.17,23.1,0.326359404573124
366,4f7cdfceb223ff1f958c8c4bf6c452f1,KSSL.SSL,4f7cdfceb223ff1f958c8c4bf6c452f1,57330XS,Bruker Vertex 70 with HTS-XT accessory,Bruker_Vertex_70.HTS.XT,XS: finely ground <80 mesh,CC-BY,https://ncsslabdatamart.sc.egov.usda.gov/datause.aspx,https://doi.org/10.2136/sssaj2019.06.0205,0.02004,0.25257,0.02305
367,30db98afaa4ab6328d6419ed52eab8b1,KSSL.SSL,30db98afaa4ab6328d6419ed52eab8b1,154259XS,Bruker Vertex 70 with HTS-XT accessory,Bruker_Vertex_70.HTS.XT,XS: finely ground <80 mesh,CC-BY,https://ncsslabdatamart.sc.egov.usda.gov/datause.aspx,https://doi.org/10.2136/sssaj2019.06.0205,0.40004,2.22462,0.94899
368,162031eea9510545d02ef86dd787661a,KSSL.SSL,162031eea9510545d02ef86dd787661a,179389XS,Bruker Vertex 70 with HTS-XT accessory,Bruker_Vertex_70.HTS.XT,XS: finely ground <80 mesh,CC-BY,https://ncsslabdatamart.sc.egov.usda.gov/datause.aspx,https://doi.org/10.2136/sssaj2019.06.0205,0.19495,2.25771,0.3562
369,ae0aa8379ea579d844caead6a4169c60,LUCAS.WOODWELL.SSL,ae0aa8379ea579d844caead6a4169c60,12142,Bruker Vertex 70 with with PikeAutoDiff accessory,Bruker_Vertex_70.PikeAutoDiff,,CC-BY,https://creativecommons.org/licenses/by/4.0/,https://doi.org/10.3390/s20236729,0.11,0.0,0.747352805770116
370,4c8f8109094a3a6b44274974321cda05,KSSL.SSL,4c8f8109094a3a6b44274974321cda05,165299XS,Bruker Vertex 70 with HTS-XT accessory,Bruker_Vertex_70.HTS.XT,XS: finely ground <80 mesh,CC-BY,https://ncsslabdatamart.sc.egov.usda.gov/datause.aspx,https://doi.org/10.2136/sssaj2019.06.0205,0.01121,0.87984,0.32439
371,04905354e5eb36c8d152a525a1debea5,KSSL.SSL,04905354e5eb36c8d152a525a1debea5,252277XS,Bruker Vertex 70 with HTS-XT accessory,Bruker_Vertex_70.HTS.XT,XS: finely ground <80 mesh,CC-BY,https://ncsslabdatamart.sc.egov.usda.gov/datause.aspx,https://doi.org/10.2136/sssaj2019.06.0205,0.03022,0.14305,0.17282
372,72e4eb97049b5b32e3995b13e6668bdf,KSSL.SSL,72e4eb97049b5b32e3995b13e6668bdf,254098XS,Bruker Vertex 70 with HTS-XT accessory,Bruker_Vertex_70.HTS.XT,XS: finely ground <80 mesh,CC-BY,https://ncsslabdatamart.sc.egov.usda.gov/datause.aspx,https://doi.org/10.2136/sssaj2019.06.0205,0.5622,47.43424,0.91695
373,961d47cf7d10e023c65877bb6930c08b,KSSL.SSL,961d47cf7d10e023c65877bb6930c08b,153704XS,Bruker Vertex 70 with HTS-XT accessory,Bruker_Vertex_70.HTS.XT,XS: finely ground <80 mesh,CC-BY,https://ncsslabdatamart.sc.egov.usda.gov/datause.aspx,https://doi.org/10.2136/sssaj2019.06.0205,0.06003,10.40948,2.64467
374,483de0facc629c3774ed81c7a3bcb2a9,KSSL.SSL,483de0facc629c3774ed81c7a3bcb2a9,64543XS,Bruker Vertex 70 with HTS-XT accessory,Bruker_Vertex_70.HTS.XT,XS: finely ground <80 mesh,CC-BY,https://ncsslabdatamart.sc.egov.usda.gov/datause.aspx,https://doi.org/10.2136/sssaj2019.06.0205,0.06921,1.07381,0.1384
375,004dcd5bf6e4cfe4561fa86e44778c34,KSSL.SSL,004dcd5bf6e4cfe4561fa86e44778c34,260294XS,Bruker Vertex 70 with HTS-XT accessory,Bruker_Vertex_70.HTS.XT,XS: finely ground <80 mesh,CC-BY,https://ncsslabdatamart.sc.egov.usda.gov/datause.aspx,https://doi.org/10.2136/sssaj2019.06.0205,1.54481,10.89992,1.16383
376,f53024430b2f8a708dea7112e607d7fc,KSSL.SSL,f53024430b2f8a708dea7112e607d7fc,308134XS,Bruker Vertex 70 with HTS-XT accessory,Bruker_Vertex_70.HTS.XT,XS: finely ground <80 mesh,CC-BY,https://ncsslabdatamart.sc.egov.usda.gov/datause.aspx,https://doi.org/10.2136/sssaj2019.06.0205,0.06279,12.41511,4.77282
377,a7a0e7efa50464fd2f4bb63acd696b46,KSSL.SSL,a7a0e7efa50464fd2f4bb63acd696b46,152176XS,Bruker Vertex 70 with HTS-XT accessory,Bruker_Vertex_70.HTS.XT,XS: finely ground <80 mesh,CC-BY,https://ncsslabdatamart.sc.egov.usda.gov/datause.aspx,https://doi.org/10.2136/sssaj2019.06.0205,0.04494,0.77443,0.56832
378,accb3de3d04e8d56a10b55eacfa3d99e,KSSL.SSL,accb3de3d04e8d56a10b55eacfa3d99e,245243XS,Bruker Vertex 70 with HTS-XT accessory,Bruker_Vertex_70.HTS.XT,XS: finely ground <80 mesh,CC-BY,https://ncsslabdatamart.sc.egov.usda.gov/datause.aspx,https://doi.org/10.2136/sssaj2019.06.0205,0.08122,1.17136,0.04411
379,7f052c2ecda64235a27751c35dead312,KSSL.SSL,7f052c2ecda64235a27751c35dead312,162288XS,Bruker Vertex 70 with HTS-XT accessory,Bruker_Vertex_70.HTS.XT,XS: finely ground <80 mesh,CC-BY,https://ncsslabdatamart.sc.egov.usda.gov/datause.aspx,https://doi.org/10.2136/sssaj2019.06.0205,0.15666,1.24162,0.13914
380,71b1523d3d1e50abfd901358eb701ee8,LUCAS.WOODWELL.SSL,71b1523d3d1e50abfd901358eb701ee8,12114,Bruker Vertex 70 with with PikeAutoDiff accessory,Bruker_Vertex_70.PikeAutoDiff,,CC-BY,https://creativecommons.org/licenses/by/4.0/,https://doi.org/10.3390/s20236729,0.19,15.4,2.01135607959486
381,3916618534449b5691650a3c6cc3164a,KSSL.SSL,3916618534449b5691650a3c6cc3164a,245794XS,Bruker Vertex 70 with HTS-XT accessory,Bruker_Vertex_70.HTS.XT,XS: finely ground <80 mesh,CC-BY,https://ncsslabdatamart.sc.egov.usda.gov/datause.aspx,https://doi.org/10.2136/sssaj2019.06.0205,0.15302,3.32199,0.02497
382,e946e8215510f8fbb4938449671a7c09,KSSL.SSL,e946e8215510f8fbb4938449671a7c09,249362XS,Bruker Vertex 70 with HTS-XT accessory,Bruker_Vertex_70.HTS.XT,XS: finely ground <80 mesh,CC-BY,https://ncsslabdatamart.sc.egov.usda.gov/datause.aspx,https://doi.org/10.2136/sssaj2019.06.0205,0.0301,1.15727,0.0
383,0aaaa8ef9342c8fa9afe998aff2eeafb,KSSL.SSL,0aaaa8ef9342c8fa9afe998aff2eeafb,156059XS,Bruker Vertex 70 with HTS-XT accessory,Bruker_Vertex_70.HTS.XT,XS: finely ground <80 mesh,CC-BY,https://ncsslabdatamart.sc.egov.usda.gov/datause.aspx,https://doi.org/10.2136/sssaj2019.06.0205,0.14482,13.19111,0.74651
384,86ab59dc3cae5e4c2dbe02fc1937d331,KSSL.SSL,86ab59dc3cae5e4c2dbe02fc1937d331,258947XS,Bruker Vertex 70 with HTS-XT accessory,Bruker_Vertex_70.HTS.XT,XS: finely ground <80 mesh,CC-BY,https://ncsslabdatamart.sc.egov.usda.gov/datause.aspx,https://doi.org/10.2136/sssaj2019.06.0205,1.49215,8.19614,4.94845
385,49d23efa0ea7d49fdacc9eadf3d396f8,KSSL.SSL,49d23efa0ea7d49fdacc9eadf3d396f8,154064XS,Bruker Vertex 70 with HTS-XT accessory,Bruker_Vertex_70.HTS.XT,XS: finely ground <80 mesh,CC-BY,https://ncsslabdatamart.sc.egov.usda.gov/datause.aspx,https://doi.org/10.2136/sssaj2019.06.0205,0.0,1.21247,0.02317
386,b45c6c79944dac733605d6bc6b6f4fb0,KSSL.SSL,b45c6c79944dac733605d6bc6b6f4fb0,261692XS,Bruker Vertex 70 with HTS-XT accessory,Bruker_Vertex_70.HTS.XT,XS: finely ground <80 mesh,CC-BY,https://ncsslabdatamart.sc.egov.usda.gov/datause.aspx,https://doi.org/10.2136/sssaj2019.06.0205,0.25718,27.48742,3.60897
387,6161145fee34bf461d0b081a091bb28a,KSSL.SSL,6161145fee34bf461d0b081a091bb28a,263493XS,Bruker Vertex 70 with HTS-XT accessory,Bruker_Vertex_70.HTS.XT,XS: finely ground <80 mesh,CC-BY,https://ncsslabdatamart.sc.egov.usda.gov/datause.aspx,https://doi.org/10.2136/sssaj2019.06.0205,1.75936,286.27703,3.91767
388,5f5069f3d8d809412086e71225ff7d4d,LUCAS.WOODWELL.SSL,5f5069f3d8d809412086e71225ff7d4d,11935,Bruker Vertex 70 with with PikeAutoDiff accessory,Bruker_Vertex_70.PikeAutoDiff,,CC-BY,https://creativecommons.org/licenses/by/4.0/,https://doi.org/10.3390/s20236729,0.08,0.0,1.43536753798148
389,e384983de4f1b2d51cb7b59eb27bbae3,KSSL.SSL,e384983de4f1b2d51cb7b59eb27bbae3,109023XS,Bruker Vertex 70 with HTS-XT accessory,Bruker_Vertex_70.HTS.XT,XS: finely ground <80 mesh,CC-BY,https://ncsslabdatamart.sc.egov.usda.gov/datause.aspx,https://doi.org/10.2136/sssaj2019.06.0205,1.75353,0.0,0.80578
390,7c2379344f309053a2b0d42be398e8ec,KSSL.SSL,7c2379344f309053a2b0d42be398e8ec,240288XS,Bruker Vertex 70 with HTS-XT accessory,Bruker_Vertex_70.HTS.XT,XS: finely ground <80 mesh,CC-BY,https://ncsslabdatamart.sc.egov.usda.gov/datause.aspx,https://doi.org/10.2136/sssaj2019.06.0205,0.58378,9.58195,0.81765
391,06db6299b5aa1b93bcbb612d03caad29,KSSL.SSL,06db6299b5aa1b93bcbb612d03caad29,251723XS,Bruker Vertex 70 with HTS-XT accessory,Bruker_Vertex_70.HTS.XT,XS: finely ground <80 mesh,CC-BY,https://ncsslabdatamart.sc.egov.usda.gov/datause.aspx,https://doi.org/10.2136/sssaj2019.06.0205,0.06013,0.76523,0.04418
392,40ab1008d36da42328002ceef5438138,KSSL.SSL,40ab1008d36da42328002ceef5438138,245943XS,Bruker Vertex 70 with HTS-XT accessory,Bruker_Vertex_70.HTS.XT,XS: finely ground <80 mesh,CC-BY,https://ncsslabdatamart.sc.egov.usda.gov/datause.aspx,https://doi.org/10.2136/sssaj2019.06.0205,0.05048,1.64916,0.0
393,147e1424b836c2d38545c6f144a7c39a,KSSL.SSL,147e1424b836c2d38545c6f144a7c39a,276393XS,Bruker Vertex 70 with HTS-XT accessory,Bruker_Vertex_70.HTS.XT,XS: finely ground <80 mesh,CC-BY,https://ncsslabdatamart.sc.egov.usda.gov/datause.aspx,https://doi.org/10.2136/sssaj2019.06.0205,0.14114,1.71758,0.50704
394,da5299ca72c11cc26d5a3e7232b2eb4f,KSSL.SSL,da5299ca72c11cc26d5a3e7232b2eb4f,161652XS,Bruker Vertex 70 with HTS-XT accessory,Bruker_Vertex_70.HTS.XT,XS: finely ground <80 mesh,CC-BY,https://ncsslabdatamart.sc.egov.usda.gov/datause.aspx,https://doi.org/10.2136/sssaj2019.06.0205,0.44474,21.68383,0.58195
395,43a8ce25c9fe7259dc2c8444beeccfce,KSSL.SSL,43a8ce25c9fe7259dc2c8444beeccfce,154279XS,Bruker Vertex 70 with HTS-XT accessory,Bruker_Vertex_70.HTS.XT,XS: finely ground <80 mesh,CC-BY,https://ncsslabdatamart.sc.egov.usda.gov/datause.aspx,https://doi.org/10.2136/sssaj2019.06.0205,0.02769,46.6043,0.52452
396,aac07b50590909777f9715f36a247753,KSSL.SSL,aac07b50590909777f9715f36a247753,245138XS,Bruker Vertex 70 with HTS-XT accessory,Bruker_Vertex_70.HTS.XT,XS: finely ground <80 mesh,CC-BY,https://ncsslabdatamart.sc.egov.usda.gov/datause.aspx,https://doi.org/10.2136/sssaj2019.06.0205,1.19353,4.64441,1.6566
397,ac06ea596ccfe41d4a0481fc96572cd5,KSSL.SSL,ac06ea596ccfe41d4a0481fc96572cd5,322065XS,Bruker Vertex 70 with HTS-XT accessory,Bruker_Vertex_70.HTS.XT,XS: finely ground <80 mesh,CC-BY,https://ncsslabdatamart.sc.egov.usda.gov/datause.aspx,https://doi.org/10.2136/sssaj2019.06.0205,0.47865,3.50185,0.93427
398,ebf466745f8e42cabe4848419c508cb7,KSSL.SSL,ebf466745f8e42cabe4848419c508cb7,257504XS,Bruker Vertex 70 with HTS-XT accessory,Bruker_Vertex_70.HTS.XT,XS: finely ground <80 mesh,CC-BY,https://ncsslabdatamart.sc.egov.usda.gov/datause.aspx,https://doi.org/10.2136/sssaj2019.06.0205,0.46962,7.01361,0.04604
399,e7e4527bb67f35ab464185fbdd0cab7a,KSSL.SSL,e7e4527bb67f35ab464185fbdd0cab7a,260735XS,Bruker Vertex 70 with HTS-XT accessory,Bruker_Vertex_70.HTS.XT,XS: finely ground <80 mesh,CC-BY,https://ncsslabdatamart.sc.egov.usda.gov/datause.aspx,https://doi.org/10.2136/sssaj2019.06.0205,3.21196,16.32119,0.64938
400,67d6591db28b558afe72a6f2eaba153f,KSSL.SSL,67d6591db28b558afe72a6f2eaba153f,270086XS,Bruker Vertex 70 with HTS-XT accessory,Bruker_Vertex_70.HTS.XT,XS: finely ground <80 mesh,CC-BY,https://ncsslabdatamart.sc.egov.usda.gov/datause.aspx,https://doi.org/10.2136/sssaj2019.06.0205,0.10391,0.50599,0.58535
401,bec5f8391be1e41c0ad1aa171ac4647e,KSSL.SSL,bec5f8391be1e41c0ad1aa171ac4647e,252148XS,Bruker Vertex 70 with HTS-XT accessory,Bruker_Vertex_70.HTS.XT,XS: finely ground <80 mesh,CC-BY,https://ncsslabdatamart.sc.egov.usda.gov/datause.aspx,https://doi.org/10.2136/sssaj2019.06.0205,0.10521,0.95932,0.3168
402,ba175cb615ffc86bd9229960223793e9,KSSL.SSL,ba175cb615ffc86bd9229960223793e9,257150XS,Bruker Vertex 70 with HTS-XT accessory,Bruker_Vertex_70.HTS.XT,XS: finely ground <80 mesh,CC-BY,https://ncsslabdatamart.sc.egov.usda.gov/datause.aspx,https://doi.org/10.2136/sssaj2019.06.0205,0.04041,1.95372,0.16164
403,0504b575fb20914d5e075693fdbf30ec,LUCAS.WOODWELL.SSL,0504b575fb20914d5e075693fdbf30ec,12078,Bruker Vertex 70 with with PikeAutoDiff accessory,Bruker_Vertex_70.PikeAutoDiff,,CC-BY,https://creativecommons.org/licenses/by/4.0/,https://doi.org/10.3390/s20236729,0.36,42.6,0.414854979794363
404,efd37415e003bb77ce1b1e819e6f4bd6,KSSL.SSL,efd37415e003bb77ce1b1e819e6f4bd6,156089XS,Bruker Vertex 70 with HTS-XT accessory,Bruker_Vertex_70.HTS.XT,XS: finely ground <80 mesh,CC-BY,https://ncsslabdatamart.sc.egov.usda.gov/datause.aspx,https://doi.org/10.2136/sssaj2019.06.0205,0.14135,22.84955,2.57304
405,98eee00d43ddd1c634e9be19751162c8,KSSL.SSL,98eee00d43ddd1c634e9be19751162c8,226634XS,Bruker Vertex 70 with HTS-XT accessory,Bruker_Vertex_70.HTS.XT,XS: finely ground <80 mesh,CC-BY,https://ncsslabdatamart.sc.egov.usda.gov/datause.aspx,https://doi.org/10.2136/sssaj2019.06.0205,0.75731,9.27578,4.64446
406,9af3658164ec460ce982d92510e47012,KSSL.SSL,9af3658164ec460ce982d92510e47012,237103XS,Bruker Vertex 70 with HTS-XT accessory,Bruker_Vertex_70.HTS.XT,XS: finely ground <80 mesh,CC-BY,https://ncsslabdatamart.sc.egov.usda.gov/datause.aspx,https://doi.org/10.2136/sssaj2019.06.0205,0.70043,5.58403,3.44489
407,bab4fb9242f27adcfb5b11383b58a4ec,KSSL.SSL,bab4fb9242f27adcfb5b11383b58a4ec,256295XS,Bruker Vertex 70 with HTS-XT accessory,Bruker_Vertex_70.HTS.XT,XS: finely ground <80 mesh,CC-BY,https://ncsslabdatamart.sc.egov.usda.gov/datause.aspx,https://doi.org/10.2136/sssaj2019.06.0205,0.21264,111.27444,2.11744
408,d269ff31a6c76da779fc9f631a460ea8,LUCAS.WOODWELL.SSL,d269ff31a6c76da779fc9f631a460ea8,11906,Bruker Vertex 70 with with PikeAutoDiff accessory,Bruker_Vertex_70.PikeAutoDiff,,CC-BY,https://creativecommons.org/licenses/by/4.0/,https://doi.org/10.3390/s20236729,2.99,16.4,0.539158013197606
409,c4ff6b05f922aabed7c78f9ebefeef81,KSSL.SSL,c4ff6b05f922aabed7c78f9ebefeef81,240384XS,Bruker Vertex 70 with HTS-XT accessory,Bruker_Vertex_70.HTS.XT,XS: finely ground <80 mesh,CC-BY,https://ncsslabdatamart.sc.egov.usda.gov/datause.aspx,https://doi.org/10.2136/sssaj2019.06.0205,0.10085,8.88769,7.11176
410,245d4926c09c1d83e96c5348ac4da8b8,KSSL.SSL,245d4926c09c1d83e96c5348ac4da8b8,157846XS,Bruker Vertex 70 with HTS-XT accessory,Bruker_Vertex_70.HTS.XT,XS: finely ground <80 mesh,CC-BY,https://ncsslabdatamart.sc.egov.usda.gov/datause.aspx,https://doi.org/10.2136/sssaj2019.06.0205,0.04907,24.31554,0.56389
411,3266875b337ee03a742a5a7033da1679,KSSL.SSL,3266875b337ee03a742a5a7033da1679,253848XS,Bruker Vertex 70 with HTS-XT accessory,Bruker_Vertex_70.HTS.XT,XS: finely ground <80 mesh,CC-BY,https://ncsslabdatamart.sc.egov.usda.gov/datause.aspx,https://doi.org/10.2136/sssaj2019.06.0205,2.69476,0.58515,0.04446
412,67810b2eabdac1ebfb0be57a778972f9,KSSL.SSL,67810b2eabdac1ebfb0be57a778972f9,253043XS,Bruker Vertex 70 with HTS-XT accessory,Bruker_Vertex_70.HTS.XT,XS: finely ground <80 mesh,CC-BY,https://ncsslabdatamart.sc.egov.usda.gov/datause.aspx,https://doi.org/10.2136/sssaj2019.06.0205,0.05068,120.67558,0.29642
413,a45ea1b8847e988eccb4e35e9155cae9,KSSL.SSL,a45ea1b8847e988eccb4e35e9155cae9,257258XS,Bruker Vertex 70 with HTS-XT accessory,Bruker_Vertex_70.HTS.XT,XS: finely ground <80 mesh,CC-BY,https://ncsslabdatamart.sc.egov.usda.gov/datause.aspx,https://doi.org/10.2136/sssaj2019.06.0205,0.18199,18.16867,3.53961
414,34bf2cef6025ea82c3e6aa79622fe546,KSSL.SSL,34bf2cef6025ea82c3e6aa79622fe546,255031XS,Bruker Vertex 70 with HTS-XT accessory,Bruker_Vertex_70.HTS.XT,XS: finely ground <80 mesh,CC-BY,https://ncsslabdatamart.sc.egov.usda.gov/datause.aspx,https://doi.org/10.2136/sssaj2019.06.0205,0.62138,18.82633,1.07018
415,c5786344a8066f1a8ea722fb3fd200dd,KSSL.SSL,c5786344a8066f1a8ea722fb3fd200dd,252666XS,Bruker Vertex 70 with HTS-XT accessory,Bruker_Vertex_70.HTS.XT,XS: finely ground <80 mesh,CC-BY,https://ncsslabdatamart.sc.egov.usda.gov/datause.aspx,https://doi.org/10.2136/sssaj2019.06.0205,0.08299,59.019,7.43387
416,b5b65bdd231ee238d8f112d9c5f0b17f,KSSL.SSL,b5b65bdd231ee238d8f112d9c5f0b17f,175171XS,Bruker Vertex 70 with HTS-XT accessory,Bruker_Vertex_70.HTS.XT,XS: finely ground <80 mesh,CC-BY,https://ncsslabdatamart.sc.egov.usda.gov/datause.aspx,https://doi.org/10.2136/sssaj2019.06.0205,0.13108,0.18237,0.88346
417,602825da4dc9ec9287192ded60f8b416,KSSL.SSL,602825da4dc9ec9287192ded60f8b416,263378XS,Bruker Vertex 70 with HTS-XT accessory,Bruker_Vertex_70.HTS.XT,XS: finely ground <80 mesh,CC-BY,https://ncsslabdatamart.sc.egov.usda.gov/datause.aspx,https://doi.org/10.2136/sssaj2019.06.0205,0.2948,23.65227,3.91516
418,f11fab7c10b478b6c334f0cbff36d95e,KSSL.SSL,f11fab7c10b478b6c334f0cbff36d95e,46296XS,Bruker Vertex 70 with HTS-XT accessory,Bruker_Vertex_70.HTS.XT,XS: finely ground <80 mesh,CC-BY,https://ncsslabdatamart.sc.egov.usda.gov/datause.aspx,https://doi.org/10.2136/sssaj2019.06.0205,0.07587,19.03862,0.3035
419,ba0f8f76f37aade282b17f5db380dfad,LUCAS.WOODWELL.SSL,ba0f8f76f37aade282b17f5db380dfad,12108,Bruker Vertex 70 with with PikeAutoDiff accessory,Bruker_Vertex_70.PikeAutoDiff,,CC-BY,https://creativecommons.org/licenses/by/4.0/,https://doi.org/10.3390/s20236729,0.22,75.1,1.23944958821423
420,f007d24039ca3224069368bb055313f4,KSSL.SSL,f007d24039ca3224069368bb055313f4,246150XS,Bruker Vertex 70 with HTS-XT accessory,Bruker_Vertex_70.HTS.XT,XS: finely ground <80 mesh,CC-BY,https://ncsslabdatamart.sc.egov.usda.gov/datause.aspx,https://doi.org/10.2136/sssaj2019.06.0205,0.65719,11.66306,0.3821
421,aafa5bd3e4dea2030fddc763c9c54454,KSSL.SSL,aafa5bd3e4dea2030fddc763c9c54454,268412XN,Bruker Vertex 70 with HTS-XT accessory,Bruker_Vertex_70.HTS.XT,XN: finely ground <80 mesh,CC-BY,https://ncsslabdatamart.sc.egov.usda.gov/datause.aspx,https://doi.org/10.2136/sssaj2019.06.0205,0.13123,108.46928,0.49951
422,f3c8f6acae530278cabbc465684cc8d7,KSSL.SSL,f3c8f6acae530278cabbc465684cc8d7,161567XS,Bruker Vertex 70 with HTS-XT accessory,Bruker_Vertex_70.HTS.XT,XS: finely ground <80 mesh,CC-BY,https://ncsslabdatamart.sc.egov.usda.gov/datause.aspx,https://doi.org/10.2136/sssaj2019.06.0205,0.19144,3.33998,1.34478
423,20e80a2a91522646bdf58f7eb95960b6,KSSL.SSL,20e80a2a91522646bdf58f7eb95960b6,244291XS,Bruker Vertex 70 with HTS-XT accessory,Bruker_Vertex_70.HTS.XT,XS: finely ground <80 mesh,CC-BY,https://ncsslabdatamart.sc.egov.usda.gov/datause.aspx,https://doi.org/10.2136/sssaj2019.06.0205,0.84623,4.44866,1.2566
424,98e5d99f5a2fba554f2fbb35ea3659eb,KSSL.SSL,98e5d99f5a2fba554f2fbb35ea3659eb,256010XS,Bruker Vertex 70 with HTS-XT accessory,Bruker_Vertex_70.HTS.XT,XS: finely ground <80 mesh,CC-BY,https://ncsslabdatamart.sc.egov.usda.gov/datause.aspx,https://doi.org/10.2136/sssaj2019.06.0205,0.02011,0.79726,0.08764
425,84d0b34fe8fcddc0f92e4db85ae173dd,KSSL.SSL,84d0b34fe8fcddc0f92e4db85ae173dd,281380XS,Bruker Vertex 70 with HTS-XT accessory,Bruker_Vertex_70.HTS.XT,XS: finely ground <80 mesh,CC-BY,https://ncsslabdatamart.sc.egov.usda.gov/datause.aspx,https://doi.org/10.2136/sssaj2019.06.0205,0.15418,1.8527,0.62946
426,019c18212c26d2d950007c6540bedce4,KSSL.SSL,019c18212c26d2d950007c6540bedce4,265786XS,Bruker Vertex 70 with HTS-XT accessory,Bruker_Vertex_70.HTS.XT,XS: finely ground <80 mesh,CC-BY,https://ncsslabdatamart.sc.egov.usda.gov/datause.aspx,https://doi.org/10.2136/sssaj2019.06.0205,0.23568,2.6035,0.56901
427,ffc32ab0b3447ad05889711d5fcec949,KSSL.SSL,ffc32ab0b3447ad05889711d5fcec949,251902XS,Bruker Vertex 70 with HTS-XT accessory,Bruker_Vertex_70.HTS.XT,XS: finely ground <80 mesh,CC-BY,https://ncsslabdatamart.sc.egov.usda.gov/datause.aspx,https://doi.org/10.2136/sssaj2019.06.0205,0.61072,32.4563,0.34006
428,6231bbc9151eb30c4e5f02ccdb1045a4,KSSL.SSL,6231bbc9151eb30c4e5f02ccdb1045a4,280187XS,Bruker Vertex 70 with HTS-XT accessory,Bruker_Vertex_70.HTS.XT,XS: finely ground <80 mesh,CC-BY,https://ncsslabdatamart.sc.egov.usda.gov/datause.aspx,https://doi.org/10.2136/sssaj2019.06.0205,1.42517,12.54844,1.36666
429,6d2078f7aebf286e05ae5f2f3aac738d,KSSL.SSL,6d2078f7aebf286e05ae5f2f3aac738d,252363XS,Bruker Vertex 70 with HTS-XT accessory,Bruker_Vertex_70.HTS.XT,XS: finely ground <80 mesh,CC-BY,https://ncsslabdatamart.sc.egov.usda.gov/datause.aspx,https://doi.org/10.2136/sssaj2019.06.0205,0.35074,15.03239,0.32971
430,bdd9129eba75b1b86c0287ca09478c86,KSSL.SSL,bdd9129eba75b1b86c0287ca09478c86,175109XS,Bruker Vertex 70 with HTS-XT accessory,Bruker_Vertex_70.HTS.XT,XS: finely ground <80 mesh,CC-BY,https://ncsslabdatamart.sc.egov.usda.gov/datause.aspx,https://doi.org/10.2136/sssaj2019.06.0205,0.0,0.38962,0.45346
431,35b63077b23340b6dff05365c20a4e84,KSSL.SSL,35b63077b23340b6dff05365c20a4e84,251817XS,Bruker Vertex 70 with HTS-XT accessory,Bruker_Vertex_70.HTS.XT,XS: finely ground <80 mesh,CC-BY,https://ncsslabdatamart.sc.egov.usda.gov/datause.aspx,https://doi.org/10.2136/sssaj2019.06.0205,0.44606,22.27838,0.42945
432,a55387be0e406d75dd3bc0c4abefd4a6,KSSL.SSL,a55387be0e406d75dd3bc0c4abefd4a6,251378XS,Bruker Vertex 70 with HTS-XT accessory,Bruker_Vertex_70.HTS.XT,XS: finely ground <80 mesh,CC-BY,https://ncsslabdatamart.sc.egov.usda.gov/datause.aspx,https://doi.org/10.2136/sssaj2019.06.0205,0.652,15.90713,0.78549
433,877314426879cb890b4ad4ab1128d9a2,KSSL.SSL,877314426879cb890b4ad4ab1128d9a2,254349XS,Bruker Vertex 70 with HTS-XT accessory,Bruker_Vertex_70.HTS.XT,XS: finely ground <80 mesh,CC-BY,https://ncsslabdatamart.sc.egov.usda.gov/datause.aspx,https://doi.org/10.2136/sssaj2019.06.0205,1.17917,9.59943,2.16921
434,f13486c1fb5def7715becfd4353ba53a,KSSL.SSL,f13486c1fb5def7715becfd4353ba53a,284227XS,Bruker Vertex 70 with HTS-XT accessory,Bruker_Vertex_70.HTS.XT,XS: finely ground <80 mesh,CC-BY,https://ncsslabdatamart.sc.egov.usda.gov/datause.aspx,https://doi.org/10.2136/sssaj2019.06.0205,0.09149,1.72978,0.3704
435,4750c665c02608160da23a7eb130ed74,KSSL.SSL,4750c665c02608160da23a7eb130ed74,281585XS,Bruker Vertex 70 with HTS-XT accessory,Bruker_Vertex_70.HTS.XT,XS: finely ground <80 mesh,CC-BY,https://ncsslabdatamart.sc.egov.usda.gov/datause.aspx,https://doi.org/10.2136/sssaj2019.06.0205,1.49218,10.88379,3.23017
436,747958600ed892535f31f1071bf6c8de,KSSL.SSL,747958600ed892535f31f1071bf6c8de,261705XS,Bruker Vertex 70 with HTS-XT accessory,Bruker_Vertex_70.HTS.XT,XS: finely ground <80 mesh,CC-BY,https://ncsslabdatamart.sc.egov.usda.gov/datause.aspx,https://doi.org/10.2136/sssaj2019.06.0205,0.21873,2.27632,0.25362
437,38b204e2bc629c4f264ad863e08634c8,KSSL.SSL,38b204e2bc629c4f264ad863e08634c8,226286XS,Bruker Vertex 70 with HTS-XT accessory,Bruker_Vertex_70.HTS.XT,XS: finely ground <80 mesh,CC-BY,https://ncsslabdatamart.sc.egov.usda.gov/datause.aspx,https://doi.org/10.2136/sssaj2019.06.0205,0.04843,0.6366,0.04918
438,4c9eb31424f7c22d84a6018275476d1f,KSSL.SSL,4c9eb31424f7c22d84a6018275476d1f,248799XS,Bruker Vertex 70 with HTS-XT accessory,Bruker_Vertex_70.HTS.XT,XS: finely ground <80 mesh,CC-BY,https://ncsslabdatamart.sc.egov.usda.gov/datause.aspx,https://doi.org/10.2136/sssaj2019.06.0205,1.4059,10.31136,0.2576
439,131d481bbb8a8e6df623c62381962981,KSSL.SSL,131d481bbb8a8e6df623c62381962981,163201XS,Bruker Vertex 70 with HTS-XT accessory,Bruker_Vertex_70.HTS.XT,XS: finely ground <80 mesh,CC-BY,https://ncsslabdatamart.sc.egov.usda.gov/datause.aspx,https://doi.org/10.2136/sssaj2019.06.0205,0.00303,0.54264,0.34382
440,05da40be75ccd7e3a3d23d49edeb4547,KSSL.SSL,05da40be75ccd7e3a3d23d49edeb4547,227152XS,Bruker Vertex 70 with HTS-XT accessory,Bruker_Vertex_70.HTS.XT,XS: finely ground <80 mesh,CC-BY,https://ncsslabdatamart.sc.egov.usda.gov/datause.aspx,https://doi.org/10.2136/sssaj2019.06.0205,0.34502,9.65932,1.53553
441,f4468a0d26d762900caa5527662e627b,KSSL.SSL,f4468a0d26d762900caa5527662e627b,258920XS,Bruker Vertex 70 with HTS-XT accessory,Bruker_Vertex_70.HTS.XT,XS: finely ground <80 mesh,CC-BY,https://ncsslabdatamart.sc.egov.usda.gov/datause.aspx,https://doi.org/10.2136/sssaj2019.06.0205,1.74069,1.74026,0.06603
442,7c71e746446ba35cdf6ab3b1f869e27d,KSSL.SSL,7c71e746446ba35cdf6ab3b1f869e27d,227210XS,Bruker Vertex 70 with HTS-XT accessory,Bruker_Vertex_70.HTS.XT,XS: finely ground <80 mesh,CC-BY,https://ncsslabdatamart.sc.egov.usda.gov/datause.aspx,https://doi.org/10.2136/sssaj2019.06.0205,0.32823,17.54811,0.09487
443,086a95bfaad4818ff3c12061d00164c7,KSSL.SSL,086a95bfaad4818ff3c12061d00164c7,156498XS,Bruker Vertex 70 with HTS-XT accessory,Bruker_Vertex_70.HTS.XT,XS: finely ground <80 mesh,CC-BY,https://ncsslabdatamart.sc.egov.usda.gov/datause.aspx,https://doi.org/10.2136/sssaj2019.06.0205,0.32048,36.08381,1.93267
444,46e1cfa27f41ba26190d2478c2c59833,KSSL.SSL,46e1cfa27f41ba26190d2478c2c59833,249601XS,Bruker Vertex 70 with HTS-XT accessory,Bruker_Vertex_70.HTS.XT,XS: finely ground <80 mesh,CC-BY,https://ncsslabdatamart.sc.egov.usda.gov/datause.aspx,https://doi.org/10.2136/sssaj2019.06.0205,0.43364,26.74364,1.82572
445,30b51373acddad3c2e5b6e51dca20089,KSSL.SSL,30b51373acddad3c2e5b6e51dca20089,165902XS,Bruker Vertex 70 with HTS-XT accessory,Bruker_Vertex_70.HTS.XT,XS: finely ground <80 mesh,CC-BY,https://ncsslabdatamart.sc.egov.usda.gov/datause.aspx,https://doi.org/10.2136/sssaj2019.06.0205,0.19374,0.1604,0.64413
446,acdec1cc1ecb1ff3f1e59000c8246fbf,KSSL.SSL,acdec1cc1ecb1ff3f1e59000c8246fbf,254414XS,Bruker Vertex 70 with HTS-XT accessory,Bruker_Vertex_70.HTS.XT,XS: finely ground <80 mesh,CC-BY,https://ncsslabdatamart.sc.egov.usda.gov/datause.aspx,https://doi.org/10.2136/sssaj2019.06.0205,0.11889,160.25788,14.63266
447,7b60d0fe87d35eead47b8b62a58fd621,KSSL.SSL,7b60d0fe87d35eead47b8b62a58fd621,226284XS,Bruker Vertex 70 with HTS-XT accessory,Bruker_Vertex_70.HTS.XT,XS: finely ground <80 mesh,CC-BY,https://ncsslabdatamart.sc.egov.usda.gov/datause.aspx,https://doi.org/10.2136/sssaj2019.06.0205,0.05299,0.6044,0.02386
448,dd910a8d30554dd4bff01e7754b51ecb,KSSL.SSL,dd910a8d30554dd4bff01e7754b51ecb,153873XS,Bruker Vertex 70 with HTS-XT accessory,Bruker_Vertex_70.HTS.XT,XS: finely ground <80 mesh,CC-BY,https://ncsslabdatamart.sc.egov.usda.gov/datause.aspx,https://doi.org/10.2136/sssaj2019.06.0205,0.20349,12.77056,2.19311
449,f854b045673c8575dbf7fac64a58e91d,KSSL.SSL,f854b045673c8575dbf7fac64a58e91d,256369XS,Bruker Vertex 70 with HTS-XT accessory,Bruker_Vertex_70.HTS.XT,XS: finely ground <80 mesh,CC-BY,https://ncsslabdatamart.sc.egov.usda.gov/datause.aspx,https://doi.org/10.2136/sssaj2019.06.0205,0.19529,5.20066,16.70897
450,c6eb847b3c843a0e90f7daa159b57277,KSSL.SSL,c6eb847b3c843a0e90f7daa159b57277,235936XS,Bruker Vertex 70 with HTS-XT accessory,Bruker_Vertex_70.HTS.XT,XS: finely ground <80 mesh,CC-BY,https://ncsslabdatamart.sc.egov.usda.gov/datause.aspx,https://doi.org/10.2136/sssaj2019.06.0205,0.06188,1.27842,0.32973
451,f14d9da41b0ccd2dee11424a4d3f8d84,LUCAS.WOODWELL.SSL,f14d9da41b0ccd2dee11424a4d3f8d84,12197,Bruker Vertex 70 with with PikeAutoDiff accessory,Bruker_Vertex_70.PikeAutoDiff,,CC-BY,https://creativecommons.org/licenses/by/4.0/,https://doi.org/10.3390/s20236729,0.05,40.2,0.158064351117704
452,9e4f62e613cd10b03934f40a71963094,KSSL.SSL,9e4f62e613cd10b03934f40a71963094,69182XS,Bruker Vertex 70 with HTS-XT accessory,Bruker_Vertex_70.HTS.XT,XS: finely ground <80 mesh,CC-BY,https://ncsslabdatamart.sc.egov.usda.gov/datause.aspx,https://doi.org/10.2136/sssaj2019.06.0205,0.09789,1.24813,0.24106
453,593e066e1d75e8691eaf231bd63668bf,KSSL.SSL,593e066e1d75e8691eaf231bd63668bf,157948XS,Bruker Vertex 70 with HTS-XT accessory,Bruker_Vertex_70.HTS.XT,XS: finely ground <80 mesh,CC-BY,https://ncsslabdatamart.sc.egov.usda.gov/datause.aspx,https://doi.org/10.2136/sssaj2019.06.0205,0.07128,3.91969,0.80912
454,18d858b7e5d5fbf5c56e7593c0d56f2d,LUCAS.WOODWELL.SSL,18d858b7e5d5fbf5c56e7593c0d56f2d,11754,Bruker Vertex 70 with with PikeAutoDiff accessory,Bruker_Vertex_70.PikeAutoDiff,,CC-BY,https://creativecommons.org/licenses/by/4.0/,https://doi.org/10.3390/s20236729,0.11,33.3,2.27684280525858
455,a7f951d4a73c1d0a2b3439f054dc3aa9,KSSL.SSL,a7f951d4a73c1d0a2b3439f054dc3aa9,247688XS,Bruker Vertex 70 with HTS-XT accessory,Bruker_Vertex_70.HTS.XT,XS: finely ground <80 mesh,CC-BY,https://ncsslabdatamart.sc.egov.usda.gov/datause.aspx,https://doi.org/10.2136/sssaj2019.06.0205,0.13405,2.91067,0.09484
456,04bda56132ad90c6c3b8a547301b9c6c,LUCAS.WOODWELL.SSL,04bda56132ad90c6c3b8a547301b9c6c,11099,Bruker Vertex 70 with with PikeAutoDiff accessory,Bruker_Vertex_70.PikeAutoDiff,,CC-BY,https://creativecommons.org/licenses/by/4.0/,https://doi.org/10.3390/s20236729,0.15,14.5,1.21847664842191
457,c6ed278073330f624902d93fb7cc0ae4,KSSL.SSL,c6ed278073330f624902d93fb7cc0ae4,251973XS,Bruker Vertex 70 with HTS-XT accessory,Bruker_Vertex_70.HTS.XT,XS: finely ground <80 mesh,CC-BY,https://ncsslabdatamart.sc.egov.usda.gov/datause.aspx,https://doi.org/10.2136/sssaj2019.06.0205,0.14644,4.40783,1.01264
458,c0d852aa784655fbff08215f63d925d0,KSSL.SSL,c0d852aa784655fbff08215f63d925d0,247900XS,Bruker Vertex 70 with HTS-XT accessory,Bruker_Vertex_70.HTS.XT,XS: finely ground <80 mesh,CC-BY,https://ncsslabdatamart.sc.egov.usda.gov/datause.aspx,https://doi.org/10.2136/sssaj2019.06.0205,0.26833,114.73725,2.76078
459,2cb5d07bb04534fc05904da18b499bf7,KSSL.SSL,2cb5d07bb04534fc05904da18b499bf7,158471XS,Bruker Vertex 70 with HTS-XT accessory,Bruker_Vertex_70.HTS.XT,XS: finely ground <80 mesh,CC-BY,https://ncsslabdatamart.sc.egov.usda.gov/datause.aspx,https://doi.org/10.2136/sssaj2019.06.0205,1.55102,2.30418,4.27291
460,bd87f718b19d5d1cc2aa0029ac6072af,KSSL.SSL,bd87f718b19d5d1cc2aa0029ac6072af,248681XS,Bruker Vertex 70 with HTS-XT accessory,Bruker_Vertex_70.HTS.XT,XS: finely ground <80 mesh,CC-BY,https://ncsslabdatamart.sc.egov.usda.gov/datause.aspx,https://doi.org/10.2136/sssaj2019.06.0205,0.22402,15.25595,1.34358
461,d00b9db19387a9bdad3aa3cc5a014587,KSSL.SSL,d00b9db19387a9bdad3aa3cc5a014587,248064XS,Bruker Vertex 70 with HTS-XT accessory,Bruker_Vertex_70.HTS.XT,XS: finely ground <80 mesh,CC-BY,https://ncsslabdatamart.sc.egov.usda.gov/datause.aspx,https://doi.org/10.2136/sssaj2019.06.0205,0.81842,15.94886,3.0468
462,bb138d7f0c586b79f35aeb63ce033836,KSSL.SSL,bb138d7f0c586b79f35aeb63ce033836,280511XS,Bruker Vertex 70 with HTS-XT accessory,Bruker_Vertex_70.HTS.XT,XS: finely ground <80 mesh,CC-BY,https://ncsslabdatamart.sc.egov.usda.gov/datause.aspx,https://doi.org/10.2136/sssaj2019.06.0205,1.58167,0.7657,0.46083
463,fded08c52ae1449d8dc0817f320416c1,KSSL.SSL,fded08c52ae1449d8dc0817f320416c1,257567XS,Bruker Vertex 70 with HTS-XT accessory,Bruker_Vertex_70.HTS.XT,XS: finely ground <80 mesh,CC-BY,https://ncsslabdatamart.sc.egov.usda.gov/datause.aspx,https://doi.org/10.2136/sssaj2019.06.0205,0.13291,0.90651,0.25988
464,26eae548aebe66ca2e0ca87d449b528f,KSSL.SSL,26eae548aebe66ca2e0ca87d449b528f,247716XS,Bruker Vertex 70 with HTS-XT accessory,Bruker_Vertex_70.HTS.XT,XS: finely ground <80 mesh,CC-BY,https://ncsslabdatamart.sc.egov.usda.gov/datause.aspx,https://doi.org/10.2136/sssaj2019.06.0205,0.22352,0.6727,2.2425
465,357f2707aa63c6907c9c3dc27355b641,KSSL.SSL,357f2707aa63c6907c9c3dc27355b641,65401XS,Bruker Vertex 70 with HTS-XT accessory,Bruker_Vertex_70.HTS.XT,XS: finely ground <80 mesh,CC-BY,https://ncsslabdatamart.sc.egov.usda.gov/datause.aspx,https://doi.org/10.2136/sssaj2019.06.0205,0.10447,3.0265,0.02324
466,32d5d32cb9f549bb25e7c356ac40416d,KSSL.SSL,32d5d32cb9f549bb25e7c356ac40416d,155941XS,Bruker Vertex 70 with HTS-XT accessory,Bruker_Vertex_70.HTS.XT,XS: finely ground <80 mesh,CC-BY,https://ncsslabdatamart.sc.egov.usda.gov/datause.aspx,https://doi.org/10.2136/sssaj2019.06.0205,2.84064,6.16672,0.0
467,41b960a82e6ba390acc958352c271736,KSSL.SSL,41b960a82e6ba390acc958352c271736,254431XS,Bruker Vertex 70 with HTS-XT accessory,Bruker_Vertex_70.HTS.XT,XS: finely ground <80 mesh,CC-BY,https://ncsslabdatamart.sc.egov.usda.gov/datause.aspx,https://doi.org/10.2136/sssaj2019.06.0205,0.4854,3.42666,0.04625
468,80b3a495a55e7f77d349b69f0c221536,KSSL.SSL,80b3a495a55e7f77d349b69f0c221536,268398XN,Bruker Vertex 70 with HTS-XT accessory,Bruker_Vertex_70.HTS.XT,XN: finely ground <80 mesh,CC-BY,https://ncsslabdatamart.sc.egov.usda.gov/datause.aspx,https://doi.org/10.2136/sssaj2019.06.0205,0.05138,2.05128,0.71295
469,36d575cc92753a6c41deadd5f88eb97e,KSSL.SSL,36d575cc92753a6c41deadd5f88eb97e,155042XS,Bruker Vertex 70 with HTS-XT accessory,Bruker_Vertex_70.HTS.XT,XS: finely ground <80 mesh,CC-BY,https://ncsslabdatamart.sc.egov.usda.gov/datause.aspx,https://doi.org/10.2136/sssaj2019.06.0205,0.05352,10.3824,1.55041
470,c133a9ed2f32d2ff6be27e1af4172fee,KSSL.SSL,c133a9ed2f32d2ff6be27e1af4172fee,244389XS,Bruker Vertex 70 with HTS-XT accessory,Bruker_Vertex_70.HTS.XT,XS: finely ground <80 mesh,CC-BY,https://ncsslabdatamart.sc.egov.usda.gov/datause.aspx,https://doi.org/10.2136/sssaj2019.06.0205,0.05053,0.30058,0.0493
471,81732ab241b9a870e0544fd1725a4571,KSSL.SSL,81732ab241b9a870e0544fd1725a4571,262776XS,Bruker Vertex 70 with HTS-XT accessory,Bruker_Vertex_70.HTS.XT,XS: finely ground <80 mesh,CC-BY,https://ncsslabdatamart.sc.egov.usda.gov/datause.aspx,https://doi.org/10.2136/sssaj2019.06.0205,0.11308,0.0,0.60366
472,7940e5091003b41403d935bdd026f9ff,KSSL.SSL,7940e5091003b41403d935bdd026f9ff,157902XS,Bruker Vertex 70 with HTS-XT accessory,Bruker_Vertex_70.HTS.XT,XS: finely ground <80 mesh,CC-BY,https://ncsslabdatamart.sc.egov.usda.gov/datause.aspx,https://doi.org/10.2136/sssaj2019.06.0205,0.31614,34.19526,3.16441
473,40dd734300324a9ed64f8ada018f7317,KSSL.SSL,40dd734300324a9ed64f8ada018f7317,248434XS,Bruker Vertex 70 with HTS-XT accessory,Bruker_Vertex_70.HTS.XT,XS: finely ground <80 mesh,CC-BY,https://ncsslabdatamart.sc.egov.usda.gov/datause.aspx,https://doi.org/10.2136/sssaj2019.06.0205,0.65456,59.06656,0.44693
474,611a631f494a5a6faa825381ab29d54c,KSSL.SSL,611a631f494a5a6faa825381ab29d54c,252834XS,Bruker Vertex 70 with HTS-XT accessory,Bruker_Vertex_70.HTS.XT,XS: finely ground <80 mesh,CC-BY,https://ncsslabdatamart.sc.egov.usda.gov/datause.aspx,https://doi.org/10.2136/sssaj2019.06.0205,2.31163,1.03276,0.83699
475,f52127083de5255bdd07bfa5e2f0745b,KSSL.SSL,f52127083de5255bdd07bfa5e2f0745b,246618XS,Bruker Vertex 70 with HTS-XT accessory,Bruker_Vertex_70.HTS.XT,XS: finely ground <80 mesh,CC-BY,https://ncsslabdatamart.sc.egov.usda.gov/datause.aspx,https://doi.org/10.2136/sssaj2019.06.0205,0.04055,3.60686,0.2015
476,2b394cf78bf48f7d5c25b936e5c45822,KSSL.SSL,2b394cf78bf48f7d5c25b936e5c45822,254751XS,Bruker Vertex 70 with HTS-XT accessory,Bruker_Vertex_70.HTS.XT,XS: finely ground <80 mesh,CC-BY,https://ncsslabdatamart.sc.egov.usda.gov/datause.aspx,https://doi.org/10.2136/sssaj2019.06.0205,0.02005,0.0,0.0
477,6341bcabedfe88338a12f8bc71ee3b5a,KSSL.SSL,6341bcabedfe88338a12f8bc71ee3b5a,244166XS,Bruker Vertex 70 with HTS-XT accessory,Bruker_Vertex_70.HTS.XT,XS: finely ground <80 mesh,CC-BY,https://ncsslabdatamart.sc.egov.usda.gov/datause.aspx,https://doi.org/10.2136/sssaj2019.06.0205,0.25444,0.69411,0.02467
478,89e3f4e7a250bc7466e231ce688e1e3f,KSSL.SSL,89e3f4e7a250bc7466e231ce688e1e3f,240413XS,Bruker Vertex 70 with HTS-XT accessory,Bruker_Vertex_70.HTS.XT,XS: finely ground <80 mesh,CC-BY,https://ncsslabdatamart.sc.egov.usda.gov/datause.aspx,https://doi.org/10.2136/sssaj2019.06.0205,0.07267,14.56145,1.67623
479,02fec5e96e4eebd367da315247065b67,KSSL.SSL,02fec5e96e4eebd367da315247065b67,160382XS,Bruker Vertex 70 with HTS-XT accessory,Bruker_Vertex_70.HTS.XT,XS: finely ground <80 mesh,CC-BY,https://ncsslabdatamart.sc.egov.usda.gov/datause.aspx,https://doi.org/10.2136/sssaj2019.06.0205,0.10432,1.39017,1.95024
480,5a0316b63267b981d1bc0d5df901a221,KSSL.SSL,5a0316b63267b981d1bc0d5df901a221,119618XS,Bruker Vertex 70 with HTS-XT accessory,Bruker_Vertex_70.HTS.XT,XS: finely ground <80 mesh,CC-BY,https://ncsslabdatamart.sc.egov.usda.gov/datause.aspx,https://doi.org/10.2136/sssaj2019.06.0205,0.00712,9.802,0.47151
481,5e7294f292f17d31556ae3afef8b2d03,KSSL.SSL,5e7294f292f17d31556ae3afef8b2d03,212225XS,Bruker Vertex 70 with HTS-XT accessory,Bruker_Vertex_70.HTS.XT,XS: finely ground <80 mesh,CC-BY,https://ncsslabdatamart.sc.egov.usda.gov/datause.aspx,https://doi.org/10.2136/sssaj2019.06.0205,0.0,1.47331,0.68622
482,bf11b95afb6f9b5493ec610800ac4496,KSSL.SSL,bf11b95afb6f9b5493ec610800ac4496,251086XS,Bruker Vertex 70 with HTS-XT accessory,Bruker_Vertex_70.HTS.XT,XS: finely ground <80 mesh,CC-BY,https://ncsslabdatamart.sc.egov.usda.gov/datause.aspx,https://doi.org/10.2136/sssaj2019.06.0205,0.05042,0.60569,0.08732
483,61e75ade159042254c326b3a6f1cbf9f,KSSL.SSL,61e75ade159042254c326b3a6f1cbf9f,154368XS,Bruker Vertex 70 with HTS-XT accessory,Bruker_Vertex_70.HTS.XT,XS: finely ground <80 mesh,CC-BY,https://ncsslabdatamart.sc.egov.usda.gov/datause.aspx,https://doi.org/10.2136/sssaj2019.06.0205,0.20973,9.497,2.92519
484,cf432b528eddcbcf41c5fb68a2023d7c,KSSL.SSL,cf432b528eddcbcf41c5fb68a2023d7c,255440XS,Bruker Vertex 70 with HTS-XT accessory,Bruker_Vertex_70.HTS.XT,XS: finely ground <80 mesh,CC-BY,https://ncsslabdatamart.sc.egov.usda.gov/datause.aspx,https://doi.org/10.2136/sssaj2019.06.0205,0.00201,5.81604,0.0
485,7b95246557936f22ed21dcc61e08aa96,KSSL.SSL,7b95246557936f22ed21dcc61e08aa96,246205XS,Bruker Vertex 70 with HTS-XT accessory,Bruker_Vertex_70.HTS.XT,XS: finely ground <80 mesh,CC-BY,https://ncsslabdatamart.sc.egov.usda.gov/datause.aspx,https://doi.org/10.2136/sssaj2019.06.0205,0.06102,8.56461,0.16226
486,15fb8d5b4b2eb82ac63d31e8b0b0ff8c,KSSL.SSL,15fb8d5b4b2eb82ac63d31e8b0b0ff8c,271210XN,Bruker Vertex 70 with HTS-XT accessory,Bruker_Vertex_70.HTS.XT,XN: finely ground <80 mesh,CC-BY,https://ncsslabdatamart.sc.egov.usda.gov/datause.aspx,https://doi.org/10.2136/sssaj2019.06.0205,0.05013,5.0933,0.09877
487,b5d8c012617cefb7c0fec1d9bc2f8332,KSSL.SSL,b5d8c012617cefb7c0fec1d9bc2f8332,158931XS,Bruker Vertex 70 with HTS-XT accessory,Bruker_Vertex_70.HTS.XT,XS: finely ground <80 mesh,CC-BY,https://ncsslabdatamart.sc.egov.usda.gov/datause.aspx,https://doi.org/10.2136/sssaj2019.06.0205,0.01104,8.58188,0.0
488,975cc56be0c665f3c21b8b7fec2e0476,KSSL.SSL,975cc56be0c665f3c21b8b7fec2e0476,251582XS,Bruker Vertex 70 with HTS-XT accessory,Bruker_Vertex_70.HTS.XT,XS: finely ground <80 mesh,CC-BY,https://ncsslabdatamart.sc.egov.usda.gov/datause.aspx,https://doi.org/10.2136/sssaj2019.06.0205,0.1207,7.44894,0.04553
489,ec1b82edcddc47d69d188c30540d39e3,KSSL.SSL,ec1b82edcddc47d69d188c30540d39e3,250611XS,Bruker Vertex 70 with HTS-XT accessory,Bruker_Vertex_70.HTS.XT,XS: finely ground <80 mesh,CC-BY,https://ncsslabdatamart.sc.egov.usda.gov/datause.aspx,https://doi.org/10.2136/sssaj2019.06.0205,0.10113,3.30044,0.04883
490,175a4e03139da31b62f46837093fff0f,LUCAS.WOODWELL.SSL,175a4e03139da31b62f46837093fff0f,11760,Bruker Vertex 70 with with PikeAutoDiff accessory,Bruker_Vertex_70.PikeAutoDiff,,CC-BY,https://creativecommons.org/licenses/by/4.0/,https://doi.org/10.3390/s20236729,0.09,12.0,0.256279093559773
491,fd48c771fd6384ab94d749a99ec15f28,LUCAS.WOODWELL.SSL,fd48c771fd6384ab94d749a99ec15f28,12110,Bruker Vertex 70 with with PikeAutoDiff accessory,Bruker_Vertex_70.PikeAutoDiff,,CC-BY,https://creativecommons.org/licenses/by/4.0/,https://doi.org/10.3390/s20236729,0.16,13.4,0.460893140314083
492,c235796658a302d0ea15c15be743b129,KSSL.SSL,c235796658a302d0ea15c15be743b129,253894XS,Bruker Vertex 70 with HTS-XT accessory,Bruker_Vertex_70.HTS.XT,XS: finely ground <80 mesh,CC-BY,https://ncsslabdatamart.sc.egov.usda.gov/datause.aspx,https://doi.org/10.2136/sssaj2019.06.0205,0.02037,1.05335,0.02296
493,7650ac715e5b60847a65ca2cba0d87cb,KSSL.SSL,7650ac715e5b60847a65ca2cba0d87cb,243678XS,Bruker Vertex 70 with HTS-XT accessory,Bruker_Vertex_70.HTS.XT,XS: finely ground <80 mesh,CC-BY,https://ncsslabdatamart.sc.egov.usda.gov/datause.aspx,https://doi.org/10.2136/sssaj2019.06.0205,0.0627,1.17737,1.82558
494,a0c23bed3af3073d76d157d1573c5d50,KSSL.SSL,a0c23bed3af3073d76d157d1573c5d50,149985XS,Bruker Vertex 70 with HTS-XT accessory,Bruker_Vertex_70.HTS.XT,XS: finely ground <80 mesh,CC-BY,https://ncsslabdatamart.sc.egov.usda.gov/datause.aspx,https://doi.org/10.2136/sssaj2019.06.0205,0.24831,4.72228,1.05747
495,e5bc64945f2328a389210da0f0e26130,KSSL.SSL,e5bc64945f2328a389210da0f0e26130,226630XS,Bruker Vertex 70 with HTS-XT accessory,Bruker_Vertex_70.HTS.XT,XS: finely ground <80 mesh,CC-BY,https://ncsslabdatamart.sc.egov.usda.gov/datause.aspx,https://doi.org/10.2136/sssaj2019.06.0205,0.13812,5.57925,0.24058
496,5bc9c9c2c31c40d61e12f8981c2ebbc0,KSSL.SSL,5bc9c9c2c31c40d61e12f8981c2ebbc0,271209XN,Bruker Vertex 70 with HTS-XT accessory,Bruker_Vertex_70.HTS.XT,XN: finely ground <80 mesh,CC-BY,https://ncsslabdatamart.sc.egov.usda.gov/datause.aspx,https://doi.org/10.2136/sssaj2019.06.0205,0.08087,10.60518,0.32056
497,7bcfdab31984aaab3dd52baaf725e80f,KSSL.SSL,7bcfdab31984aaab3dd52baaf725e80f,259999XS,Bruker Vertex 70 with HTS-XT accessory,Bruker_Vertex_70.HTS.XT,XS: finely ground <80 mesh,CC-BY,https://ncsslabdatamart.sc.egov.usda.gov/datause.aspx,https://doi.org/10.2136/sssaj2019.06.0205,0.01912,2.93718,0.12138
498,620f96b684a7d783ffffb78553ad3c41,LUCAS.WOODWELL.SSL,620f96b684a7d783ffffb78553ad3c41,11761,Bruker Vertex 70 with with PikeAutoDiff accessory,Bruker_Vertex_70.PikeAutoDiff,,CC-BY,https://creativecommons.org/licenses/by/4.0/,https://doi.org/10.3390/s20236729,0.2,0.0,0.905928692004706
499,ac81a6ac56f78b9c94f0837736348b27,KSSL.SSL,ac81a6ac56f78b9c94f0837736348b27,153675XS,Bruker Vertex 70 with HTS-XT accessory,Bruker_Vertex_70.HTS.XT,XS: finely ground <80 mesh,CC-BY,https://ncsslabdatamart.sc.egov.usda.gov/datause.aspx,https://doi.org/10.2136/sssaj2019.06.0205,0.43706,4.75597,1.23429
500,bc43f8ac4abab897c03034d55c7a24af,LUCAS.WOODWELL.SSL,bc43f8ac4abab897c03034d55c7a24af,12136,Bruker Vertex 70 with with PikeAutoDiff accessory,Bruker_Vertex_70.PikeAutoDiff,,CC-BY,https://creativecommons.org/licenses/by/4.0/,https://doi.org/10.3390/s20236729,0.13,46.0,0.851705969614814
501,030a8f0fb1d56991da69b7be99700fd0,KSSL.SSL,030a8f0fb1d56991da69b7be99700fd0,253642XS,Bruker Vertex 70 with HTS-XT accessory,Bruker_Vertex_70.HTS.XT,XS: finely ground <80 mesh,CC-BY,https://ncsslabdatamart.sc.egov.usda.gov/datause.aspx,https://doi.org/10.2136/sssaj2019.06.0205,1.19216,115.44948,0.84816
502,3d731752c3cf67ced9330891dbd87cfb,KSSL.SSL,3d731752c3cf67ced9330891dbd87cfb,246352XS,Bruker Vertex 70 with HTS-XT accessory,Bruker_Vertex_70.HTS.XT,XS: finely ground <80 mesh,CC-BY,https://ncsslabdatamart.sc.egov.usda.gov/datause.aspx,https://doi.org/10.2136/sssaj2019.06.0205,1.3728,2.48907,1.24254
503,e319cef259f9302ff3e9efbecf1dce29,KSSL.SSL,e319cef259f9302ff3e9efbecf1dce29,175187XS,Bruker Vertex 70 with HTS-XT accessory,Bruker_Vertex_70.HTS.XT,XS: finely ground <80 mesh,CC-BY,https://ncsslabdatamart.sc.egov.usda.gov/datause.aspx,https://doi.org/10.2136/sssaj2019.06.0205,0.01973,1.5487,1.1097
504,8de5ed7ecdfc1538d4d33c79d79a9685,KSSL.SSL,8de5ed7ecdfc1538d4d33c79d79a9685,241785XS,Bruker Vertex 70 with HTS-XT accessory,Bruker_Vertex_70.HTS.XT,XS: finely ground <80 mesh,CC-BY,https://ncsslabdatamart.sc.egov.usda.gov/datause.aspx,https://doi.org/10.2136/sssaj2019.06.0205,0.03778,5.46223,0.17424
505,8aa0fba4b13a6c193ed3eca5cf600d9a,KSSL.SSL,8aa0fba4b13a6c193ed3eca5cf600d9a,55059XS,Bruker Vertex 70 with HTS-XT accessory,Bruker_Vertex_70.HTS.XT,XS: finely ground <80 mesh,CC-BY,https://ncsslabdatamart.sc.egov.usda.gov/datause.aspx,https://doi.org/10.2136/sssaj2019.06.0205,0.04429,5.32974,0.40752
506,21038e714647a4a6952d9ed3f00a9eab,KSSL.SSL,21038e714647a4a6952d9ed3f00a9eab,57301XS,Bruker Vertex 70 with HTS-XT accessory,Bruker_Vertex_70.HTS.XT,XS: finely ground <80 mesh,CC-BY,https://ncsslabdatamart.sc.egov.usda.gov/datause.aspx,https://doi.org/10.2136/sssaj2019.06.0205,0.01622,0.46223,0.40701
507,defd2597845faad07a9696748f6f19e0,KSSL.SSL,defd2597845faad07a9696748f6f19e0,152381XS,Bruker Vertex 70 with HTS-XT accessory,Bruker_Vertex_70.HTS.XT,XS: finely ground <80 mesh,CC-BY,https://ncsslabdatamart.sc.egov.usda.gov/datause.aspx,https://doi.org/10.2136/sssaj2019.06.0205,0.53183,29.68292,0.30809
508,e5b812911624933cd779080951dc2676,KSSL.SSL,e5b812911624933cd779080951dc2676,322085XS,Bruker Vertex 70 with HTS-XT accessory,Bruker_Vertex_70.HTS.XT,XS: finely ground <80 mesh,CC-BY,https://ncsslabdatamart.sc.egov.usda.gov/datause.aspx,https://doi.org/10.2136/sssaj2019.06.0205,0.08121,1.41252,0.75477
509,a352a91c2b0bb470c707ea2bd7d71c7f,LUCAS.WOODWELL.SSL,a352a91c2b0bb470c707ea2bd7d71c7f,11820,Bruker Vertex 70 with with PikeAutoDiff accessory,Bruker_Vertex_70.PikeAutoDiff,,CC-BY,https://creativecommons.org/licenses/by/4.0/,https://doi.org/10.3390/s20236729,0.11,27.2,0.189779528364622
510,14193eb8284bd6a9cb3e9931661b5179,KSSL.SSL,14193eb8284bd6a9cb3e9931661b5179,244048XS,Bruker Vertex 70 with HTS-XT accessory,Bruker_Vertex_70.HTS.XT,XS: finely ground <80 mesh,CC-BY,https://ncsslabdatamart.sc.egov.usda.gov/datause.aspx,https://doi.org/10.2136/sssaj2019.06.0205,0.07494,8.3509,1.24557
511,5b0887646a115a56921482bcc4ef26cb,KSSL.SSL,5b0887646a115a56921482bcc4ef26cb,282052XS,Bruker Vertex 70 with HTS-XT accessory,Bruker_Vertex_70.HTS.XT,XS: finely ground <80 mesh,CC-BY,https://ncsslabdatamart.sc.egov.usda.gov/datause.aspx,https://doi.org/10.2136/sssaj2019.06.0205,0.05039,0.12046,0.1227
512,3af905436608e07322ec7387f4459af1,KSSL.SSL,3af905436608e07322ec7387f4459af1,257979XS,Bruker Vertex 70 with HTS-XT accessory,Bruker_Vertex_70.HTS.XT,XS: finely ground <80 mesh,CC-BY,https://ncsslabdatamart.sc.egov.usda.gov/datause.aspx,https://doi.org/10.2136/sssaj2019.06.0205,0.14025,17.52201,0.54025
513,3dfaa690d857dfa8eadf70886f8a4c5c,KSSL.SSL,3dfaa690d857dfa8eadf70886f8a4c5c,282819XN,Bruker Vertex 70 with HTS-XT accessory,Bruker_Vertex_70.HTS.XT,XN: finely ground <80 mesh,CC-BY,https://ncsslabdatamart.sc.egov.usda.gov/datause.aspx,https://doi.org/10.2136/sssaj2019.06.0205,0.11787,34.84061,3.00344
514,c7dad40feb6516c2e21b899ca7c69141,LUCAS.WOODWELL.SSL,c7dad40feb6516c2e21b899ca7c69141,11144,Bruker Vertex 70 with with PikeAutoDiff accessory,Bruker_Vertex_70.PikeAutoDiff,,CC-BY,https://creativecommons.org/licenses/by/4.0/,https://doi.org/10.3390/s20236729,0.17,0.0,1.82362269169778
515,248bf1290d692edb5c90ba8afede3436,KSSL.SSL,248bf1290d692edb5c90ba8afede3436,161555XS,Bruker Vertex 70 with HTS-XT accessory,Bruker_Vertex_70.HTS.XT,XS: finely ground <80 mesh,CC-BY,https://ncsslabdatamart.sc.egov.usda.gov/datause.aspx,https://doi.org/10.2136/sssaj2019.06.0205,0.19716,0.91671,0.09242
516,9db2acfad2f2ae9fbae9390e8c61b730,KSSL.SSL,9db2acfad2f2ae9fbae9390e8c61b730,256805XS,Bruker Vertex 70 with HTS-XT accessory,Bruker_Vertex_70.HTS.XT,XS: finely ground <80 mesh,CC-BY,https://ncsslabdatamart.sc.egov.usda.gov/datause.aspx,https://doi.org/10.2136/sssaj2019.06.0205,1.50649,9.66732,0.57824
517,a68b7305e3e31627f9019136dd82b7d6,KSSL.SSL,a68b7305e3e31627f9019136dd82b7d6,246936XS,Bruker Vertex 70 with HTS-XT accessory,Bruker_Vertex_70.HTS.XT,XS: finely ground <80 mesh,CC-BY,https://ncsslabdatamart.sc.egov.usda.gov/datause.aspx,https://doi.org/10.2136/sssaj2019.06.0205,0.25736,9.39281,1.83504
518,944a66279e6707ca41f78fbd2d4a5852,KSSL.SSL,944a66279e6707ca41f78fbd2d4a5852,65351XS,Bruker Vertex 70 with HTS-XT accessory,Bruker_Vertex_70.HTS.XT,XS: finely ground <80 mesh,CC-BY,https://ncsslabdatamart.sc.egov.usda.gov/datause.aspx,https://doi.org/10.2136/sssaj2019.06.0205,0.39246,4.62071,0.83013
519,20ad67c86e86f1b76632f1078515469b,KSSL.SSL,20ad67c86e86f1b76632f1078515469b,159222XS,Bruker Vertex 70 with HTS-XT accessory,Bruker_Vertex_70.HTS.XT,XS: finely ground <80 mesh,CC-BY,https://ncsslabdatamart.sc.egov.usda.gov/datause.aspx,https://doi.org/10.2136/sssaj2019.06.0205,1.26818,0.81453,0.17481
520,8005088e4964b542e1e6b1a4f176493b,GARRETT.SSL,8005088e4964b542e1e6b1a4f176493b,S40951,Bruker Invenio-S with HTS-XT,Bruker_InvenioS_HTS.XT,,CC-BY,https://creativecommons.org/licenses/by/4.0/,https://doi.org/10.6084/m9.figshare.20506587.v2,0.0176395715509854,18.506638919039,0.0118868236290545
521,5fa37544268aed71d3bd32bbe3d859a7,KSSL.SSL,5fa37544268aed71d3bd32bbe3d859a7,155118XS,Bruker Vertex 70 with HTS-XT accessory,Bruker_Vertex_70.HTS.XT,XS: finely ground <80 mesh,CC-BY,https://ncsslabdatamart.sc.egov.usda.gov/datause.aspx,https://doi.org/10.2136/sssaj2019.06.0205,1.89364,11.89728,0.40083
522,f82e881ad935f4771fcbbf27361bff53,KSSL.SSL,f82e881ad935f4771fcbbf27361bff53,260265XS,Bruker Vertex 70 with HTS-XT accessory,Bruker_Vertex_70.HTS.XT,XS: finely ground <80 mesh,CC-BY,https://ncsslabdatamart.sc.egov.usda.gov/datause.aspx,https://doi.org/10.2136/sssaj2019.06.0205,0.3643,4.04537,0.2764
523,84b9b4369962085b84fef692c90119e0,KSSL.SSL,84b9b4369962085b84fef692c90119e0,119627XS,Bruker Vertex 70 with HTS-XT accessory,Bruker_Vertex_70.HTS.XT,XS: finely ground <80 mesh,CC-BY,https://ncsslabdatamart.sc.egov.usda.gov/datause.aspx,https://doi.org/10.2136/sssaj2019.06.0205,0.04048,1.29447,0.2906
524,dd788fdd1afcfd0cbb840b1eef64e16a,KSSL.SSL,dd788fdd1afcfd0cbb840b1eef64e16a,161569XS,Bruker Vertex 70 with HTS-XT accessory,Bruker_Vertex_70.HTS.XT,XS: finely ground <80 mesh,CC-BY,https://ncsslabdatamart.sc.egov.usda.gov/datause.aspx,https://doi.org/10.2136/sssaj2019.06.0205,1.28932,2.07172,1.78366
525,213a79642a9c576836dfc57a85e13f20,KSSL.SSL,213a79642a9c576836dfc57a85e13f20,253002XS,Bruker Vertex 70 with HTS-XT accessory,Bruker_Vertex_70.HTS.XT,XS: finely ground <80 mesh,CC-BY,https://ncsslabdatamart.sc.egov.usda.gov/datause.aspx,https://doi.org/10.2136/sssaj2019.06.0205,0.09053,9.70935,0.07232
526,b1741f09ac6b337c82caaceff5e07595,KSSL.SSL,b1741f09ac6b337c82caaceff5e07595,158737XS,Bruker Vertex 70 with HTS-XT accessory,Bruker_Vertex_70.HTS.XT,XS: finely ground <80 mesh,CC-BY,https://ncsslabdatamart.sc.egov.usda.gov/datause.aspx,https://doi.org/10.2136/sssaj2019.06.0205,0.05464,8.042,4.88361
527,f8b4debeff4b80a0ebde6db843007af1,KSSL.SSL,f8b4debeff4b80a0ebde6db843007af1,256566XS,Bruker Vertex 70 with HTS-XT accessory,Bruker_Vertex_70.HTS.XT,XS: finely ground <80 mesh,CC-BY,https://ncsslabdatamart.sc.egov.usda.gov/datause.aspx,https://doi.org/10.2136/sssaj2019.06.0205,2.00241,92.63791,1.23799
528,095a2407796cbbca946c16e9d8ecd632,LUCAS.WOODWELL.SSL,095a2407796cbbca946c16e9d8ecd632,12195,Bruker Vertex 70 with with PikeAutoDiff accessory,Bruker_Vertex_70.PikeAutoDiff,,CC-BY,https://creativecommons.org/licenses/by/4.0/,https://doi.org/10.3390/s20236729,0.11,117.4,0.945828431121796
529,ea6886e6852f71fd270241135ee555c6,KSSL.SSL,ea6886e6852f71fd270241135ee555c6,251311XS,Bruker Vertex 70 with HTS-XT accessory,Bruker_Vertex_70.HTS.XT,XS: finely ground <80 mesh,CC-BY,https://ncsslabdatamart.sc.egov.usda.gov/datause.aspx,https://doi.org/10.2136/sssaj2019.06.0205,0.09883,10.93996,0.38512
530,800c51f80f74c7e0e454bcb6306b4965,KSSL.SSL,800c51f80f74c7e0e454bcb6306b4965,251988XS,Bruker Vertex 70 with HTS-XT accessory,Bruker_Vertex_70.HTS.XT,XS: finely ground <80 mesh,CC-BY,https://ncsslabdatamart.sc.egov.usda.gov/datause.aspx,https://doi.org/10.2136/sssaj2019.06.0205,0.52152,81.54564,2.37027
531,43fa058463a302802b74826230bc656d,KSSL.SSL,43fa058463a302802b74826230bc656d,226615XS,Bruker Vertex 70 with HTS-XT accessory,Bruker_Vertex_70.HTS.XT,XS: finely ground <80 mesh,CC-BY,https://ncsslabdatamart.sc.egov.usda.gov/datause.aspx,https://doi.org/10.2136/sssaj2019.06.0205,0.20834,11.20854,0.26901
532,05059708b1fde529664c699b88db15d2,KSSL.SSL,05059708b1fde529664c699b88db15d2,256551XS,Bruker Vertex 70 with HTS-XT accessory,Bruker_Vertex_70.HTS.XT,XS: finely ground <80 mesh,CC-BY,https://ncsslabdatamart.sc.egov.usda.gov/datause.aspx,https://doi.org/10.2136/sssaj2019.06.0205,0.61668,12.2803,0.79916
533,3c35fa1f6cfe965f4aef61ed0d2d3c4b,KSSL.SSL,3c35fa1f6cfe965f4aef61ed0d2d3c4b,227122XS,Bruker Vertex 70 with HTS-XT accessory,Bruker_Vertex_70.HTS.XT,XS: finely ground <80 mesh,CC-BY,https://ncsslabdatamart.sc.egov.usda.gov/datause.aspx,https://doi.org/10.2136/sssaj2019.06.0205,1.06316,42.00648,0.79004
534,adffd752cb39d861771cd1b06c3cbfcc,LUCAS.WOODWELL.SSL,adffd752cb39d861771cd1b06c3cbfcc,12158,Bruker Vertex 70 with with PikeAutoDiff accessory,Bruker_Vertex_70.PikeAutoDiff,,CC-BY,https://creativecommons.org/licenses/by/4.0/,https://doi.org/10.3390/s20236729,0.08,0.0,1.15146554810988
535,23c2e0496d63817687f9df3f2e5a7ffd,KSSL.SSL,23c2e0496d63817687f9df3f2e5a7ffd,236808XS,Bruker Vertex 70 with HTS-XT accessory,Bruker_Vertex_70.HTS.XT,XS: finely ground <80 mesh,CC-BY,https://ncsslabdatamart.sc.egov.usda.gov/datause.aspx,https://doi.org/10.2136/sssaj2019.06.0205,0.05153,11.53822,0.53311
536,53ea29fc690776fbd09476d7a1f05622,KSSL.SSL,53ea29fc690776fbd09476d7a1f05622,157286XS,Bruker Vertex 70 with HTS-XT accessory,Bruker_Vertex_70.HTS.XT,XS: finely ground <80 mesh,CC-BY,https://ncsslabdatamart.sc.egov.usda.gov/datause.aspx,https://doi.org/10.2136/sssaj2019.06.0205,1.25568,3.5842,0.0
537,47ea830bd25c1f6ef7e4790147e7caaf,KSSL.SSL,47ea830bd25c1f6ef7e4790147e7caaf,253068XS,Bruker Vertex 70 with HTS-XT accessory,Bruker_Vertex_70.HTS.XT,XS: finely ground <80 mesh,CC-BY,https://ncsslabdatamart.sc.egov.usda.gov/datause.aspx,https://doi.org/10.2136/sssaj2019.06.0205,2.16169,80.32088,3.73508
538,09f20d8bf1de5c38bdddd5c8a9bd43ff,KSSL.SSL,09f20d8bf1de5c38bdddd5c8a9bd43ff,248605XS,Bruker Vertex 70 with HTS-XT accessory,Bruker_Vertex_70.HTS.XT,XS: finely ground <80 mesh,CC-BY,https://ncsslabdatamart.sc.egov.usda.gov/datause.aspx,https://doi.org/10.2136/sssaj2019.06.0205,0.34199,16.59162,0.38149
539,f4452a5a40bf395ccee54f07f58bd1d9,KSSL.SSL,f4452a5a40bf395ccee54f07f58bd1d9,237723XS,Bruker Vertex 70 with HTS-XT accessory,Bruker_Vertex_70.HTS.XT,XS: finely ground <80 mesh,CC-BY,https://ncsslabdatamart.sc.egov.usda.gov/datause.aspx,https://doi.org/10.2136/sssaj2019.06.0205,0.06828,3.59576,0.36495
540,ae6685902f7faa18133a2427db7ab8a4,KSSL.SSL,ae6685902f7faa18133a2427db7ab8a4,256519XS,Bruker Vertex 70 with HTS-XT accessory,Bruker_Vertex_70.HTS.XT,XS: finely ground <80 mesh,CC-BY,https://ncsslabdatamart.sc.egov.usda.gov/datause.aspx,https://doi.org/10.2136/sssaj2019.06.0205,0.13799,2.08052,0.13901
541,cb19ea109319b77cd2f8ecc408c75d87,KSSL.SSL,cb19ea109319b77cd2f8ecc408c75d87,271972XN,Bruker Vertex 70 with HTS-XT accessory,Bruker_Vertex_70.HTS.XT,XN: finely ground <80 mesh,CC-BY,https://ncsslabdatamart.sc.egov.usda.gov/datause.aspx,https://doi.org/10.2136/sssaj2019.06.0205,0.12183,0.75939,0.09604
542,13397f6facde99457651e2c2fce63548,KSSL.SSL,13397f6facde99457651e2c2fce63548,257617XS,Bruker Vertex 70 with HTS-XT accessory,Bruker_Vertex_70.HTS.XT,XS: finely ground <80 mesh,CC-BY,https://ncsslabdatamart.sc.egov.usda.gov/datause.aspx,https://doi.org/10.2136/sssaj2019.06.0205,1.3232,7.87465,0.17767
543,fc026030051cd0b02fd3ec3378cbcbf3,KSSL.SSL,fc026030051cd0b02fd3ec3378cbcbf3,158030XS,Bruker Vertex 70 with HTS-XT accessory,Bruker_Vertex_70.HTS.XT,XS: finely ground <80 mesh,CC-BY,https://ncsslabdatamart.sc.egov.usda.gov/datause.aspx,https://doi.org/10.2136/sssaj2019.06.0205,0.30771,7.45808,0.43927
544,1a72b596eb8f936aa66b059cf3e42683,KSSL.SSL,1a72b596eb8f936aa66b059cf3e42683,254685XS,Bruker Vertex 70 with HTS-XT accessory,Bruker_Vertex_70.HTS.XT,XS: finely ground <80 mesh,CC-BY,https://ncsslabdatamart.sc.egov.usda.gov/datause.aspx,https://doi.org/10.2136/sssaj2019.06.0205,0.0927,16.4632,0.7318
545,bef0cbd7f4b309c1921e29e10eefc81c,KSSL.SSL,bef0cbd7f4b309c1921e29e10eefc81c,161259XS,Bruker Vertex 70 with HTS-XT accessory,Bruker_Vertex_70.HTS.XT,XS: finely ground <80 mesh,CC-BY,https://ncsslabdatamart.sc.egov.usda.gov/datause.aspx,https://doi.org/10.2136/sssaj2019.06.0205,1.77234,8.61318,2.01961
546,924a79e04d10a494ab516d69f760eee4,KSSL.SSL,924a79e04d10a494ab516d69f760eee4,152184XS,Bruker Vertex 70 with HTS-XT accessory,Bruker_Vertex_70.HTS.XT,XS: finely ground <80 mesh,CC-BY,https://ncsslabdatamart.sc.egov.usda.gov/datause.aspx,https://doi.org/10.2136/sssaj2019.06.0205,0.0,0.76458,0.54148
547,ce2730fe38f80cb3118513d512ab3226,KSSL.SSL,ce2730fe38f80cb3118513d512ab3226,150545XS,Bruker Vertex 70 with HTS-XT accessory,Bruker_Vertex_70.HTS.XT,XS: finely ground <80 mesh,CC-BY,https://ncsslabdatamart.sc.egov.usda.gov/datause.aspx,https://doi.org/10.2136/sssaj2019.06.0205,0.05268,1.44698,1.29576
548,4fdad525850bcbb71c8ae737b6cf342a,KSSL.SSL,4fdad525850bcbb71c8ae737b6cf342a,226510XS,Bruker Vertex 70 with HTS-XT accessory,Bruker_Vertex_70.HTS.XT,XS: finely ground <80 mesh,CC-BY,https://ncsslabdatamart.sc.egov.usda.gov/datause.aspx,https://doi.org/10.2136/sssaj2019.06.0205,0.47651,3.88587,0.73515
549,8917b6bae2cc726acbf15f1a8fc48899,KSSL.SSL,8917b6bae2cc726acbf15f1a8fc48899,263550XS,Bruker Vertex 70 with HTS-XT accessory,Bruker_Vertex_70.HTS.XT,XS: finely ground <80 mesh,CC-BY,https://ncsslabdatamart.sc.egov.usda.gov/datause.aspx,https://doi.org/10.2136/sssaj2019.06.0205,0.64488,0.0759,0.28724
550,5703a7be34cb9f63151f71a6fbab05e8,KSSL.SSL,5703a7be34cb9f63151f71a6fbab05e8,205430XS,Bruker Vertex 70 with HTS-XT accessory,Bruker_Vertex_70.HTS.XT,XS: finely ground <80 mesh,CC-BY,https://ncsslabdatamart.sc.egov.usda.gov/datause.aspx,https://doi.org/10.2136/sssaj2019.06.0205,0.0,0.69169,0.0
551,59295cd87b4a498c90fe55f71bf38699,KSSL.SSL,59295cd87b4a498c90fe55f71bf38699,245279XS,Bruker Vertex 70 with HTS-XT accessory,Bruker_Vertex_70.HTS.XT,XS: finely ground <80 mesh,CC-BY,https://ncsslabdatamart.sc.egov.usda.gov/datause.aspx,https://doi.org/10.2136/sssaj2019.06.0205,0.54592,18.20019,0.39989
552,b5b1ca7f2634e4aa8496a627418e73dd,KSSL.SSL,b5b1ca7f2634e4aa8496a627418e73dd,259615XS,Bruker Vertex 70 with HTS-XT accessory,Bruker_Vertex_70.HTS.XT,XS: finely ground <80 mesh,CC-BY,https://ncsslabdatamart.sc.egov.usda.gov/datause.aspx,https://doi.org/10.2136/sssaj2019.06.0205,0.1212,0.28914,0.0
553,430f2ce0d7851271a6307c045a4b9d77,KSSL.SSL,430f2ce0d7851271a6307c045a4b9d77,262842XS,Bruker Vertex 70 with HTS-XT accessory,Bruker_Vertex_70.HTS.XT,XS: finely ground <80 mesh,CC-BY,https://ncsslabdatamart.sc.egov.usda.gov/datause.aspx,https://doi.org/10.2136/sssaj2019.06.0205,2.7864,5.11374,0.17783
554,3db5a0ea5b08b80a838da5358abdf76b,KSSL.SSL,3db5a0ea5b08b80a838da5358abdf76b,160965XS,Bruker Vertex 70 with HTS-XT accessory,Bruker_Vertex_70.HTS.XT,XS: finely ground <80 mesh,CC-BY,https://ncsslabdatamart.sc.egov.usda.gov/datause.aspx,https://doi.org/10.2136/sssaj2019.06.0205,3.50065,7.97796,0.39193
555,225c881bf19bf2fb606ba872e3f78488,KSSL.SSL,225c881bf19bf2fb606ba872e3f78488,275021XS,Bruker Vertex 70 with HTS-XT accessory,Bruker_Vertex_70.HTS.XT,XS: finely ground <80 mesh,CC-BY,https://ncsslabdatamart.sc.egov.usda.gov/datause.aspx,https://doi.org/10.2136/sssaj2019.06.0205,0.0903,7.96085,0.04489
556,54a5914d8e1df8cf47c6d8f9ba78455b,KSSL.SSL,54a5914d8e1df8cf47c6d8f9ba78455b,247076XS,Bruker Vertex 70 with HTS-XT accessory,Bruker_Vertex_70.HTS.XT,XS: finely ground <80 mesh,CC-BY,https://ncsslabdatamart.sc.egov.usda.gov/datause.aspx,https://doi.org/10.2136/sssaj2019.06.0205,0.10475,1.40856,0.66328
557,14a852667a48d18ec5143f0d43953719,KSSL.SSL,14a852667a48d18ec5143f0d43953719,253161XS,Bruker Vertex 70 with HTS-XT accessory,Bruker_Vertex_70.HTS.XT,XS: finely ground <80 mesh,CC-BY,https://ncsslabdatamart.sc.egov.usda.gov/datause.aspx,https://doi.org/10.2136/sssaj2019.06.0205,0.09332,1.60677,1.4029
558,8f5fae9567c7aaca5f88e6d24b4a79c9,KSSL.SSL,8f5fae9567c7aaca5f88e6d24b4a79c9,293038XS,Bruker Vertex 70 with HTS-XT accessory,Bruker_Vertex_70.HTS.XT,XS: finely ground <80 mesh,CC-BY,https://ncsslabdatamart.sc.egov.usda.gov/datause.aspx,https://doi.org/10.2136/sssaj2019.06.0205,0.32771,51.51237,0.72815
559,a0a19941c709824f812587256205e8a6,KSSL.SSL,a0a19941c709824f812587256205e8a6,254064XS,Bruker Vertex 70 with HTS-XT accessory,Bruker_Vertex_70.HTS.XT,XS: finely ground <80 mesh,CC-BY,https://ncsslabdatamart.sc.egov.usda.gov/datause.aspx,https://doi.org/10.2136/sssaj2019.06.0205,0.49489,47.08774,0.87066
560,1e867cca7e7dddfe8f7e93788d70dcf9,KSSL.SSL,1e867cca7e7dddfe8f7e93788d70dcf9,159317XS,Bruker Vertex 70 with HTS-XT accessory,Bruker_Vertex_70.HTS.XT,XS: finely ground <80 mesh,CC-BY,https://ncsslabdatamart.sc.egov.usda.gov/datause.aspx,https://doi.org/10.2136/sssaj2019.06.0205,1.48344,0.87816,0.18745
561,640b7c3b43dbd1d5b6956202029e6c74,GARRETT.SSL,640b7c3b43dbd1d5b6956202029e6c74,S41012,Bruker Invenio-S with HTS-XT,Bruker_InvenioS_HTS.XT,,CC-BY,https://creativecommons.org/licenses/by/4.0/,https://doi.org/10.6084/m9.figshare.20506587.v2,0.139292099243357,11.3899129157135,0.285505530279431
562,e74d40feda7cda5b38c36576d8bc4049,KSSL.SSL,e74d40feda7cda5b38c36576d8bc4049,156766XS,Bruker Vertex 70 with HTS-XT accessory,Bruker_Vertex_70.HTS.XT,XS: finely ground <80 mesh,CC-BY,https://ncsslabdatamart.sc.egov.usda.gov/datause.aspx,https://doi.org/10.2136/sssaj2019.06.0205,0.18258,0.85522,1.00672
563,a8270a0d1b26d194e7beecba6afcb0ff,KSSL.SSL,a8270a0d1b26d194e7beecba6afcb0ff,256055XS,Bruker Vertex 70 with HTS-XT accessory,Bruker_Vertex_70.HTS.XT,XS: finely ground <80 mesh,CC-BY,https://ncsslabdatamart.sc.egov.usda.gov/datause.aspx,https://doi.org/10.2136/sssaj2019.06.0205,0.48372,3.90742,0.26599
564,2968869f1831f368b26b4feaa9ebf2ed,KSSL.SSL,2968869f1831f368b26b4feaa9ebf2ed,251418XS,Bruker Vertex 70 with HTS-XT accessory,Bruker_Vertex_70.HTS.XT,XS: finely ground <80 mesh,CC-BY,https://ncsslabdatamart.sc.egov.usda.gov/datause.aspx,https://doi.org/10.2136/sssaj2019.06.0205,0.09143,2.29005,0.34457
565,b08a4981475ad0f534da0fc396b3a8fa,KSSL.SSL,b08a4981475ad0f534da0fc396b3a8fa,254868XS,Bruker Vertex 70 with HTS-XT accessory,Bruker_Vertex_70.HTS.XT,XS: finely ground <80 mesh,CC-BY,https://ncsslabdatamart.sc.egov.usda.gov/datause.aspx,https://doi.org/10.2136/sssaj2019.06.0205,0.45495,17.27026,3.86664
566,32ffa51af1fa615021ca012620e5e04d,KSSL.SSL,32ffa51af1fa615021ca012620e5e04d,281122XS,Bruker Vertex 70 with HTS-XT accessory,Bruker_Vertex_70.HTS.XT,XS: finely ground <80 mesh,CC-BY,https://ncsslabdatamart.sc.egov.usda.gov/datause.aspx,https://doi.org/10.2136/sssaj2019.06.0205,0.20385,6.55565,0.13195
567,33437ea4507d472a837bf8c2de79cf70,KSSL.SSL,33437ea4507d472a837bf8c2de79cf70,245043XS,Bruker Vertex 70 with HTS-XT accessory,Bruker_Vertex_70.HTS.XT,XS: finely ground <80 mesh,CC-BY,https://ncsslabdatamart.sc.egov.usda.gov/datause.aspx,https://doi.org/10.2136/sssaj2019.06.0205,0.13144,4.21274,0.24263
568,0497d4faf6510896cfd24e655cad97bb,KSSL.SSL,0497d4faf6510896cfd24e655cad97bb,261344XS,Bruker Vertex 70 with HTS-XT accessory,Bruker_Vertex_70.HTS.XT,XS: finely ground <80 mesh,CC-BY,https://ncsslabdatamart.sc.egov.usda.gov/datause.aspx,https://doi.org/10.2136/sssaj2019.06.0205,0.31788,5.40462,0.13493
569,135180bc0110c9e2587b2d89efed9827,KSSL.SSL,135180bc0110c9e2587b2d89efed9827,155906XS,Bruker Vertex 70 with HTS-XT accessory,Bruker_Vertex_70.HTS.XT,XS: finely ground <80 mesh,CC-BY,https://ncsslabdatamart.sc.egov.usda.gov/datause.aspx,https://doi.org/10.2136/sssaj2019.06.0205,0.25955,2.92848,0.16349
570,9c50dc311baadc550024b1affd2ec245,KSSL.SSL,9c50dc311baadc550024b1affd2ec245,245189XS,Bruker Vertex 70 with HTS-XT accessory,Bruker_Vertex_70.HTS.XT,XS: finely ground <80 mesh,CC-BY,https://ncsslabdatamart.sc.egov.usda.gov/datause.aspx,https://doi.org/10.2136/sssaj2019.06.0205,0.0,21.87111,0.52194
571,b3a0dea1a5796f3c0574702237169065,KSSL.SSL,b3a0dea1a5796f3c0574702237169065,271208XN,Bruker Vertex 70 with HTS-XT accessory,Bruker_Vertex_70.HTS.XT,XN: finely ground <80 mesh,CC-BY,https://ncsslabdatamart.sc.egov.usda.gov/datause.aspx,https://doi.org/10.2136/sssaj2019.06.0205,0.05121,5.73084,0.50033
572,7a84378eb76ca95ded74fb38c341d9d2,KSSL.SSL,7a84378eb76ca95ded74fb38c341d9d2,160994XS,Bruker Vertex 70 with HTS-XT accessory,Bruker_Vertex_70.HTS.XT,XS: finely ground <80 mesh,CC-BY,https://ncsslabdatamart.sc.egov.usda.gov/datause.aspx,https://doi.org/10.2136/sssaj2019.06.0205,0.04136,3.59661,1.2832
573,4e2902193e4f4e6d278787a9e1d7077c,KSSL.SSL,4e2902193e4f4e6d278787a9e1d7077c,68254XS,Bruker Vertex 70 with HTS-XT accessory,Bruker_Vertex_70.HTS.XT,XS: finely ground <80 mesh,CC-BY,https://ncsslabdatamart.sc.egov.usda.gov/datause.aspx,https://doi.org/10.2136/sssaj2019.06.0205,0.00926,2.79917,0.34917
574,6fa54f2e8eb032a794bff596700e8cf1,KSSL.SSL,6fa54f2e8eb032a794bff596700e8cf1,254974XS,Bruker Vertex 70 with HTS-XT accessory,Bruker_Vertex_70.HTS.XT,XS: finely ground <80 mesh,CC-BY,https://ncsslabdatamart.sc.egov.usda.gov/datause.aspx,https://doi.org/10.2136/sssaj2019.06.0205,0.18669,60.12227,6.73385
575,e1390ae9d6401d8c356cac476cc4d8dd,KSSL.SSL,e1390ae9d6401d8c356cac476cc4d8dd,246388XS,Bruker Vertex 70 with HTS-XT accessory,Bruker_Vertex_70.HTS.XT,XS: finely ground <80 mesh,CC-BY,https://ncsslabdatamart.sc.egov.usda.gov/datause.aspx,https://doi.org/10.2136/sssaj2019.06.0205,0.29726,82.15744,0.19844
576,b75913f294c052112f55fae3bca92e3d,KSSL.SSL,b75913f294c052112f55fae3bca92e3d,257920XS,Bruker Vertex 70 with HTS-XT accessory,Bruker_Vertex_70.HTS.XT,XS: finely ground <80 mesh,CC-BY,https://ncsslabdatamart.sc.egov.usda.gov/datause.aspx,https://doi.org/10.2136/sssaj2019.06.0205,2.18813,27.63481,9.26196
577,b616197c685357b606ef638602668523,KSSL.SSL,b616197c685357b606ef638602668523,251164XS,Bruker Vertex 70 with HTS-XT accessory,Bruker_Vertex_70.HTS.XT,XS: finely ground <80 mesh,CC-BY,https://ncsslabdatamart.sc.egov.usda.gov/datause.aspx,https://doi.org/10.2136/sssaj2019.06.0205,1.81646,7.42462,0.82685
578,00fa88c87cc4b73b9b67615ff9a42247,KSSL.SSL,00fa88c87cc4b73b9b67615ff9a42247,154821XS,Bruker Vertex 70 with HTS-XT accessory,Bruker_Vertex_70.HTS.XT,XS: finely ground <80 mesh,CC-BY,https://ncsslabdatamart.sc.egov.usda.gov/datause.aspx,https://doi.org/10.2136/sssaj2019.06.0205,0.01905,13.39003,0.22736
579,895b6a5f5a7ee7a2b70a0f4bbb0eaff3,KSSL.SSL,895b6a5f5a7ee7a2b70a0f4bbb0eaff3,246418XS,Bruker Vertex 70 with HTS-XT accessory,Bruker_Vertex_70.HTS.XT,XS: finely ground <80 mesh,CC-BY,https://ncsslabdatamart.sc.egov.usda.gov/datause.aspx,https://doi.org/10.2136/sssaj2019.06.0205,0.54078,10.80195,0.94878
580,93da62a75bfaf0159aa35b54e69ddb3b,KSSL.SSL,93da62a75bfaf0159aa35b54e69ddb3b,195029XS,Bruker Vertex 70 with HTS-XT accessory,Bruker_Vertex_70.HTS.XT,XS: finely ground <80 mesh,CC-BY,https://ncsslabdatamart.sc.egov.usda.gov/datause.aspx,https://doi.org/10.2136/sssaj2019.06.0205,0.04043,2.7333,0.17948
581,6fa5bd715b5d25369eef6efcb487ef51,KSSL.SSL,6fa5bd715b5d25369eef6efcb487ef51,183398XS,Bruker Vertex 70 with HTS-XT accessory,Bruker_Vertex_70.HTS.XT,XS: finely ground <80 mesh,CC-BY,https://ncsslabdatamart.sc.egov.usda.gov/datause.aspx,https://doi.org/10.2136/sssaj2019.06.0205,0.06801,1.10715,0.16506
582,aae704b6f1ea4447e508e1eb701d2b79,KSSL.SSL,aae704b6f1ea4447e508e1eb701d2b79,222957XS,Bruker Vertex 70 with HTS-XT accessory,Bruker_Vertex_70.HTS.XT,XS: finely ground <80 mesh,CC-BY,https://ncsslabdatamart.sc.egov.usda.gov/datause.aspx,https://doi.org/10.2136/sssaj2019.06.0205,0.06571,0.71559,0.09044
583,fa66bec47555c02b5eb89e79dde19c6a,KSSL.SSL,fa66bec47555c02b5eb89e79dde19c6a,65346XS,Bruker Vertex 70 with HTS-XT accessory,Bruker_Vertex_70.HTS.XT,XS: finely ground <80 mesh,CC-BY,https://ncsslabdatamart.sc.egov.usda.gov/datause.aspx,https://doi.org/10.2136/sssaj2019.06.0205,0.26273,3.81374,0.06995
584,20be28033b5afe2532a8e4e9b0a0b535,KSSL.SSL,20be28033b5afe2532a8e4e9b0a0b535,156750XS,Bruker Vertex 70 with HTS-XT accessory,Bruker_Vertex_70.HTS.XT,XS: finely ground <80 mesh,CC-BY,https://ncsslabdatamart.sc.egov.usda.gov/datause.aspx,https://doi.org/10.2136/sssaj2019.06.0205,0.1168,1.92669,0.15341
585,56acbb6aa46763ffa29cb27014758fa9,KSSL.SSL,56acbb6aa46763ffa29cb27014758fa9,250592XS,Bruker Vertex 70 with HTS-XT accessory,Bruker_Vertex_70.HTS.XT,XS: finely ground <80 mesh,CC-BY,https://ncsslabdatamart.sc.egov.usda.gov/datause.aspx,https://doi.org/10.2136/sssaj2019.06.0205,0.95277,13.98835,0.38503
586,77471ba156d279681c64f737fad5937b,LUCAS.WOODWELL.SSL,77471ba156d279681c64f737fad5937b,12027,Bruker Vertex 70 with with PikeAutoDiff accessory,Bruker_Vertex_70.PikeAutoDiff,,CC-BY,https://creativecommons.org/licenses/by/4.0/,https://doi.org/10.3390/s20236729,0.09,0.0,0.104864698961584
587,8126d85ee26e4ff17091d47e75571357,LUCAS.WOODWELL.SSL,8126d85ee26e4ff17091d47e75571357,11078,Bruker Vertex 70 with with PikeAutoDiff accessory,Bruker_Vertex_70.PikeAutoDiff,,CC-BY,https://creativecommons.org/licenses/by/4.0/,https://doi.org/10.3390/s20236729,1.39,28.8,1.78883830374955
588,578f3f1dce4b5359f71da50dc93f7b37,KSSL.SSL,578f3f1dce4b5359f71da50dc93f7b37,205449XS,Bruker Vertex 70 with HTS-XT accessory,Bruker_Vertex_70.HTS.XT,XS: finely ground <80 mesh,CC-BY,https://ncsslabdatamart.sc.egov.usda.gov/datause.aspx,https://doi.org/10.2136/sssaj2019.06.0205,0.0,0.27685,0.02261
589,5daf0f304a7626620ace1d18500e44b2,LUCAS.WOODWELL.SSL,5daf0f304a7626620ace1d18500e44b2,11151,Bruker Vertex 70 with with PikeAutoDiff accessory,Bruker_Vertex_70.PikeAutoDiff,,CC-BY,https://creativecommons.org/licenses/by/4.0/,https://doi.org/10.3390/s20236729,0.11,11.3,1.16374239091514
590,84493bc6182fe050a49cd0d9a6fa5125,KSSL.SSL,84493bc6182fe050a49cd0d9a6fa5125,254796XS,Bruker Vertex 70 with HTS-XT accessory,Bruker_Vertex_70.HTS.XT,XS: finely ground <80 mesh,CC-BY,https://ncsslabdatamart.sc.egov.usda.gov/datause.aspx,https://doi.org/10.2136/sssaj2019.06.0205,0.03007,0.7581,0.29835
591,aaf1cc3f7d2da175f29e292634911138,KSSL.SSL,aaf1cc3f7d2da175f29e292634911138,156027XS,Bruker Vertex 70 with HTS-XT accessory,Bruker_Vertex_70.HTS.XT,XS: finely ground <80 mesh,CC-BY,https://ncsslabdatamart.sc.egov.usda.gov/datause.aspx,https://doi.org/10.2136/sssaj2019.06.0205,0.02825,1.37577,0.36006
592,10cdfba3a240e0897332d6a5286136b2,KSSL.SSL,10cdfba3a240e0897332d6a5286136b2,187587XS,Bruker Vertex 70 with HTS-XT accessory,Bruker_Vertex_70.HTS.XT,XS: finely ground <80 mesh,CC-BY,https://ncsslabdatamart.sc.egov.usda.gov/datause.aspx,https://doi.org/10.2136/sssaj2019.06.0205,0.38925,0.98903,0.33581
593,1bbc415aa46c2d96d8fc7f68da3386fa,KSSL.SSL,1bbc415aa46c2d96d8fc7f68da3386fa,251999XS,Bruker Vertex 70 with HTS-XT accessory,Bruker_Vertex_70.HTS.XT,XS: finely ground <80 mesh,CC-BY,https://ncsslabdatamart.sc.egov.usda.gov/datause.aspx,https://doi.org/10.2136/sssaj2019.06.0205,1.06618,23.63563,2.2303
594,436ccddcb3564b54f5da87b79dd52eb8,KSSL.SSL,436ccddcb3564b54f5da87b79dd52eb8,255030XS,Bruker Vertex 70 with HTS-XT accessory,Bruker_Vertex_70.HTS.XT,XS: finely ground <80 mesh,CC-BY,https://ncsslabdatamart.sc.egov.usda.gov/datause.aspx,https://doi.org/10.2136/sssaj2019.06.0205,1.24856,26.08947,2.12694
595,0e4c0db3630a51397ee780a3d857a8f1,KSSL.SSL,0e4c0db3630a51397ee780a3d857a8f1,243682XS,Bruker Vertex 70 with HTS-XT accessory,Bruker_Vertex_70.HTS.XT,XS: finely ground <80 mesh,CC-BY,https://ncsslabdatamart.sc.egov.usda.gov/datause.aspx,https://doi.org/10.2136/sssaj2019.06.0205,0.06067,1.60869,0.39737
596,d62e0bdf76f19b744fa4c4b85244f9a9,KSSL.SSL,d62e0bdf76f19b744fa4c4b85244f9a9,158185XS,Bruker Vertex 70 with HTS-XT accessory,Bruker_Vertex_70.HTS.XT,XS: finely ground <80 mesh,CC-BY,https://ncsslabdatamart.sc.egov.usda.gov/datause.aspx,https://doi.org/10.2136/sssaj2019.06.0205,0.2551,7.88376,6.00105
597,bd3701743c4c5b34a5727d0591a625f5,KSSL.SSL,bd3701743c4c5b34a5727d0591a625f5,259601XS,Bruker Vertex 70 with HTS-XT accessory,Bruker_Vertex_70.HTS.XT,XS: finely ground <80 mesh,CC-BY,https://ncsslabdatamart.sc.egov.usda.gov/datause.aspx,https://doi.org/10.2136/sssaj2019.06.0205,0.06106,3.56135,0.07055
598,9f8e083ef94d0e77b87dd77416ee4471,KSSL.SSL,9f8e083ef94d0e77b87dd77416ee4471,227108XS,Bruker Vertex 70 with HTS-XT accessory,Bruker_Vertex_70.HTS.XT,XS: finely ground <80 mesh,CC-BY,https://ncsslabdatamart.sc.egov.usda.gov/datause.aspx,https://doi.org/10.2136/sssaj2019.06.0205,0.63281,34.38557,0.4841
599,ccb894ae99a255150c2f41a672839497,KSSL.SSL,ccb894ae99a255150c2f41a672839497,253630XS,Bruker Vertex 70 with HTS-XT accessory,Bruker_Vertex_70.HTS.XT,XS: finely ground <80 mesh,CC-BY,https://ncsslabdatamart.sc.egov.usda.gov/datause.aspx,https://doi.org/10.2136/sssaj2019.06.0205,1.52542,24.27046,0.67266
600,228513bbb071724449b6cd1767980784,KSSL.SSL,228513bbb071724449b6cd1767980784,257615XS,Bruker Vertex 70 with HTS-XT accessory,Bruker_Vertex_70.HTS.XT,XS: finely ground <80 mesh,CC-BY,https://ncsslabdatamart.sc.egov.usda.gov/datause.aspx,https://doi.org/10.2136/sssaj2019.06.0205,2.04891,23.90157,0.85519
601,9df9da18d3646d438df8787f56dfc1da,KSSL.SSL,9df9da18d3646d438df8787f56dfc1da,150532XS,Bruker Vertex 70 with HTS-XT accessory,Bruker_Vertex_70.HTS.XT,XS: finely ground <80 mesh,CC-BY,https://ncsslabdatamart.sc.egov.usda.gov/datause.aspx,https://doi.org/10.2136/sssaj2019.06.0205,0.03602,0.53368,0.29413
602,08ebf30a38a3f8ff4cceb70abe8ce666,KSSL.SSL,08ebf30a38a3f8ff4cceb70abe8ce666,257437XS,Bruker Vertex 70 with HTS-XT accessory,Bruker_Vertex_70.HTS.XT,XS: finely ground <80 mesh,CC-BY,https://ncsslabdatamart.sc.egov.usda.gov/datause.aspx,https://doi.org/10.2136/sssaj2019.06.0205,0.13212,10.21029,0.04537
603,620f68dbec6be8974b520f25cbae4b21,KSSL.SSL,620f68dbec6be8974b520f25cbae4b21,249614XS,Bruker Vertex 70 with HTS-XT accessory,Bruker_Vertex_70.HTS.XT,XS: finely ground <80 mesh,CC-BY,https://ncsslabdatamart.sc.egov.usda.gov/datause.aspx,https://doi.org/10.2136/sssaj2019.06.0205,0.06106,3.66679,0.11038
604,a1410290fc9f6074d7764dea9bebb96d,KSSL.SSL,a1410290fc9f6074d7764dea9bebb96d,65348XS,Bruker Vertex 70 with HTS-XT accessory,Bruker_Vertex_70.HTS.XT,XS: finely ground <80 mesh,CC-BY,https://ncsslabdatamart.sc.egov.usda.gov/datause.aspx,https://doi.org/10.2136/sssaj2019.06.0205,0.13609,0.79298,0.41536
605,b8f263baaff5e563ccab8f52d4119339,KSSL.SSL,b8f263baaff5e563ccab8f52d4119339,261675XS,Bruker Vertex 70 with HTS-XT accessory,Bruker_Vertex_70.HTS.XT,XS: finely ground <80 mesh,CC-BY,https://ncsslabdatamart.sc.egov.usda.gov/datause.aspx,https://doi.org/10.2136/sssaj2019.06.0205,0.06446,1.40315,0.34899
606,c89b20fa96f8488bc2b83ae818655aa9,KSSL.SSL,c89b20fa96f8488bc2b83ae818655aa9,155888XS,Bruker Vertex 70 with HTS-XT accessory,Bruker_Vertex_70.HTS.XT,XS: finely ground <80 mesh,CC-BY,https://ncsslabdatamart.sc.egov.usda.gov/datause.aspx,https://doi.org/10.2136/sssaj2019.06.0205,0.12826,3.0576,0.09754
607,468ceac2102aba4747f438930ec6f817,LUCAS.WOODWELL.SSL,468ceac2102aba4747f438930ec6f817,11094,Bruker Vertex 70 with with PikeAutoDiff accessory,Bruker_Vertex_70.PikeAutoDiff,,CC-BY,https://creativecommons.org/licenses/by/4.0/,https://doi.org/10.3390/s20236729,0.09,27.2,0.350401555066755
608,3828f629c45259abaec25573cd9223f9,KSSL.SSL,3828f629c45259abaec25573cd9223f9,256123XS,Bruker Vertex 70 with HTS-XT accessory,Bruker_Vertex_70.HTS.XT,XS: finely ground <80 mesh,CC-BY,https://ncsslabdatamart.sc.egov.usda.gov/datause.aspx,https://doi.org/10.2136/sssaj2019.06.0205,0.05232,0.60931,0.44381
609,7cd04b95b94d115659aa6806e790a48b,LUCAS.WOODWELL.SSL,7cd04b95b94d115659aa6806e790a48b,12085,Bruker Vertex 70 with with PikeAutoDiff accessory,Bruker_Vertex_70.PikeAutoDiff,,CC-BY,https://creativecommons.org/licenses/by/4.0/,https://doi.org/10.3390/s20236729,0.3,22.4,0.384674407898102
610,33b874b1e65cfa92fd48fe0ca128986d,KSSL.SSL,33b874b1e65cfa92fd48fe0ca128986d,253195XS,Bruker Vertex 70 with HTS-XT accessory,Bruker_Vertex_70.HTS.XT,XS: finely ground <80 mesh,CC-BY,https://ncsslabdatamart.sc.egov.usda.gov/datause.aspx,https://doi.org/10.2136/sssaj2019.06.0205,0.62919,21.66238,1.29518
611,cbc71159731249086d489b103b0e5cf8,KSSL.SSL,cbc71159731249086d489b103b0e5cf8,248987XS,Bruker Vertex 70 with HTS-XT accessory,Bruker_Vertex_70.HTS.XT,XS: finely ground <80 mesh,CC-BY,https://ncsslabdatamart.sc.egov.usda.gov/datause.aspx,https://doi.org/10.2136/sssaj2019.06.0205,0.02017,3.67609,0.15798
612,a79174614ef96ee0cbf6bbfe4e6edae5,KSSL.SSL,a79174614ef96ee0cbf6bbfe4e6edae5,255931XS,Bruker Vertex 70 with HTS-XT accessory,Bruker_Vertex_70.HTS.XT,XS: finely ground <80 mesh,CC-BY,https://ncsslabdatamart.sc.egov.usda.gov/datause.aspx,https://doi.org/10.2136/sssaj2019.06.0205,1.802,15.96598,0.67884
613,c4ae9b0995683c7ea83a4d135f58ba4a,KSSL.SSL,c4ae9b0995683c7ea83a4d135f58ba4a,160073XS,Bruker Vertex 70 with HTS-XT accessory,Bruker_Vertex_70.HTS.XT,XS: finely ground <80 mesh,CC-BY,https://ncsslabdatamart.sc.egov.usda.gov/datause.aspx,https://doi.org/10.2136/sssaj2019.06.0205,0.33756,13.70363,4.41385
614,c628689aa45255d95d8e8f77c3350b98,LUCAS.WOODWELL.SSL,c628689aa45255d95d8e8f77c3350b98,11810,Bruker Vertex 70 with with PikeAutoDiff accessory,Bruker_Vertex_70.PikeAutoDiff,,CC-BY,https://creativecommons.org/licenses/by/4.0/,https://doi.org/10.3390/s20236729,0.05,19.3,0.367282213923986
615,3ed99c233d3c1f544449c275ebb9728d,KSSL.SSL,3ed99c233d3c1f544449c275ebb9728d,181832XS,Bruker Vertex 70 with HTS-XT accessory,Bruker_Vertex_70.HTS.XT,XS: finely ground <80 mesh,CC-BY,https://ncsslabdatamart.sc.egov.usda.gov/datause.aspx,https://doi.org/10.2136/sssaj2019.06.0205,0.08101,1.10354,0.46898
616,25011f004e493712c6dfc4005c5d6e05,KSSL.SSL,25011f004e493712c6dfc4005c5d6e05,163215XS,Bruker Vertex 70 with HTS-XT accessory,Bruker_Vertex_70.HTS.XT,XS: finely ground <80 mesh,CC-BY,https://ncsslabdatamart.sc.egov.usda.gov/datause.aspx,https://doi.org/10.2136/sssaj2019.06.0205,0.09264,0.66231,0.43978
617,47411976edbbc681149b69fc3f736e42,KSSL.SSL,47411976edbbc681149b69fc3f736e42,192456XS,Bruker Vertex 70 with HTS-XT accessory,Bruker_Vertex_70.HTS.XT,XS: finely ground <80 mesh,CC-BY,https://ncsslabdatamart.sc.egov.usda.gov/datause.aspx,https://doi.org/10.2136/sssaj2019.06.0205,0.22321,49.01367,1.15563
618,b4f2c65f01d08fb697fe717b5b74322d,KSSL.SSL,b4f2c65f01d08fb697fe717b5b74322d,253595XS,Bruker Vertex 70 with HTS-XT accessory,Bruker_Vertex_70.HTS.XT,XS: finely ground <80 mesh,CC-BY,https://ncsslabdatamart.sc.egov.usda.gov/datause.aspx,https://doi.org/10.2136/sssaj2019.06.0205,0.03012,0.41965,0.04384
619,f1178af3b3b8a51bcf6c2ef11304d581,KSSL.SSL,f1178af3b3b8a51bcf6c2ef11304d581,280225XS,Bruker Vertex 70 with HTS-XT accessory,Bruker_Vertex_70.HTS.XT,XS: finely ground <80 mesh,CC-BY,https://ncsslabdatamart.sc.egov.usda.gov/datause.aspx,https://doi.org/10.2136/sssaj2019.06.0205,0.59215,2.75229,0.33564
620,3330fa09961b14f42645af3147df30cf,KSSL.SSL,3330fa09961b14f42645af3147df30cf,256024XS,Bruker Vertex 70 with HTS-XT accessory,Bruker_Vertex_70.HTS.XT,XS: finely ground <80 mesh,CC-BY,https://ncsslabdatamart.sc.egov.usda.gov/datause.aspx,https://doi.org/10.2136/sssaj2019.06.0205,0.03019,1.42398,0.064
621,e44561cd6a8e20b7c9606f8a83c180d2,KSSL.SSL,e44561cd6a8e20b7c9606f8a83c180d2,248435XS,Bruker Vertex 70 with HTS-XT accessory,Bruker_Vertex_70.HTS.XT,XS: finely ground <80 mesh,CC-BY,https://ncsslabdatamart.sc.egov.usda.gov/datause.aspx,https://doi.org/10.2136/sssaj2019.06.0205,0.15337,21.78382,0.1126
622,cf441619fc4ce49280348ad5f2a17ab6,KSSL.SSL,cf441619fc4ce49280348ad5f2a17ab6,249689XS,Bruker Vertex 70 with HTS-XT accessory,Bruker_Vertex_70.HTS.XT,XS: finely ground <80 mesh,CC-BY,https://ncsslabdatamart.sc.egov.usda.gov/datause.aspx,https://doi.org/10.2136/sssaj2019.06.0205,0.87394,1.58005,0.18695
623,e5837bd3f8d3a989efed633f487c1c89,KSSL.SSL,e5837bd3f8d3a989efed633f487c1c89,151719XS,Bruker Vertex 70 with HTS-XT accessory,Bruker_Vertex_70.HTS.XT,XS: finely ground <80 mesh,CC-BY,https://ncsslabdatamart.sc.egov.usda.gov/datause.aspx,https://doi.org/10.2136/sssaj2019.06.0205,0.10963,27.20892,2.35413
624,3238e8d3d01c8a1f27f41369597a6f54,KSSL.SSL,3238e8d3d01c8a1f27f41369597a6f54,261231XS,Bruker Vertex 70 with HTS-XT accessory,Bruker_Vertex_70.HTS.XT,XS: finely ground <80 mesh,CC-BY,https://ncsslabdatamart.sc.egov.usda.gov/datause.aspx,https://doi.org/10.2136/sssaj2019.06.0205,0.78004,16.13183,5.51736
625,32fdda0b4b43b44444cd95e24d4b46a2,KSSL.SSL,32fdda0b4b43b44444cd95e24d4b46a2,258030XS,Bruker Vertex 70 with HTS-XT accessory,Bruker_Vertex_70.HTS.XT,XS: finely ground <80 mesh,CC-BY,https://ncsslabdatamart.sc.egov.usda.gov/datause.aspx,https://doi.org/10.2136/sssaj2019.06.0205,0.2373,3.61055,1.23682
626,12a3d535a6e150d8596a546f6ef184ec,KSSL.SSL,12a3d535a6e150d8596a546f6ef184ec,144075XS,Bruker Vertex 70 with HTS-XT accessory,Bruker_Vertex_70.HTS.XT,XS: finely ground <80 mesh,CC-BY,https://ncsslabdatamart.sc.egov.usda.gov/datause.aspx,https://doi.org/10.2136/sssaj2019.06.0205,0.01812,4.07256,0.20093
627,4ccc230ef4f95b0fe8a320ff62eb8241,GARRETT.SSL,4ccc230ef4f95b0fe8a320ff62eb8241,S40958,Bruker Invenio-S with HTS-XT,Bruker_InvenioS_HTS.XT,,CC-BY,https://creativecommons.org/licenses/by/4.0/,https://doi.org/10.6084/m9.figshare.20506587.v2,0.26687962962963,20.1448541313933,0.348202727127904
628,4b1f66e0a1dd117d24bd9896c29b1bb8,KSSL.SSL,4b1f66e0a1dd117d24bd9896c29b1bb8,192179XS,Bruker Vertex 70 with HTS-XT accessory,Bruker_Vertex_70.HTS.XT,XS: finely ground <80 mesh,CC-BY,https://ncsslabdatamart.sc.egov.usda.gov/datause.aspx,https://doi.org/10.2136/sssaj2019.06.0205,0.00405,14.5598,2.35
629,edcb7f9760a63d0f8c7269910ba83a30,KSSL.SSL,edcb7f9760a63d0f8c7269910ba83a30,154375XS,Bruker Vertex 70 with HTS-XT accessory,Bruker_Vertex_70.HTS.XT,XS: finely ground <80 mesh,CC-BY,https://ncsslabdatamart.sc.egov.usda.gov/datause.aspx,https://doi.org/10.2136/sssaj2019.06.0205,2.17974,11.30263,5.82531
630,1f1cb5bdb847587808dd129e773c0223,KSSL.SSL,1f1cb5bdb847587808dd129e773c0223,115640XS,Bruker Vertex 70 with HTS-XT accessory,Bruker_Vertex_70.HTS.XT,XS: finely ground <80 mesh,CC-BY,https://ncsslabdatamart.sc.egov.usda.gov/datause.aspx,https://doi.org/10.2136/sssaj2019.06.0205,0.0205,3.01186,0.70797
631,1a36f0ebb5f842763ad490ec4b6eb964,KSSL.SSL,1a36f0ebb5f842763ad490ec4b6eb964,161485XS,Bruker Vertex 70 with HTS-XT accessory,Bruker_Vertex_70.HTS.XT,XS: finely ground <80 mesh,CC-BY,https://ncsslabdatamart.sc.egov.usda.gov/datause.aspx,https://doi.org/10.2136/sssaj2019.06.0205,0.05817,10.04097,0.49584
632,655f6562731774fc18a9c568ba00a31e,LUCAS.WOODWELL.SSL,655f6562731774fc18a9c568ba00a31e,12091,Bruker Vertex 70 with with PikeAutoDiff accessory,Bruker_Vertex_70.PikeAutoDiff,,CC-BY,https://creativecommons.org/licenses/by/4.0/,https://doi.org/10.3390/s20236729,0.16,148.9,0.563200163691237
633,5fec21df2359f59953602b2e21c7a3db,KSSL.SSL,5fec21df2359f59953602b2e21c7a3db,285137XS,Bruker Vertex 70 with HTS-XT accessory,Bruker_Vertex_70.HTS.XT,XS: finely ground <80 mesh,CC-BY,https://ncsslabdatamart.sc.egov.usda.gov/datause.aspx,https://doi.org/10.2136/sssaj2019.06.0205,0.08391,16.78854,0.99968
634,a102daa74f3bda0501bb72d55ed988a2,KSSL.SSL,a102daa74f3bda0501bb72d55ed988a2,222187XS,Bruker Vertex 70 with HTS-XT accessory,Bruker_Vertex_70.HTS.XT,XS: finely ground <80 mesh,CC-BY,https://ncsslabdatamart.sc.egov.usda.gov/datause.aspx,https://doi.org/10.2136/sssaj2019.06.0205,0.15778,1.80513,0.18694
635,1539ff29c10756893a5b827537199d43,KSSL.SSL,1539ff29c10756893a5b827537199d43,55063XS,Bruker Vertex 70 with HTS-XT accessory,Bruker_Vertex_70.HTS.XT,XS: finely ground <80 mesh,CC-BY,https://ncsslabdatamart.sc.egov.usda.gov/datause.aspx,https://doi.org/10.2136/sssaj2019.06.0205,0.11402,3.22823,0.39923
636,9dff76271bed68ec6d7b597393c56eb5,KSSL.SSL,9dff76271bed68ec6d7b597393c56eb5,253614XS,Bruker Vertex 70 with HTS-XT accessory,Bruker_Vertex_70.HTS.XT,XS: finely ground <80 mesh,CC-BY,https://ncsslabdatamart.sc.egov.usda.gov/datause.aspx,https://doi.org/10.2136/sssaj2019.06.0205,0.05088,1.35346,0.37535
637,27c8eea5f8420aeaf5ee4ee4902f30ef,KSSL.SSL,27c8eea5f8420aeaf5ee4ee4902f30ef,179472XS,Bruker Vertex 70 with HTS-XT accessory,Bruker_Vertex_70.HTS.XT,XS: finely ground <80 mesh,CC-BY,https://ncsslabdatamart.sc.egov.usda.gov/datause.aspx,https://doi.org/10.2136/sssaj2019.06.0205,1.72568,8.42707,0.04962
638,1ced3ac2735736f8fb8cb870ddccd9f1,LUCAS.WOODWELL.SSL,1ced3ac2735736f8fb8cb870ddccd9f1,12184,Bruker Vertex 70 with with PikeAutoDiff accessory,Bruker_Vertex_70.PikeAutoDiff,,CC-BY,https://creativecommons.org/licenses/by/4.0/,https://doi.org/10.3390/s20236729,0.39,23.2,1.11361194946033
639,1ef20529f8cc86ddf01cb51f4067a594,LUCAS.WOODWELL.SSL,1ef20529f8cc86ddf01cb51f4067a594,11902,Bruker Vertex 70 with with PikeAutoDiff accessory,Bruker_Vertex_70.PikeAutoDiff,,CC-BY,https://creativecommons.org/licenses/by/4.0/,https://doi.org/10.3390/s20236729,0.18,13.9,1.4635019694102
640,7dfced7c2dbb09378b7dfdd51a2829ae,KSSL.SSL,7dfced7c2dbb09378b7dfdd51a2829ae,253824XS,Bruker Vertex 70 with HTS-XT accessory,Bruker_Vertex_70.HTS.XT,XS: finely ground <80 mesh,CC-BY,https://ncsslabdatamart.sc.egov.usda.gov/datause.aspx,https://doi.org/10.2136/sssaj2019.06.0205,0.15287,2.85479,0.18776
641,512bed3c4081969b36cd1fdb399a7c1b,LUCAS.WOODWELL.SSL,512bed3c4081969b36cd1fdb399a7c1b,11764,Bruker Vertex 70 with with PikeAutoDiff accessory,Bruker_Vertex_70.PikeAutoDiff,,CC-BY,https://creativecommons.org/licenses/by/4.0/,https://doi.org/10.3390/s20236729,0.17,50.3,0.899790270602077
642,f1ece102f3485cda54b5b14f024b69d5,LUCAS.WOODWELL.SSL,f1ece102f3485cda54b5b14f024b69d5,11901,Bruker Vertex 70 with with PikeAutoDiff accessory,Bruker_Vertex_70.PikeAutoDiff,,CC-BY,https://creativecommons.org/licenses/by/4.0/,https://doi.org/10.3390/s20236729,0.24,0.0,0.355005371118727
643,bbbb9d429dfb54ac0a43019d25c1e222,KSSL.SSL,bbbb9d429dfb54ac0a43019d25c1e222,153858XS,Bruker Vertex 70 with HTS-XT accessory,Bruker_Vertex_70.HTS.XT,XS: finely ground <80 mesh,CC-BY,https://ncsslabdatamart.sc.egov.usda.gov/datause.aspx,https://doi.org/10.2136/sssaj2019.06.0205,0.40462,46.65345,0.6402
644,51a9571827dc3ae1ff8660bcd90cf56a,KSSL.SSL,51a9571827dc3ae1ff8660bcd90cf56a,281370XS,Bruker Vertex 70 with HTS-XT accessory,Bruker_Vertex_70.HTS.XT,XS: finely ground <80 mesh,CC-BY,https://ncsslabdatamart.sc.egov.usda.gov/datause.aspx,https://doi.org/10.2136/sssaj2019.06.0205,0.26032,3.81797,0.33809
645,83e9cadf14fd18fc4725123a6b0c6c6a,LUCAS.WOODWELL.SSL,83e9cadf14fd18fc4725123a6b0c6c6a,11133,Bruker Vertex 70 with with PikeAutoDiff accessory,Bruker_Vertex_70.PikeAutoDiff,,CC-BY,https://creativecommons.org/licenses/by/4.0/,https://doi.org/10.3390/s20236729,0.18,86.7,4.00634303544938
646,d373bd588365badb17994e252d828958,KSSL.SSL,d373bd588365badb17994e252d828958,248921XS,Bruker Vertex 70 with HTS-XT accessory,Bruker_Vertex_70.HTS.XT,XS: finely ground <80 mesh,CC-BY,https://ncsslabdatamart.sc.egov.usda.gov/datause.aspx,https://doi.org/10.2136/sssaj2019.06.0205,1.11132,53.1763,1.16245
647,a0f521b02df4c8782e83dd25bfcd6500,KSSL.SSL,a0f521b02df4c8782e83dd25bfcd6500,153202XS,Bruker Vertex 70 with HTS-XT accessory,Bruker_Vertex_70.HTS.XT,XS: finely ground <80 mesh,CC-BY,https://ncsslabdatamart.sc.egov.usda.gov/datause.aspx,https://doi.org/10.2136/sssaj2019.06.0205,0.0919,0.77929,0.02361
648,c7a212f5c4cf93cb5e218faf9006776f,KSSL.SSL,c7a212f5c4cf93cb5e218faf9006776f,252391XS,Bruker Vertex 70 with HTS-XT accessory,Bruker_Vertex_70.HTS.XT,XS: finely ground <80 mesh,CC-BY,https://ncsslabdatamart.sc.egov.usda.gov/datause.aspx,https://doi.org/10.2136/sssaj2019.06.0205,1.09868,16.39235,2.55907
649,5a6ab9771f1afed7b688467eb1a41dd8,KSSL.SSL,5a6ab9771f1afed7b688467eb1a41dd8,153473XS,Bruker Vertex 70 with HTS-XT accessory,Bruker_Vertex_70.HTS.XT,XS: finely ground <80 mesh,CC-BY,https://ncsslabdatamart.sc.egov.usda.gov/datause.aspx,https://doi.org/10.2136/sssaj2019.06.0205,0.68549,2.64934,2.46365
650,1bcb55594443d516ebda0705b04f84f4,KSSL.SSL,1bcb55594443d516ebda0705b04f84f4,247579XS,Bruker Vertex 70 with HTS-XT accessory,Bruker_Vertex_70.HTS.XT,XS: finely ground <80 mesh,CC-BY,https://ncsslabdatamart.sc.egov.usda.gov/datause.aspx,https://doi.org/10.2136/sssaj2019.06.0205,0.56247,10.34447,2.40965
651,64d3f294b5a53a390f41d58db1dc1cd1,KSSL.SSL,64d3f294b5a53a390f41d58db1dc1cd1,247989XS,Bruker Vertex 70 with HTS-XT accessory,Bruker_Vertex_70.HTS.XT,XS: finely ground <80 mesh,CC-BY,https://ncsslabdatamart.sc.egov.usda.gov/datause.aspx,https://doi.org/10.2136/sssaj2019.06.0205,0.17176,39.04788,1.28978
652,a0210097efd5aaef9e558621397f3fc4,KSSL.SSL,a0210097efd5aaef9e558621397f3fc4,152639XS,Bruker Vertex 70 with HTS-XT accessory,Bruker_Vertex_70.HTS.XT,XS: finely ground <80 mesh,CC-BY,https://ncsslabdatamart.sc.egov.usda.gov/datause.aspx,https://doi.org/10.2136/sssaj2019.06.0205,0.0,0.12096,0.07072
653,eeb8b7034a4680224b0cdce705f28ab9,LUCAS.WOODWELL.SSL,eeb8b7034a4680224b0cdce705f28ab9,12138,Bruker Vertex 70 with with PikeAutoDiff accessory,Bruker_Vertex_70.PikeAutoDiff,,CC-BY,https://creativecommons.org/licenses/by/4.0/,https://doi.org/10.3390/s20236729,0.36,38.9,1.44304056473477
654,86ea864c893f4a3af56fbc1274e41d61,KSSL.SSL,86ea864c893f4a3af56fbc1274e41d61,153199XS,Bruker Vertex 70 with HTS-XT accessory,Bruker_Vertex_70.HTS.XT,XS: finely ground <80 mesh,CC-BY,https://ncsslabdatamart.sc.egov.usda.gov/datause.aspx,https://doi.org/10.2136/sssaj2019.06.0205,0.43651,2.16798,0.02422
655,f0c3abce4704325c1bbe66fd1e2babf8,KSSL.SSL,f0c3abce4704325c1bbe66fd1e2babf8,263403XS,Bruker Vertex 70 with HTS-XT accessory,Bruker_Vertex_70.HTS.XT,XS: finely ground <80 mesh,CC-BY,https://ncsslabdatamart.sc.egov.usda.gov/datause.aspx,https://doi.org/10.2136/sssaj2019.06.0205,0.43317,11.32517,0.86181
656,523bfb3edd9fd94511d037e4d6f5f7cc,KSSL.SSL,523bfb3edd9fd94511d037e4d6f5f7cc,233838XS,Bruker Vertex 70 with HTS-XT accessory,Bruker_Vertex_70.HTS.XT,XS: finely ground <80 mesh,CC-BY,https://ncsslabdatamart.sc.egov.usda.gov/datause.aspx,https://doi.org/10.2136/sssaj2019.06.0205,0.06972,45.92939,0.19902
657,8872b32ecbc02abf4f3c79951fe78576,KSSL.SSL,8872b32ecbc02abf4f3c79951fe78576,69200XS,Bruker Vertex 70 with HTS-XT accessory,Bruker_Vertex_70.HTS.XT,XS: finely ground <80 mesh,CC-BY,https://ncsslabdatamart.sc.egov.usda.gov/datause.aspx,https://doi.org/10.2136/sssaj2019.06.0205,0.27024,5.07363,0.30592
658,37566f03c229dff6e40e643577effd07,KSSL.SSL,37566f03c229dff6e40e643577effd07,255581XS,Bruker Vertex 70 with HTS-XT accessory,Bruker_Vertex_70.HTS.XT,XS: finely ground <80 mesh,CC-BY,https://ncsslabdatamart.sc.egov.usda.gov/datause.aspx,https://doi.org/10.2136/sssaj2019.06.0205,0.05826,1.0722,0.09441
659,51f9c435c74a91b287a2b4f862fb55a5,KSSL.SSL,51f9c435c74a91b287a2b4f862fb55a5,322089XS,Bruker Vertex 70 with HTS-XT accessory,Bruker_Vertex_70.HTS.XT,XS: finely ground <80 mesh,CC-BY,https://ncsslabdatamart.sc.egov.usda.gov/datause.aspx,https://doi.org/10.2136/sssaj2019.06.0205,0.0203,0.79155,0.95022
660,07b46d637b9054c6959b1d9298756b41,KSSL.SSL,07b46d637b9054c6959b1d9298756b41,272686XS,Bruker Vertex 70 with HTS-XT accessory,Bruker_Vertex_70.HTS.XT,XS: finely ground <80 mesh,CC-BY,https://ncsslabdatamart.sc.egov.usda.gov/datause.aspx,https://doi.org/10.2136/sssaj2019.06.0205,0.04034,0.49167,0.16372
661,be8c9294b5c8c4d734e71dbce4283978,KSSL.SSL,be8c9294b5c8c4d734e71dbce4283978,288720XS,Bruker Vertex 70 with HTS-XT accessory,Bruker_Vertex_70.HTS.XT,XS: finely ground <80 mesh,CC-BY,https://ncsslabdatamart.sc.egov.usda.gov/datause.aspx,https://doi.org/10.2136/sssaj2019.06.0205,0.22356,1.78453,3.28868
662,d401fd6bd5d4d60da558204391eb8393,KSSL.SSL,d401fd6bd5d4d60da558204391eb8393,162114XS,Bruker Vertex 70 with HTS-XT accessory,Bruker_Vertex_70.HTS.XT,XS: finely ground <80 mesh,CC-BY,https://ncsslabdatamart.sc.egov.usda.gov/datause.aspx,https://doi.org/10.2136/sssaj2019.06.0205,0.06385,3.61941,0.5498
663,7b883efeb455b28ae64898ccab41934d,KSSL.SSL,7b883efeb455b28ae64898ccab41934d,252310XS,Bruker Vertex 70 with HTS-XT accessory,Bruker_Vertex_70.HTS.XT,XS: finely ground <80 mesh,CC-BY,https://ncsslabdatamart.sc.egov.usda.gov/datause.aspx,https://doi.org/10.2136/sssaj2019.06.0205,0.85777,73.90384,2.82733
664,33e52c8477f55951df903afc85444457,KSSL.SSL,33e52c8477f55951df903afc85444457,258197XS,Bruker Vertex 70 with HTS-XT accessory,Bruker_Vertex_70.HTS.XT,XS: finely ground <80 mesh,CC-BY,https://ncsslabdatamart.sc.egov.usda.gov/datause.aspx,https://doi.org/10.2136/sssaj2019.06.0205,3.19368,35.90986,0.45628
665,9cc8b87044b84c3930bb123508311620,KSSL.SSL,9cc8b87044b84c3930bb123508311620,263275XS,Bruker Vertex 70 with HTS-XT accessory,Bruker_Vertex_70.HTS.XT,XS: finely ground <80 mesh,CC-BY,https://ncsslabdatamart.sc.egov.usda.gov/datause.aspx,https://doi.org/10.2136/sssaj2019.06.0205,0.77543,6.42139,0.27329
666,fe34c9b464dc4f885a26e950897b22ae,KSSL.SSL,fe34c9b464dc4f885a26e950897b22ae,255118XS,Bruker Vertex 70 with HTS-XT accessory,Bruker_Vertex_70.HTS.XT,XS: finely ground <80 mesh,CC-BY,https://ncsslabdatamart.sc.egov.usda.gov/datause.aspx,https://doi.org/10.2136/sssaj2019.06.0205,0.16637,9.76622,1.89472
667,858b2367aab2a46cc4921981b126aa0f,KSSL.SSL,858b2367aab2a46cc4921981b126aa0f,263350XS,Bruker Vertex 70 with HTS-XT accessory,Bruker_Vertex_70.HTS.XT,XS: finely ground <80 mesh,CC-BY,https://ncsslabdatamart.sc.egov.usda.gov/datause.aspx,https://doi.org/10.2136/sssaj2019.06.0205,0.05102,1.09618,0.99279
668,05e37ff69b870fdc1d844a16986c480c,KSSL.SSL,05e37ff69b870fdc1d844a16986c480c,152160XS,Bruker Vertex 70 with HTS-XT accessory,Bruker_Vertex_70.HTS.XT,XS: finely ground <80 mesh,CC-BY,https://ncsslabdatamart.sc.egov.usda.gov/datause.aspx,https://doi.org/10.2136/sssaj2019.06.0205,0.2376,17.1786,1.66457
669,2238b17b0400ef1ec59a53a987b5e6f3,KSSL.SSL,2238b17b0400ef1ec59a53a987b5e6f3,250139XS,Bruker Vertex 70 with HTS-XT accessory,Bruker_Vertex_70.HTS.XT,XS: finely ground <80 mesh,CC-BY,https://ncsslabdatamart.sc.egov.usda.gov/datause.aspx,https://doi.org/10.2136/sssaj2019.06.0205,0.06237,17.21315,1.40544
670,b062214367654eab4b39d4af12a83e18,KSSL.SSL,b062214367654eab4b39d4af12a83e18,184698XS,Bruker Vertex 70 with HTS-XT accessory,Bruker_Vertex_70.HTS.XT,XS: finely ground <80 mesh,CC-BY,https://ncsslabdatamart.sc.egov.usda.gov/datause.aspx,https://doi.org/10.2136/sssaj2019.06.0205,0.10189,10.22187,0.8687
671,4fc6eae29f575b36a555874b8b7458ed,KSSL.SSL,4fc6eae29f575b36a555874b8b7458ed,123482XS,Bruker Vertex 70 with HTS-XT accessory,Bruker_Vertex_70.HTS.XT,XS: finely ground <80 mesh,CC-BY,https://ncsslabdatamart.sc.egov.usda.gov/datause.aspx,https://doi.org/10.2136/sssaj2019.06.0205,0.2096,33.40133,2.93104
672,fab0c8d4f178d681b22be59ab44cea4f,KSSL.SSL,fab0c8d4f178d681b22be59ab44cea4f,241383XS,Bruker Vertex 70 with HTS-XT accessory,Bruker_Vertex_70.HTS.XT,XS: finely ground <80 mesh,CC-BY,https://ncsslabdatamart.sc.egov.usda.gov/datause.aspx,https://doi.org/10.2136/sssaj2019.06.0205,0.6394,13.22234,3.20347
673,6f1d7d451a4efb119825a65c3d0eab60,KSSL.SSL,6f1d7d451a4efb119825a65c3d0eab60,157971XS,Bruker Vertex 70 with HTS-XT accessory,Bruker_Vertex_70.HTS.XT,XS: finely ground <80 mesh,CC-BY,https://ncsslabdatamart.sc.egov.usda.gov/datause.aspx,https://doi.org/10.2136/sssaj2019.06.0205,0.54821,2.27688,0.13773
674,77402b83a26cf32c4b1b4fffb3591c6b,KSSL.SSL,77402b83a26cf32c4b1b4fffb3591c6b,259458XS,Bruker Vertex 70 with HTS-XT accessory,Bruker_Vertex_70.HTS.XT,XS: finely ground <80 mesh,CC-BY,https://ncsslabdatamart.sc.egov.usda.gov/datause.aspx,https://doi.org/10.2136/sssaj2019.06.0205,0.14399,20.90968,1.02287
675,e0d6137913f5ac414a49445801c6e2cc,KSSL.SSL,e0d6137913f5ac414a49445801c6e2cc,250269XS,Bruker Vertex 70 with HTS-XT accessory,Bruker_Vertex_70.HTS.XT,XS: finely ground <80 mesh,CC-BY,https://ncsslabdatamart.sc.egov.usda.gov/datause.aspx,https://doi.org/10.2136/sssaj2019.06.0205,0.77264,8.6651,2.92536
676,afc2b7e398fe7f4bab5adcff11fbb227,KSSL.SSL,afc2b7e398fe7f4bab5adcff11fbb227,234305XS,Bruker Vertex 70 with HTS-XT accessory,Bruker_Vertex_70.HTS.XT,XS: finely ground <80 mesh,CC-BY,https://ncsslabdatamart.sc.egov.usda.gov/datause.aspx,https://doi.org/10.2136/sssaj2019.06.0205,0.31994,20.40391,1.27176
677,c2b3259d9ab0ad2b0ebc75745bff9d92,KSSL.SSL,c2b3259d9ab0ad2b0ebc75745bff9d92,268647XS,Bruker Vertex 70 with HTS-XT accessory,Bruker_Vertex_70.HTS.XT,XS: finely ground <80 mesh,CC-BY,https://ncsslabdatamart.sc.egov.usda.gov/datause.aspx,https://doi.org/10.2136/sssaj2019.06.0205,0.33663,21.33518,0.60171
678,43d9da8b1f94803390da04b86a4c0940,KSSL.SSL,43d9da8b1f94803390da04b86a4c0940,261130XS,Bruker Vertex 70 with HTS-XT accessory,Bruker_Vertex_70.HTS.XT,XS: finely ground <80 mesh,CC-BY,https://ncsslabdatamart.sc.egov.usda.gov/datause.aspx,https://doi.org/10.2136/sssaj2019.06.0205,0.0911,0.15356,0.0
679,d02787ab44493fd7df96d988503034b7,KSSL.SSL,d02787ab44493fd7df96d988503034b7,188624XS,Bruker Vertex 70 with HTS-XT accessory,Bruker_Vertex_70.HTS.XT,XS: finely ground <80 mesh,CC-BY,https://ncsslabdatamart.sc.egov.usda.gov/datause.aspx,https://doi.org/10.2136/sssaj2019.06.0205,0.50042,113.56352,3.82139
680,4f36096da7e1c6dc5e882deeb9457e51,KSSL.SSL,4f36096da7e1c6dc5e882deeb9457e51,295302XN,Bruker Vertex 70 with HTS-XT accessory,Bruker_Vertex_70.HTS.XT,XN: finely ground <80 mesh,CC-BY,https://ncsslabdatamart.sc.egov.usda.gov/datause.aspx,https://doi.org/10.2136/sssaj2019.06.0205,0.09257,6.3264,0.59749
681,7d1fae4ff70f9264801aa720c26c1ecd,KSSL.SSL,7d1fae4ff70f9264801aa720c26c1ecd,161664XS,Bruker Vertex 70 with HTS-XT accessory,Bruker_Vertex_70.HTS.XT,XS: finely ground <80 mesh,CC-BY,https://ncsslabdatamart.sc.egov.usda.gov/datause.aspx,https://doi.org/10.2136/sssaj2019.06.0205,0.26322,55.54856,0.1844
682,3f735ec7c3a433cb15bfb6ece409f8ba,KSSL.SSL,3f735ec7c3a433cb15bfb6ece409f8ba,158673XS,Bruker Vertex 70 with HTS-XT accessory,Bruker_Vertex_70.HTS.XT,XS: finely ground <80 mesh,CC-BY,https://ncsslabdatamart.sc.egov.usda.gov/datause.aspx,https://doi.org/10.2136/sssaj2019.06.0205,2.35951,6.6562,0.77775
683,0c7e0110da09deb0bfd2c7393f77b848,KSSL.SSL,0c7e0110da09deb0bfd2c7393f77b848,263259XS,Bruker Vertex 70 with HTS-XT accessory,Bruker_Vertex_70.HTS.XT,XS: finely ground <80 mesh,CC-BY,https://ncsslabdatamart.sc.egov.usda.gov/datause.aspx,https://doi.org/10.2136/sssaj2019.06.0205,0.24648,6.65654,1.30411
684,636244f2c5e8b1a9a177037c52e36e7b,KSSL.SSL,636244f2c5e8b1a9a177037c52e36e7b,253668XS,Bruker Vertex 70 with HTS-XT accessory,Bruker_Vertex_70.HTS.XT,XS: finely ground <80 mesh,CC-BY,https://ncsslabdatamart.sc.egov.usda.gov/datause.aspx,https://doi.org/10.2136/sssaj2019.06.0205,0.90111,1.72162,1.22973
685,9a2cbec9c4e6cbceb956e61318d6a38f,KSSL.SSL,9a2cbec9c4e6cbceb956e61318d6a38f,258952XS,Bruker Vertex 70 with HTS-XT accessory,Bruker_Vertex_70.HTS.XT,XS: finely ground <80 mesh,CC-BY,https://ncsslabdatamart.sc.egov.usda.gov/datause.aspx,https://doi.org/10.2136/sssaj2019.06.0205,0.86881,6.1853,2.12862
686,6bb31ca065b8464a03932b6a29cf6f2e,KSSL.SSL,6bb31ca065b8464a03932b6a29cf6f2e,254949XS,Bruker Vertex 70 with HTS-XT accessory,Bruker_Vertex_70.HTS.XT,XS: finely ground <80 mesh,CC-BY,https://ncsslabdatamart.sc.egov.usda.gov/datause.aspx,https://doi.org/10.2136/sssaj2019.06.0205,0.02008,0.78773,0.06963
687,a4630525c8131e7ecc09ba5d3552542a,KSSL.SSL,a4630525c8131e7ecc09ba5d3552542a,109028XS,Bruker Vertex 70 with HTS-XT accessory,Bruker_Vertex_70.HTS.XT,XS: finely ground <80 mesh,CC-BY,https://ncsslabdatamart.sc.egov.usda.gov/datause.aspx,https://doi.org/10.2136/sssaj2019.06.0205,0.17176,0.03067,0.53754
688,788eecb8a5851a63cdd863c8751aaa9d,KSSL.SSL,788eecb8a5851a63cdd863c8751aaa9d,261382XS,Bruker Vertex 70 with HTS-XT accessory,Bruker_Vertex_70.HTS.XT,XS: finely ground <80 mesh,CC-BY,https://ncsslabdatamart.sc.egov.usda.gov/datause.aspx,https://doi.org/10.2136/sssaj2019.06.0205,0.01916,1.14844,0.04551
689,1440946b993f17ffdaa19025a4bdf9b7,KSSL.SSL,1440946b993f17ffdaa19025a4bdf9b7,222685XS,Bruker Vertex 70 with HTS-XT accessory,Bruker_Vertex_70.HTS.XT,XS: finely ground <80 mesh,CC-BY,https://ncsslabdatamart.sc.egov.usda.gov/datause.aspx,https://doi.org/10.2136/sssaj2019.06.0205,1.5993,28.36173,0.4086
690,e942975bc24705cf8739b6e4f8de360c,KSSL.SSL,e942975bc24705cf8739b6e4f8de360c,138139XS,Bruker Vertex 70 with HTS-XT accessory,Bruker_Vertex_70.HTS.XT,XS: finely ground <80 mesh,CC-BY,https://ncsslabdatamart.sc.egov.usda.gov/datause.aspx,https://doi.org/10.2136/sssaj2019.06.0205,0.11373,3.53977,1.15021
691,d04c16aeaf6519a851f7f2b9dae8a9aa,KSSL.SSL,d04c16aeaf6519a851f7f2b9dae8a9aa,257144XS,Bruker Vertex 70 with HTS-XT accessory,Bruker_Vertex_70.HTS.XT,XS: finely ground <80 mesh,CC-BY,https://ncsslabdatamart.sc.egov.usda.gov/datause.aspx,https://doi.org/10.2136/sssaj2019.06.0205,0.80008,7.95122,0.66945
692,0fab876fc6d8031b8919c78c096d72d9,KSSL.SSL,0fab876fc6d8031b8919c78c096d72d9,276326XS,Bruker Vertex 70 with HTS-XT accessory,Bruker_Vertex_70.HTS.XT,XS: finely ground <80 mesh,CC-BY,https://ncsslabdatamart.sc.egov.usda.gov/datause.aspx,https://doi.org/10.2136/sssaj2019.06.0205,0.10911,7.50377,0.4878
693,9505c62b83f8c76195a309efe90ab040,KSSL.SSL,9505c62b83f8c76195a309efe90ab040,155856XS,Bruker Vertex 70 with HTS-XT accessory,Bruker_Vertex_70.HTS.XT,XS: finely ground <80 mesh,CC-BY,https://ncsslabdatamart.sc.egov.usda.gov/datause.aspx,https://doi.org/10.2136/sssaj2019.06.0205,2.46105,10.56462,2.20339
694,e861d9a3713b35831574382900745d52,KSSL.SSL,e861d9a3713b35831574382900745d52,154330XS,Bruker Vertex 70 with HTS-XT accessory,Bruker_Vertex_70.HTS.XT,XS: finely ground <80 mesh,CC-BY,https://ncsslabdatamart.sc.egov.usda.gov/datause.aspx,https://doi.org/10.2136/sssaj2019.06.0205,0.0898,4.69503,0.04617
695,610635653f17feb5ebd0e95c6348acfe,KSSL.SSL,610635653f17feb5ebd0e95c6348acfe,260441XS,Bruker Vertex 70 with HTS-XT accessory,Bruker_Vertex_70.HTS.XT,XS: finely ground <80 mesh,CC-BY,https://ncsslabdatamart.sc.egov.usda.gov/datause.aspx,https://doi.org/10.2136/sssaj2019.06.0205,1.02862,28.32584,0.65572
696,e7b06ca87b9542811faade0a5339aa93,KSSL.SSL,e7b06ca87b9542811faade0a5339aa93,253736XS,Bruker Vertex 70 with HTS-XT accessory,Bruker_Vertex_70.HTS.XT,XS: finely ground <80 mesh,CC-BY,https://ncsslabdatamart.sc.egov.usda.gov/datause.aspx,https://doi.org/10.2136/sssaj2019.06.0205,0.84281,40.88075,0.36877
697,ab23985296116afa78786e66647647ae,KSSL.SSL,ab23985296116afa78786e66647647ae,252061XS,Bruker Vertex 70 with HTS-XT accessory,Bruker_Vertex_70.HTS.XT,XS: finely ground <80 mesh,CC-BY,https://ncsslabdatamart.sc.egov.usda.gov/datause.aspx,https://doi.org/10.2136/sssaj2019.06.0205,0.13141,22.19271,0.0
698,76e53a271b7246864f4f09b1f2cbb7b0,KSSL.SSL,76e53a271b7246864f4f09b1f2cbb7b0,234299XS,Bruker Vertex 70 with HTS-XT accessory,Bruker_Vertex_70.HTS.XT,XS: finely ground <80 mesh,CC-BY,https://ncsslabdatamart.sc.egov.usda.gov/datause.aspx,https://doi.org/10.2136/sssaj2019.06.0205,0.15208,23.81576,0.66324
699,f414b7b1733e6ba4bf7178985c8e1803,KSSL.SSL,f414b7b1733e6ba4bf7178985c8e1803,235766XS,Bruker Vertex 70 with HTS-XT accessory,Bruker_Vertex_70.HTS.XT,XS: finely ground <80 mesh,CC-BY,https://ncsslabdatamart.sc.egov.usda.gov/datause.aspx,https://doi.org/10.2136/sssaj2019.06.0205,0.059,2.73463,0.41478
700,bf0cafc75c6000bfc1dc5acfc6bd0994,KSSL.SSL,bf0cafc75c6000bfc1dc5acfc6bd0994,158121XS,Bruker Vertex 70 with HTS-XT accessory,Bruker_Vertex_70.HTS.XT,XS: finely ground <80 mesh,CC-BY,https://ncsslabdatamart.sc.egov.usda.gov/datause.aspx,https://doi.org/10.2136/sssaj2019.06.0205,1.80081,17.29668,0.12141
701,01d082734d68a144b48705e2a1d90fd7,KSSL.SSL,01d082734d68a144b48705e2a1d90fd7,244355XS,Bruker Vertex 70 with HTS-XT accessory,Bruker_Vertex_70.HTS.XT,XS: finely ground <80 mesh,CC-BY,https://ncsslabdatamart.sc.egov.usda.gov/datause.aspx,https://doi.org/10.2136/sssaj2019.06.0205,0.63555,35.80428,0.02454
702,e424eeaeda4b24bf5080f93787793955,KSSL.SSL,e424eeaeda4b24bf5080f93787793955,246200XS,Bruker Vertex 70 with HTS-XT accessory,Bruker_Vertex_70.HTS.XT,XS: finely ground <80 mesh,CC-BY,https://ncsslabdatamart.sc.egov.usda.gov/datause.aspx,https://doi.org/10.2136/sssaj2019.06.0205,0.40517,14.9891,0.30013
703,57239616d470649f9992bb55078990a6,KSSL.SSL,57239616d470649f9992bb55078990a6,152755XS,Bruker Vertex 70 with HTS-XT accessory,Bruker_Vertex_70.HTS.XT,XS: finely ground <80 mesh,CC-BY,https://ncsslabdatamart.sc.egov.usda.gov/datause.aspx,https://doi.org/10.2136/sssaj2019.06.0205,1.25792,4.67047,0.32983
704,9e77551688638663048ca769bbe9d5f0,KSSL.SSL,9e77551688638663048ca769bbe9d5f0,280534XS,Bruker Vertex 70 with HTS-XT accessory,Bruker_Vertex_70.HTS.XT,XS: finely ground <80 mesh,CC-BY,https://ncsslabdatamart.sc.egov.usda.gov/datause.aspx,https://doi.org/10.2136/sssaj2019.06.0205,0.07091,0.96744,0.21565
705,3df12077adeb36f71483e5f357a2b1b3,KSSL.SSL,3df12077adeb36f71483e5f357a2b1b3,250775XS,Bruker Vertex 70 with HTS-XT accessory,Bruker_Vertex_70.HTS.XT,XS: finely ground <80 mesh,CC-BY,https://ncsslabdatamart.sc.egov.usda.gov/datause.aspx,https://doi.org/10.2136/sssaj2019.06.0205,0.01918,2.02867,0.07546
706,ef417108ebc33f95b9b41f3a5b754b58,KSSL.SSL,ef417108ebc33f95b9b41f3a5b754b58,258090XS,Bruker Vertex 70 with HTS-XT accessory,Bruker_Vertex_70.HTS.XT,XS: finely ground <80 mesh,CC-BY,https://ncsslabdatamart.sc.egov.usda.gov/datause.aspx,https://doi.org/10.2136/sssaj2019.06.0205,2.74504,26.05723,1.17009
707,eac3a4c8f3ebc6e38901033fdbeff81a,KSSL.SSL,eac3a4c8f3ebc6e38901033fdbeff81a,68247XS,Bruker Vertex 70 with HTS-XT accessory,Bruker_Vertex_70.HTS.XT,XS: finely ground <80 mesh,CC-BY,https://ncsslabdatamart.sc.egov.usda.gov/datause.aspx,https://doi.org/10.2136/sssaj2019.06.0205,0.01225,1.00483,0.38188
708,a296e27eb61a534368a70da111a54679,KSSL.SSL,a296e27eb61a534368a70da111a54679,175165XS,Bruker Vertex 70 with HTS-XT accessory,Bruker_Vertex_70.HTS.XT,XS: finely ground <80 mesh,CC-BY,https://ncsslabdatamart.sc.egov.usda.gov/datause.aspx,https://doi.org/10.2136/sssaj2019.06.0205,0.03096,0.13429,0.82412
709,6d841c36b29572b5b58fb61b55ed215f,KSSL.SSL,6d841c36b29572b5b58fb61b55ed215f,252536XS,Bruker Vertex 70 with HTS-XT accessory,Bruker_Vertex_70.HTS.XT,XS: finely ground <80 mesh,CC-BY,https://ncsslabdatamart.sc.egov.usda.gov/datause.aspx,https://doi.org/10.2136/sssaj2019.06.0205,0.00403,4.74515,0.77471
710,79c43b6710971f00edd55d124d609000,KSSL.SSL,79c43b6710971f00edd55d124d609000,250137XS,Bruker Vertex 70 with HTS-XT accessory,Bruker_Vertex_70.HTS.XT,XS: finely ground <80 mesh,CC-BY,https://ncsslabdatamart.sc.egov.usda.gov/datause.aspx,https://doi.org/10.2136/sssaj2019.06.0205,0.17271,75.43513,1.06117
711,1bcaead4309555d16f991a82b3d671e1,KSSL.SSL,1bcaead4309555d16f991a82b3d671e1,155429XS,Bruker Vertex 70 with HTS-XT accessory,Bruker_Vertex_70.HTS.XT,XS: finely ground <80 mesh,CC-BY,https://ncsslabdatamart.sc.egov.usda.gov/datause.aspx,https://doi.org/10.2136/sssaj2019.06.0205,0.31738,4.19959,0.0
712,ed39464a37d1eaf9c2cf178154f51d82,KSSL.SSL,ed39464a37d1eaf9c2cf178154f51d82,248622XS,Bruker Vertex 70 with HTS-XT accessory,Bruker_Vertex_70.HTS.XT,XS: finely ground <80 mesh,CC-BY,https://ncsslabdatamart.sc.egov.usda.gov/datause.aspx,https://doi.org/10.2136/sssaj2019.06.0205,0.16468,2.35905,0.12465
713,296e124c653f79976d7120c8e631312d,KSSL.SSL,296e124c653f79976d7120c8e631312d,285161XS,Bruker Vertex 70 with HTS-XT accessory,Bruker_Vertex_70.HTS.XT,XS: finely ground <80 mesh,CC-BY,https://ncsslabdatamart.sc.egov.usda.gov/datause.aspx,https://doi.org/10.2136/sssaj2019.06.0205,0.25982,35.49046,0.74406
714,5f2f6af082871018476de5ee5884a5cc,KSSL.SSL,5f2f6af082871018476de5ee5884a5cc,226518XS,Bruker Vertex 70 with HTS-XT accessory,Bruker_Vertex_70.HTS.XT,XS: finely ground <80 mesh,CC-BY,https://ncsslabdatamart.sc.egov.usda.gov/datause.aspx,https://doi.org/10.2136/sssaj2019.06.0205,0.28911,4.20684,3.31776
715,f49e6f826f10bdb241c0d3a1d9a843c7,KSSL.SSL,f49e6f826f10bdb241c0d3a1d9a843c7,153720XS,Bruker Vertex 70 with HTS-XT accessory,Bruker_Vertex_70.HTS.XT,XS: finely ground <80 mesh,CC-BY,https://ncsslabdatamart.sc.egov.usda.gov/datause.aspx,https://doi.org/10.2136/sssaj2019.06.0205,0.23718,5.81711,0.0
716,d68e7bcf73d25d6152a8557464dc828c,KSSL.SSL,d68e7bcf73d25d6152a8557464dc828c,253836XS,Bruker Vertex 70 with HTS-XT accessory,Bruker_Vertex_70.HTS.XT,XS: finely ground <80 mesh,CC-BY,https://ncsslabdatamart.sc.egov.usda.gov/datause.aspx,https://doi.org/10.2136/sssaj2019.06.0205,1.4616,1.84861,0.25637
717,78eaa1ba0aa88e7b3b9ec7a62bc074c1,KSSL.SSL,78eaa1ba0aa88e7b3b9ec7a62bc074c1,259453XS,Bruker Vertex 70 with HTS-XT accessory,Bruker_Vertex_70.HTS.XT,XS: finely ground <80 mesh,CC-BY,https://ncsslabdatamart.sc.egov.usda.gov/datause.aspx,https://doi.org/10.2136/sssaj2019.06.0205,0.13623,1.18112,1.20893
718,95c3cc5f7b1d214d420c5742de284b28,KSSL.SSL,95c3cc5f7b1d214d420c5742de284b28,251189XS,Bruker Vertex 70 with HTS-XT accessory,Bruker_Vertex_70.HTS.XT,XS: finely ground <80 mesh,CC-BY,https://ncsslabdatamart.sc.egov.usda.gov/datause.aspx,https://doi.org/10.2136/sssaj2019.06.0205,0.07147,0.37218,0.56205
719,1165e6b8c1efc886a3d5b9a6a1a85a9f,KSSL.SSL,1165e6b8c1efc886a3d5b9a6a1a85a9f,247193XS,Bruker Vertex 70 with HTS-XT accessory,Bruker_Vertex_70.HTS.XT,XS: finely ground <80 mesh,CC-BY,https://ncsslabdatamart.sc.egov.usda.gov/datause.aspx,https://doi.org/10.2136/sssaj2019.06.0205,0.20418,1.60046,0.24787
720,80c28fff05055fa3d32f8d5acb31d5fd,KSSL.SSL,80c28fff05055fa3d32f8d5acb31d5fd,226276XS,Bruker Vertex 70 with HTS-XT accessory,Bruker_Vertex_70.HTS.XT,XS: finely ground <80 mesh,CC-BY,https://ncsslabdatamart.sc.egov.usda.gov/datause.aspx,https://doi.org/10.2136/sssaj2019.06.0205,0.13437,2.60583,0.84792
721,aff6cb1e7bea04227b5649c10aee640e,KSSL.SSL,aff6cb1e7bea04227b5649c10aee640e,161936XS,Bruker Vertex 70 with HTS-XT accessory,Bruker_Vertex_70.HTS.XT,XS: finely ground <80 mesh,CC-BY,https://ncsslabdatamart.sc.egov.usda.gov/datause.aspx,https://doi.org/10.2136/sssaj2019.06.0205,2.321,3.15453,1.96043
722,28b1ba7b0d18dad39d689f29bec0a374,KSSL.SSL,28b1ba7b0d18dad39d689f29bec0a374,253334XS,Bruker Vertex 70 with HTS-XT accessory,Bruker_Vertex_70.HTS.XT,XS: finely ground <80 mesh,CC-BY,https://ncsslabdatamart.sc.egov.usda.gov/datause.aspx,https://doi.org/10.2136/sssaj2019.06.0205,0.28617,6.70891,0.14511
723,0397b23c44cc2c4032aa58a525fa7010,KSSL.SSL,0397b23c44cc2c4032aa58a525fa7010,157189XS,Bruker Vertex 70 with HTS-XT accessory,Bruker_Vertex_70.HTS.XT,XS: finely ground <80 mesh,CC-BY,https://ncsslabdatamart.sc.egov.usda.gov/datause.aspx,https://doi.org/10.2136/sssaj2019.06.0205,0.10155,1.53685,0.09328
724,7ebd5e491f55e275a431a7eb9c3a003c,KSSL.SSL,7ebd5e491f55e275a431a7eb9c3a003c,203379XS,Bruker Vertex 70 with HTS-XT accessory,Bruker_Vertex_70.HTS.XT,XS: finely ground <80 mesh,CC-BY,https://ncsslabdatamart.sc.egov.usda.gov/datause.aspx,https://doi.org/10.2136/sssaj2019.06.0205,0.0529,1.3356,0.235
725,a7ea9301647f57e7931c87382ec95f51,KSSL.SSL,a7ea9301647f57e7931c87382ec95f51,245268XS,Bruker Vertex 70 with HTS-XT accessory,Bruker_Vertex_70.HTS.XT,XS: finely ground <80 mesh,CC-BY,https://ncsslabdatamart.sc.egov.usda.gov/datause.aspx,https://doi.org/10.2136/sssaj2019.06.0205,0.05052,12.49749,0.2622
726,b12c580878272a24cf3ce8a14f99070f,KSSL.SSL,b12c580878272a24cf3ce8a14f99070f,247764XS,Bruker Vertex 70 with HTS-XT accessory,Bruker_Vertex_70.HTS.XT,XS: finely ground <80 mesh,CC-BY,https://ncsslabdatamart.sc.egov.usda.gov/datause.aspx,https://doi.org/10.2136/sssaj2019.06.0205,0.13175,4.9788,0.17128
727,4bafe19988c11ac89d124773130af4fa,KSSL.SSL,4bafe19988c11ac89d124773130af4fa,251363XS,Bruker Vertex 70 with HTS-XT accessory,Bruker_Vertex_70.HTS.XT,XS: finely ground <80 mesh,CC-BY,https://ncsslabdatamart.sc.egov.usda.gov/datause.aspx,https://doi.org/10.2136/sssaj2019.06.0205,0.03036,0.0,0.06557
728,7bde30e11d33309add72665932f1eecd,KSSL.SSL,7bde30e11d33309add72665932f1eecd,254989XS,Bruker Vertex 70 with HTS-XT accessory,Bruker_Vertex_70.HTS.XT,XS: finely ground <80 mesh,CC-BY,https://ncsslabdatamart.sc.egov.usda.gov/datause.aspx,https://doi.org/10.2136/sssaj2019.06.0205,0.26688,19.34964,0.33172
729,5fd769bdc0cc5829cc76c85a15e3ca7a,KSSL.SSL,5fd769bdc0cc5829cc76c85a15e3ca7a,250440XS,Bruker Vertex 70 with HTS-XT accessory,Bruker_Vertex_70.HTS.XT,XS: finely ground <80 mesh,CC-BY,https://ncsslabdatamart.sc.egov.usda.gov/datause.aspx,https://doi.org/10.2136/sssaj2019.06.0205,1.12057,13.53702,0.44131
730,423de6e28d44dad18cb16d8d91acb75a,KSSL.SSL,423de6e28d44dad18cb16d8d91acb75a,256041XS,Bruker Vertex 70 with HTS-XT accessory,Bruker_Vertex_70.HTS.XT,XS: finely ground <80 mesh,CC-BY,https://ncsslabdatamart.sc.egov.usda.gov/datause.aspx,https://doi.org/10.2136/sssaj2019.06.0205,3.33257,38.49332,1.33729
731,1e9486a39fd16d4e9f20f893ea7838c0,KSSL.SSL,1e9486a39fd16d4e9f20f893ea7838c0,254319XS,Bruker Vertex 70 with HTS-XT accessory,Bruker_Vertex_70.HTS.XT,XS: finely ground <80 mesh,CC-BY,https://ncsslabdatamart.sc.egov.usda.gov/datause.aspx,https://doi.org/10.2136/sssaj2019.06.0205,0.27124,3.11312,2.22119
732,5abf73f113cd62ad49b62615c96cbaca,KSSL.SSL,5abf73f113cd62ad49b62615c96cbaca,321419XS,Bruker Vertex 70 with HTS-XT accessory,Bruker_Vertex_70.HTS.XT,XS: finely ground <80 mesh,CC-BY,https://ncsslabdatamart.sc.egov.usda.gov/datause.aspx,https://doi.org/10.2136/sssaj2019.06.0205,0.29674,9.72644,1.19395
733,c13be338f7f9e5284751cef802f3d643,KSSL.SSL,c13be338f7f9e5284751cef802f3d643,244251XS,Bruker Vertex 70 with HTS-XT accessory,Bruker_Vertex_70.HTS.XT,XS: finely ground <80 mesh,CC-BY,https://ncsslabdatamart.sc.egov.usda.gov/datause.aspx,https://doi.org/10.2136/sssaj2019.06.0205,0.06099,0.88198,0.0
734,2e247ae51fa5d70613ddeae968630979,LUCAS.WOODWELL.SSL,2e247ae51fa5d70613ddeae968630979,11816,Bruker Vertex 70 with with PikeAutoDiff accessory,Bruker_Vertex_70.PikeAutoDiff,,CC-BY,https://creativecommons.org/licenses/by/4.0/,https://doi.org/10.3390/s20236729,2.25,14.2,0.692107013146453
735,572ec823ee14c7e87887ac89e4f50d81,KSSL.SSL,572ec823ee14c7e87887ac89e4f50d81,276376XS,Bruker Vertex 70 with HTS-XT accessory,Bruker_Vertex_70.HTS.XT,XS: finely ground <80 mesh,CC-BY,https://ncsslabdatamart.sc.egov.usda.gov/datause.aspx,https://doi.org/10.2136/sssaj2019.06.0205,0.21372,25.75924,0.698
736,ad44157b9dde5a21e2837af11b9d27bc,KSSL.SSL,ad44157b9dde5a21e2837af11b9d27bc,237715XS,Bruker Vertex 70 with HTS-XT accessory,Bruker_Vertex_70.HTS.XT,XS: finely ground <80 mesh,CC-BY,https://ncsslabdatamart.sc.egov.usda.gov/datause.aspx,https://doi.org/10.2136/sssaj2019.06.0205,0.0295,6.30802,0.25952
737,e94b682ffd2b6c8f4afcf0015bc84ed2,KSSL.SSL,e94b682ffd2b6c8f4afcf0015bc84ed2,158758XS,Bruker Vertex 70 with HTS-XT accessory,Bruker_Vertex_70.HTS.XT,XS: finely ground <80 mesh,CC-BY,https://ncsslabdatamart.sc.egov.usda.gov/datause.aspx,https://doi.org/10.2136/sssaj2019.06.0205,0.03221,22.59791,0.25746
738,0608bc5b1f0189c59d02e0732e189ac0,KSSL.SSL,0608bc5b1f0189c59d02e0732e189ac0,229644XS,Bruker Vertex 70 with HTS-XT accessory,Bruker_Vertex_70.HTS.XT,XS: finely ground <80 mesh,CC-BY,https://ncsslabdatamart.sc.egov.usda.gov/datause.aspx,https://doi.org/10.2136/sssaj2019.06.0205,0.01737,3.4761,0.11884
739,6b18e69b6b616e1badbdc1bee9042062,KSSL.SSL,6b18e69b6b616e1badbdc1bee9042062,274629XS,Bruker Vertex 70 with HTS-XT accessory,Bruker_Vertex_70.HTS.XT,XS: finely ground <80 mesh,CC-BY,https://ncsslabdatamart.sc.egov.usda.gov/datause.aspx,https://doi.org/10.2136/sssaj2019.06.0205,0.05057,0.0445,0.06392
740,903813834ade1eb94d491b660eb8ede7,KSSL.SSL,903813834ade1eb94d491b660eb8ede7,244669XS,Bruker Vertex 70 with HTS-XT accessory,Bruker_Vertex_70.HTS.XT,XS: finely ground <80 mesh,CC-BY,https://ncsslabdatamart.sc.egov.usda.gov/datause.aspx,https://doi.org/10.2136/sssaj2019.06.0205,0.15511,3.65237,0.13564
741,81fe0324b34c01bd842e2d52ea45fdc9,KSSL.SSL,81fe0324b34c01bd842e2d52ea45fdc9,158512XS,Bruker Vertex 70 with HTS-XT accessory,Bruker_Vertex_70.HTS.XT,XS: finely ground <80 mesh,CC-BY,https://ncsslabdatamart.sc.egov.usda.gov/datause.aspx,https://doi.org/10.2136/sssaj2019.06.0205,0.8179,8.18733,1.1955
742,4e25010d2272e98c2921130a9a9bd1ce,KSSL.SSL,4e25010d2272e98c2921130a9a9bd1ce,241808XS,Bruker Vertex 70 with HTS-XT accessory,Bruker_Vertex_70.HTS.XT,XS: finely ground <80 mesh,CC-BY,https://ncsslabdatamart.sc.egov.usda.gov/datause.aspx,https://doi.org/10.2136/sssaj2019.06.0205,0.04288,6.68614,0.97578
743,f8b9c78faecc5baa0f2b6996f865f1b1,KSSL.SSL,f8b9c78faecc5baa0f2b6996f865f1b1,230976XS,Bruker Vertex 70 with HTS-XT accessory,Bruker_Vertex_70.HTS.XT,XS: finely ground <80 mesh,CC-BY,https://ncsslabdatamart.sc.egov.usda.gov/datause.aspx,https://doi.org/10.2136/sssaj2019.06.0205,0.25861,30.59311,0.91838
744,d896252b885a4ee25bcd7639d819d79f,KSSL.SSL,d896252b885a4ee25bcd7639d819d79f,65344XS,Bruker Vertex 70 with HTS-XT accessory,Bruker_Vertex_70.HTS.XT,XS: finely ground <80 mesh,CC-BY,https://ncsslabdatamart.sc.egov.usda.gov/datause.aspx,https://doi.org/10.2136/sssaj2019.06.0205,0.20687,9.44966,0.18627
745,9be85540581becad235370717b8c27fd,KSSL.SSL,9be85540581becad235370717b8c27fd,231953XS,Bruker Vertex 70 with HTS-XT accessory,Bruker_Vertex_70.HTS.XT,XS: finely ground <80 mesh,CC-BY,https://ncsslabdatamart.sc.egov.usda.gov/datause.aspx,https://doi.org/10.2136/sssaj2019.06.0205,0.09199,1.87412,0.57683
746,48233ed9dfdeae60fa27c16a55a51bb9,KSSL.SSL,48233ed9dfdeae60fa27c16a55a51bb9,281610XS,Bruker Vertex 70 with HTS-XT accessory,Bruker_Vertex_70.HTS.XT,XS: finely ground <80 mesh,CC-BY,https://ncsslabdatamart.sc.egov.usda.gov/datause.aspx,https://doi.org/10.2136/sssaj2019.06.0205,0.2128,2.34547,0.23037
747,5354092a65fdaf270f745e78f5144395,KSSL.SSL,5354092a65fdaf270f745e78f5144395,245941XS,Bruker Vertex 70 with HTS-XT accessory,Bruker_Vertex_70.HTS.XT,XS: finely ground <80 mesh,CC-BY,https://ncsslabdatamart.sc.egov.usda.gov/datause.aspx,https://doi.org/10.2136/sssaj2019.06.0205,0.04049,0.87541,0.1227
748,31dca6aeabd77b58e555437aa262e436,KSSL.SSL,31dca6aeabd77b58e555437aa262e436,253239XS,Bruker Vertex 70 with HTS-XT accessory,Bruker_Vertex_70.HTS.XT,XS: finely ground <80 mesh,CC-BY,https://ncsslabdatamart.sc.egov.usda.gov/datause.aspx,https://doi.org/10.2136/sssaj2019.06.0205,0.41926,51.08214,2.35233
749,53a62ce21caf7ab72a2f789c7d000cc5,KSSL.SSL,53a62ce21caf7ab72a2f789c7d000cc5,256522XS,Bruker Vertex 70 with HTS-XT accessory,Bruker_Vertex_70.HTS.XT,XS: finely ground <80 mesh,CC-BY,https://ncsslabdatamart.sc.egov.usda.gov/datause.aspx,https://doi.org/10.2136/sssaj2019.06.0205,1.3118,3.11143,1.01137
750,024d999c74bf4c0f684982ac44c8f122,KSSL.SSL,024d999c74bf4c0f684982ac44c8f122,168379XS,Bruker Vertex 70 with HTS-XT accessory,Bruker_Vertex_70.HTS.XT,XS: finely ground <80 mesh,CC-BY,https://ncsslabdatamart.sc.egov.usda.gov/datause.aspx,https://doi.org/10.2136/sssaj2019.06.0205,0.05687,1.5862,0.65531
751,f02b2c9315000feb384753d908b30b40,KSSL.SSL,f02b2c9315000feb384753d908b30b40,256197XS,Bruker Vertex 70 with HTS-XT accessory,Bruker_Vertex_70.HTS.XT,XS: finely ground <80 mesh,CC-BY,https://ncsslabdatamart.sc.egov.usda.gov/datause.aspx,https://doi.org/10.2136/sssaj2019.06.0205,0.05055,13.54266,1.82182
752,221a76aad9fb4116275c510b446c4598,KSSL.SSL,221a76aad9fb4116275c510b446c4598,255812XS,Bruker Vertex 70 with HTS-XT accessory,Bruker_Vertex_70.HTS.XT,XS: finely ground <80 mesh,CC-BY,https://ncsslabdatamart.sc.egov.usda.gov/datause.aspx,https://doi.org/10.2136/sssaj2019.06.0205,0.22373,5.76625,0.23701
753,ceb575432e0575ae22935c776fbf5a28,KSSL.SSL,ceb575432e0575ae22935c776fbf5a28,321439XS,Bruker Vertex 70 with HTS-XT accessory,Bruker_Vertex_70.HTS.XT,XS: finely ground <80 mesh,CC-BY,https://ncsslabdatamart.sc.egov.usda.gov/datause.aspx,https://doi.org/10.2136/sssaj2019.06.0205,0.1032,3.11763,0.97875
754,470ba587eac2869469e728b2fa916d22,KSSL.SSL,470ba587eac2869469e728b2fa916d22,269433XS,Bruker Vertex 70 with HTS-XT accessory,Bruker_Vertex_70.HTS.XT,XS: finely ground <80 mesh,CC-BY,https://ncsslabdatamart.sc.egov.usda.gov/datause.aspx,https://doi.org/10.2136/sssaj2019.06.0205,0.42362,47.76718,2.41167
755,c734a3cae4642e63de52e5f2c68863ce,KSSL.SSL,c734a3cae4642e63de52e5f2c68863ce,275043XS,Bruker Vertex 70 with HTS-XT accessory,Bruker_Vertex_70.HTS.XT,XS: finely ground <80 mesh,CC-BY,https://ncsslabdatamart.sc.egov.usda.gov/datause.aspx,https://doi.org/10.2136/sssaj2019.06.0205,0.23216,0.0,0.15575
756,4e3117da7611fcb33c281734ed529730,KSSL.SSL,4e3117da7611fcb33c281734ed529730,195703XS,Bruker Vertex 70 with HTS-XT accessory,Bruker_Vertex_70.HTS.XT,XS: finely ground <80 mesh,CC-BY,https://ncsslabdatamart.sc.egov.usda.gov/datause.aspx,https://doi.org/10.2136/sssaj2019.06.0205,0.09373,8.23404,0.94641
757,aa537df04d1d47c08416a0b3f0dc4338,KSSL.SSL,aa537df04d1d47c08416a0b3f0dc4338,232343XS,Bruker Vertex 70 with HTS-XT accessory,Bruker_Vertex_70.HTS.XT,XS: finely ground <80 mesh,CC-BY,https://ncsslabdatamart.sc.egov.usda.gov/datause.aspx,https://doi.org/10.2136/sssaj2019.06.0205,0.03575,8.61486,0.19076
758,47c16c0c8966df680579f1de23568eb5,KSSL.SSL,47c16c0c8966df680579f1de23568eb5,105395XS,Bruker Vertex 70 with HTS-XT accessory,Bruker_Vertex_70.HTS.XT,XS: finely ground <80 mesh,CC-BY,https://ncsslabdatamart.sc.egov.usda.gov/datause.aspx,https://doi.org/10.2136/sssaj2019.06.0205,0.08112,0.19954,0.21619
759,d23b64075a0bb8fc640cf06b53154569,KSSL.SSL,d23b64075a0bb8fc640cf06b53154569,248010XS,Bruker Vertex 70 with HTS-XT accessory,Bruker_Vertex_70.HTS.XT,XS: finely ground <80 mesh,CC-BY,https://ncsslabdatamart.sc.egov.usda.gov/datause.aspx,https://doi.org/10.2136/sssaj2019.06.0205,0.92541,28.86892,1.36414
760,a3a18e80e22fcf5d97ba11e27be1b4ed,KSSL.SSL,a3a18e80e22fcf5d97ba11e27be1b4ed,281861XS,Bruker Vertex 70 with HTS-XT accessory,Bruker_Vertex_70.HTS.XT,XS: finely ground <80 mesh,CC-BY,https://ncsslabdatamart.sc.egov.usda.gov/datause.aspx,https://doi.org/10.2136/sssaj2019.06.0205,0.11234,9.62387,0.34607
761,c879b38964baa9e7b791ac1d9cc0c693,KSSL.SSL,c879b38964baa9e7b791ac1d9cc0c693,247272XS,Bruker Vertex 70 with HTS-XT accessory,Bruker_Vertex_70.HTS.XT,XS: finely ground <80 mesh,CC-BY,https://ncsslabdatamart.sc.egov.usda.gov/datause.aspx,https://doi.org/10.2136/sssaj2019.06.0205,0.13534,0.87034,0.72406
762,cd7db3131e3ff327cf2fac23f4d20fb7,KSSL.SSL,cd7db3131e3ff327cf2fac23f4d20fb7,251668XS,Bruker Vertex 70 with HTS-XT accessory,Bruker_Vertex_70.HTS.XT,XS: finely ground <80 mesh,CC-BY,https://ncsslabdatamart.sc.egov.usda.gov/datause.aspx,https://doi.org/10.2136/sssaj2019.06.0205,0.87443,11.9963,1.10005
763,f47089f70e1fb491c6336d4f6d1ed90f,KSSL.SSL,f47089f70e1fb491c6336d4f6d1ed90f,281621XS,Bruker Vertex 70 with HTS-XT accessory,Bruker_Vertex_70.HTS.XT,XS: finely ground <80 mesh,CC-BY,https://ncsslabdatamart.sc.egov.usda.gov/datause.aspx,https://doi.org/10.2136/sssaj2019.06.0205,0.45506,3.99074,0.39985
764,7e7caccbdb0d97dbfd51f2a40efbcfb0,KSSL.SSL,7e7caccbdb0d97dbfd51f2a40efbcfb0,159631XS,Bruker Vertex 70 with HTS-XT accessory,Bruker_Vertex_70.HTS.XT,XS: finely ground <80 mesh,CC-BY,https://ncsslabdatamart.sc.egov.usda.gov/datause.aspx,https://doi.org/10.2136/sssaj2019.06.0205,0.29656,16.53738,0.67352
765,72ac18dc23e4bab54b459ae4a3c53e0c,KSSL.SSL,72ac18dc23e4bab54b459ae4a3c53e0c,155554XS,Bruker Vertex 70 with HTS-XT accessory,Bruker_Vertex_70.HTS.XT,XS: finely ground <80 mesh,CC-BY,https://ncsslabdatamart.sc.egov.usda.gov/datause.aspx,https://doi.org/10.2136/sssaj2019.06.0205,0.05043,3.66453,0.09014
766,449fb72b25cdc75c9139924474ab91f2,KSSL.SSL,449fb72b25cdc75c9139924474ab91f2,259747XS,Bruker Vertex 70 with HTS-XT accessory,Bruker_Vertex_70.HTS.XT,XS: finely ground <80 mesh,CC-BY,https://ncsslabdatamart.sc.egov.usda.gov/datause.aspx,https://doi.org/10.2136/sssaj2019.06.0205,0.15301,5.15027,0.15874
767,2c10b3ed9d6c2cbb5a2ace5cd6b82996,KSSL.SSL,2c10b3ed9d6c2cbb5a2ace5cd6b82996,229402XS,Bruker Vertex 70 with HTS-XT accessory,Bruker_Vertex_70.HTS.XT,XS: finely ground <80 mesh,CC-BY,https://ncsslabdatamart.sc.egov.usda.gov/datause.aspx,https://doi.org/10.2136/sssaj2019.06.0205,3.18027,5.30269,0.0
768,b672b2a4ac8bb8c3ebbb578622ce3b9f,KSSL.SSL,b672b2a4ac8bb8c3ebbb578622ce3b9f,321442XS,Bruker Vertex 70 with HTS-XT accessory,Bruker_Vertex_70.HTS.XT,XS: finely ground <80 mesh,CC-BY,https://ncsslabdatamart.sc.egov.usda.gov/datause.aspx,https://doi.org/10.2136/sssaj2019.06.0205,0.09064,2.2208,0.19737
769,3630f752aff28c49a504a40a8d9a363e,KSSL.SSL,3630f752aff28c49a504a40a8d9a363e,227205XS,Bruker Vertex 70 with HTS-XT accessory,Bruker_Vertex_70.HTS.XT,XS: finely ground <80 mesh,CC-BY,https://ncsslabdatamart.sc.egov.usda.gov/datause.aspx,https://doi.org/10.2136/sssaj2019.06.0205,0.3129,39.19852,1.17058
770,ae251bfcba4907b52d586f1140aa17b5,KSSL.SSL,ae251bfcba4907b52d586f1140aa17b5,151400XS,Bruker Vertex 70 with HTS-XT accessory,Bruker_Vertex_70.HTS.XT,XS: finely ground <80 mesh,CC-BY,https://ncsslabdatamart.sc.egov.usda.gov/datause.aspx,https://doi.org/10.2136/sssaj2019.06.0205,0.05115,5.82005,0.96296
771,80fa1ba08ba275e1a50413e95ef7b088,KSSL.SSL,80fa1ba08ba275e1a50413e95ef7b088,263414XS,Bruker Vertex 70 with HTS-XT accessory,Bruker_Vertex_70.HTS.XT,XS: finely ground <80 mesh,CC-BY,https://ncsslabdatamart.sc.egov.usda.gov/datause.aspx,https://doi.org/10.2136/sssaj2019.06.0205,0.34928,9.46378,3.52762
772,b2941b632785372c0e1418b800194d95,KSSL.SSL,b2941b632785372c0e1418b800194d95,249282XS,Bruker Vertex 70 with HTS-XT accessory,Bruker_Vertex_70.HTS.XT,XS: finely ground <80 mesh,CC-BY,https://ncsslabdatamart.sc.egov.usda.gov/datause.aspx,https://doi.org/10.2136/sssaj2019.06.0205,0.06095,18.33688,0.87325
773,03815a2ee802c561b20caff5441bee97,KSSL.SSL,03815a2ee802c561b20caff5441bee97,229270XS,Bruker Vertex 70 with HTS-XT accessory,Bruker_Vertex_70.HTS.XT,XS: finely ground <80 mesh,CC-BY,https://ncsslabdatamart.sc.egov.usda.gov/datause.aspx,https://doi.org/10.2136/sssaj2019.06.0205,0.36538,0.7572,0.82434
774,3940c9faacecdd263f5549c73f2914b2,KSSL.SSL,3940c9faacecdd263f5549c73f2914b2,252075XS,Bruker Vertex 70 with HTS-XT accessory,Bruker_Vertex_70.HTS.XT,XS: finely ground <80 mesh,CC-BY,https://ncsslabdatamart.sc.egov.usda.gov/datause.aspx,https://doi.org/10.2136/sssaj2019.06.0205,0.49781,7.57672,0.56858
775,52d88b079e72d187acbf809c6fb4bfcd,KSSL.SSL,52d88b079e72d187acbf809c6fb4bfcd,238604XS,Bruker Vertex 70 with HTS-XT accessory,Bruker_Vertex_70.HTS.XT,XS: finely ground <80 mesh,CC-BY,https://ncsslabdatamart.sc.egov.usda.gov/datause.aspx,https://doi.org/10.2136/sssaj2019.06.0205,0.10213,0.1855,0.44918
776,b4364123065d73fb38b098a57b06574c,KSSL.SSL,b4364123065d73fb38b098a57b06574c,274146XS,Bruker Vertex 70 with HTS-XT accessory,Bruker_Vertex_70.HTS.XT,XS: finely ground <80 mesh,CC-BY,https://ncsslabdatamart.sc.egov.usda.gov/datause.aspx,https://doi.org/10.2136/sssaj2019.06.0205,0.05049,4.21055,0.20411
777,657d66e9fddc9c4e1d39febdb96116de,KSSL.SSL,657d66e9fddc9c4e1d39febdb96116de,257267XS,Bruker Vertex 70 with HTS-XT accessory,Bruker_Vertex_70.HTS.XT,XS: finely ground <80 mesh,CC-BY,https://ncsslabdatamart.sc.egov.usda.gov/datause.aspx,https://doi.org/10.2136/sssaj2019.06.0205,0.1623,8.67296,1.99435
778,55f2b208a1b82be0515b5a7c182f3b89,LUCAS.WOODWELL.SSL,55f2b208a1b82be0515b5a7c182f3b89,11098,Bruker Vertex 70 with with PikeAutoDiff accessory,Bruker_Vertex_70.PikeAutoDiff,,CC-BY,https://creativecommons.org/licenses/by/4.0/,https://doi.org/10.3390/s20236729,0.22,0.0,0.600542227223899
779,3c2b26c131af8477e2476ce5f0ad9a2a,KSSL.SSL,3c2b26c131af8477e2476ce5f0ad9a2a,152787XS,Bruker Vertex 70 with HTS-XT accessory,Bruker_Vertex_70.HTS.XT,XS: finely ground <80 mesh,CC-BY,https://ncsslabdatamart.sc.egov.usda.gov/datause.aspx,https://doi.org/10.2136/sssaj2019.06.0205,0.20561,2.0357,0.0
780,b50934c28a788550ceeb86faf87dfd6d,KSSL.SSL,b50934c28a788550ceeb86faf87dfd6d,157907XS,Bruker Vertex 70 with HTS-XT accessory,Bruker_Vertex_70.HTS.XT,XS: finely ground <80 mesh,CC-BY,https://ncsslabdatamart.sc.egov.usda.gov/datause.aspx,https://doi.org/10.2136/sssaj2019.06.0205,0.07337,2.50454,0.67322
781,cfc5ab8d0e2bdef78f07e50db3aeff0f,KSSL.SSL,cfc5ab8d0e2bdef78f07e50db3aeff0f,157352XS,Bruker Vertex 70 with HTS-XT accessory,Bruker_Vertex_70.HTS.XT,XS: finely ground <80 mesh,CC-BY,https://ncsslabdatamart.sc.egov.usda.gov/datause.aspx,https://doi.org/10.2136/sssaj2019.06.0205,1.35465,3.30427,4.04894
782,65521edb8521fde0c391f0299c9a3dfd,KSSL.SSL,65521edb8521fde0c391f0299c9a3dfd,254740XS,Bruker Vertex 70 with HTS-XT accessory,Bruker_Vertex_70.HTS.XT,XS: finely ground <80 mesh,CC-BY,https://ncsslabdatamart.sc.egov.usda.gov/datause.aspx,https://doi.org/10.2136/sssaj2019.06.0205,0.53004,17.1447,2.45092
783,4ecfebe934e893451ab68daa74271e53,KSSL.SSL,4ecfebe934e893451ab68daa74271e53,179390XS,Bruker Vertex 70 with HTS-XT accessory,Bruker_Vertex_70.HTS.XT,XS: finely ground <80 mesh,CC-BY,https://ncsslabdatamart.sc.egov.usda.gov/datause.aspx,https://doi.org/10.2136/sssaj2019.06.0205,0.08668,2.20887,0.30355
784,a3523dc9e9db585afe7b46159d29b8a3,KSSL.SSL,a3523dc9e9db585afe7b46159d29b8a3,251750XS,Bruker Vertex 70 with HTS-XT accessory,Bruker_Vertex_70.HTS.XT,XS: finely ground <80 mesh,CC-BY,https://ncsslabdatamart.sc.egov.usda.gov/datause.aspx,https://doi.org/10.2136/sssaj2019.06.0205,0.10179,11.78136,0.19854
785,857720db42b364e3649e177e1d874f65,KSSL.SSL,857720db42b364e3649e177e1d874f65,250035XS,Bruker Vertex 70 with HTS-XT accessory,Bruker_Vertex_70.HTS.XT,XS: finely ground <80 mesh,CC-BY,https://ncsslabdatamart.sc.egov.usda.gov/datause.aspx,https://doi.org/10.2136/sssaj2019.06.0205,0.24992,10.73029,2.18545
786,56d704e79151a74fbde36ca99ded1ed3,KSSL.SSL,56d704e79151a74fbde36ca99ded1ed3,278965XS,Bruker Vertex 70 with HTS-XT accessory,Bruker_Vertex_70.HTS.XT,XS: finely ground <80 mesh,CC-BY,https://ncsslabdatamart.sc.egov.usda.gov/datause.aspx,https://doi.org/10.2136/sssaj2019.06.0205,0.1052,0.0,0.65572
787,c089abd15f5148ea358bf442d25f8583,KSSL.SSL,c089abd15f5148ea358bf442d25f8583,157280XS,Bruker Vertex 70 with HTS-XT accessory,Bruker_Vertex_70.HTS.XT,XS: finely ground <80 mesh,CC-BY,https://ncsslabdatamart.sc.egov.usda.gov/datause.aspx,https://doi.org/10.2136/sssaj2019.06.0205,0.55973,2.33599,0.25663
788,79aeddc664de59068200a9f8a43914fc,KSSL.SSL,79aeddc664de59068200a9f8a43914fc,156474XS,Bruker Vertex 70 with HTS-XT accessory,Bruker_Vertex_70.HTS.XT,XS: finely ground <80 mesh,CC-BY,https://ncsslabdatamart.sc.egov.usda.gov/datause.aspx,https://doi.org/10.2136/sssaj2019.06.0205,0.0411,1.02238,0.37485
789,c82db3a515797c669fe105383b103360,KSSL.SSL,c82db3a515797c669fe105383b103360,251583XS,Bruker Vertex 70 with HTS-XT accessory,Bruker_Vertex_70.HTS.XT,XS: finely ground <80 mesh,CC-BY,https://ncsslabdatamart.sc.egov.usda.gov/datause.aspx,https://doi.org/10.2136/sssaj2019.06.0205,1.16344,21.29656,0.37975
790,06ea724e0ec513750cec36662fb3296a,KSSL.SSL,06ea724e0ec513750cec36662fb3296a,224235XS,Bruker Vertex 70 with HTS-XT accessory,Bruker_Vertex_70.HTS.XT,XS: finely ground <80 mesh,CC-BY,https://ncsslabdatamart.sc.egov.usda.gov/datause.aspx,https://doi.org/10.2136/sssaj2019.06.0205,0.00827,5.20416,2.00479
791,e631651f4f96f8f01f119e9da4e3ea64,KSSL.SSL,e631651f4f96f8f01f119e9da4e3ea64,255374XS,Bruker Vertex 70 with HTS-XT accessory,Bruker_Vertex_70.HTS.XT,XS: finely ground <80 mesh,CC-BY,https://ncsslabdatamart.sc.egov.usda.gov/datause.aspx,https://doi.org/10.2136/sssaj2019.06.0205,0.103,39.60123,2.13529
792,f484674f48913e5079150d0b44a0abef,LUCAS.WOODWELL.SSL,f484674f48913e5079150d0b44a0abef,11740,Bruker Vertex 70 with with PikeAutoDiff accessory,Bruker_Vertex_70.PikeAutoDiff,,CC-BY,https://creativecommons.org/licenses/by/4.0/,https://doi.org/10.3390/s20236729,0.11,0.0,0.793902501406721
793,8e41514a05f25cd13af2aad72755738c,KSSL.SSL,8e41514a05f25cd13af2aad72755738c,155553XS,Bruker Vertex 70 with HTS-XT accessory,Bruker_Vertex_70.HTS.XT,XS: finely ground <80 mesh,CC-BY,https://ncsslabdatamart.sc.egov.usda.gov/datause.aspx,https://doi.org/10.2136/sssaj2019.06.0205,0.3502,55.8955,0.03953
794,342c2d1303eb04c3198d4596b85aa119,KSSL.SSL,342c2d1303eb04c3198d4596b85aa119,249380XS,Bruker Vertex 70 with HTS-XT accessory,Bruker_Vertex_70.HTS.XT,XS: finely ground <80 mesh,CC-BY,https://ncsslabdatamart.sc.egov.usda.gov/datause.aspx,https://doi.org/10.2136/sssaj2019.06.0205,0.12662,1.25926,0.11314
795,f5b703c52ef606ac1ef2796208af88cc,KSSL.SSL,f5b703c52ef606ac1ef2796208af88cc,245806XS,Bruker Vertex 70 with HTS-XT accessory,Bruker_Vertex_70.HTS.XT,XS: finely ground <80 mesh,CC-BY,https://ncsslabdatamart.sc.egov.usda.gov/datause.aspx,https://doi.org/10.2136/sssaj2019.06.0205,0.1431,2.21567,0.07539
796,8ea3796ba9ed0e7376e0abadf4b07ff4,LUCAS.WOODWELL.SSL,8ea3796ba9ed0e7376e0abadf4b07ff4,11742,Bruker Vertex 70 with with PikeAutoDiff accessory,Bruker_Vertex_70.PikeAutoDiff,,CC-BY,https://creativecommons.org/licenses/by/4.0/,https://doi.org/10.3390/s20236729,0.19,40.6,0.347843879482326
797,4ceb6af9f83391a4a0204ebc5a1ea3d6,KSSL.SSL,4ceb6af9f83391a4a0204ebc5a1ea3d6,155523XS,Bruker Vertex 70 with HTS-XT accessory,Bruker_Vertex_70.HTS.XT,XS: finely ground <80 mesh,CC-BY,https://ncsslabdatamart.sc.egov.usda.gov/datause.aspx,https://doi.org/10.2136/sssaj2019.06.0205,0.76529,2.74621,0.09607
798,5f9f453bc412b2ca11f5a1a484cfd67b,KSSL.SSL,5f9f453bc412b2ca11f5a1a484cfd67b,258087XS,Bruker Vertex 70 with HTS-XT accessory,Bruker_Vertex_70.HTS.XT,XS: finely ground <80 mesh,CC-BY,https://ncsslabdatamart.sc.egov.usda.gov/datause.aspx,https://doi.org/10.2136/sssaj2019.06.0205,1.09123,2.18256,0.12412
799,388ef6efdf5a8450b3be1b232f235359,KSSL.SSL,388ef6efdf5a8450b3be1b232f235359,222665XS,Bruker Vertex 70 with HTS-XT accessory,Bruker_Vertex_70.HTS.XT,XS: finely ground <80 mesh,CC-BY,https://ncsslabdatamart.sc.egov.usda.gov/datause.aspx,https://doi.org/10.2136/sssaj2019.06.0205,1.05787,25.1225,0.50607
800,6a0c327551c649e439e75207fd0c9dea,KSSL.SSL,6a0c327551c649e439e75207fd0c9dea,55065XS,Bruker Vertex 70 with HTS-XT accessory,Bruker_Vertex_70.HTS.XT,XS: finely ground <80 mesh,CC-BY,https://ncsslabdatamart.sc.egov.usda.gov/datause.aspx,https://doi.org/10.2136/sssaj2019.06.0205,0.04071,1.17231,0.25537
801,6b320606f82d6e78389c83d90d839463,KSSL.SSL,6b320606f82d6e78389c83d90d839463,157792XS,Bruker Vertex 70 with HTS-XT accessory,Bruker_Vertex_70.HTS.XT,XS: finely ground <80 mesh,CC-BY,https://ncsslabdatamart.sc.egov.usda.gov/datause.aspx,https://doi.org/10.2136/sssaj2019.06.0205,0.24073,6.2843,0.25081
802,932a69fee8656a6fb77bdfa091d4cf85,KSSL.SSL,932a69fee8656a6fb77bdfa091d4cf85,212465XS,Bruker Vertex 70 with HTS-XT accessory,Bruker_Vertex_70.HTS.XT,XS: finely ground <80 mesh,CC-BY,https://ncsslabdatamart.sc.egov.usda.gov/datause.aspx,https://doi.org/10.2136/sssaj2019.06.0205,0.12258,3.22509,0.61945
803,01fdadbba4afa19b0d6a5d79c03a4f3b,KSSL.SSL,01fdadbba4afa19b0d6a5d79c03a4f3b,155864XS,Bruker Vertex 70 with HTS-XT accessory,Bruker_Vertex_70.HTS.XT,XS: finely ground <80 mesh,CC-BY,https://ncsslabdatamart.sc.egov.usda.gov/datause.aspx,https://doi.org/10.2136/sssaj2019.06.0205,0.21379,9.85329,1.80692
804,6c411b76c88d81272c19254bf3ff5070,KSSL.SSL,6c411b76c88d81272c19254bf3ff5070,271105XS,Bruker Vertex 70 with HTS-XT accessory,Bruker_Vertex_70.HTS.XT,XS: finely ground <80 mesh,CC-BY,https://ncsslabdatamart.sc.egov.usda.gov/datause.aspx,https://doi.org/10.2136/sssaj2019.06.0205,0.11122,2.17107,0.40855
805,663a4ae7d3046b73f1c3254f2574cf19,KSSL.SSL,663a4ae7d3046b73f1c3254f2574cf19,248322XS,Bruker Vertex 70 with HTS-XT accessory,Bruker_Vertex_70.HTS.XT,XS: finely ground <80 mesh,CC-BY,https://ncsslabdatamart.sc.egov.usda.gov/datause.aspx,https://doi.org/10.2136/sssaj2019.06.0205,0.51799,14.16793,1.68358
806,dbaa7cfc185ea2895116957bf614b867,KSSL.SSL,dbaa7cfc185ea2895116957bf614b867,275070XS,Bruker Vertex 70 with HTS-XT accessory,Bruker_Vertex_70.HTS.XT,XS: finely ground <80 mesh,CC-BY,https://ncsslabdatamart.sc.egov.usda.gov/datause.aspx,https://doi.org/10.2136/sssaj2019.06.0205,0.0,2.1616,0.0
807,bcf60c083aa40544d7d0c7a3e868f422,KSSL.SSL,bcf60c083aa40544d7d0c7a3e868f422,248223XS,Bruker Vertex 70 with HTS-XT accessory,Bruker_Vertex_70.HTS.XT,XS: finely ground <80 mesh,CC-BY,https://ncsslabdatamart.sc.egov.usda.gov/datause.aspx,https://doi.org/10.2136/sssaj2019.06.0205,1.22683,19.41711,0.20631
808,1a24e88ead0079697d5f05e0c8eb04fa,KSSL.SSL,1a24e88ead0079697d5f05e0c8eb04fa,248118XS,Bruker Vertex 70 with HTS-XT accessory,Bruker_Vertex_70.HTS.XT,XS: finely ground <80 mesh,CC-BY,https://ncsslabdatamart.sc.egov.usda.gov/datause.aspx,https://doi.org/10.2136/sssaj2019.06.0205,0.45912,43.93401,0.72614
809,9c81ebdf51bdc265fe3b28445d9abf6c,KSSL.SSL,9c81ebdf51bdc265fe3b28445d9abf6c,226780XS,Bruker Vertex 70 with HTS-XT accessory,Bruker_Vertex_70.HTS.XT,XS: finely ground <80 mesh,CC-BY,https://ncsslabdatamart.sc.egov.usda.gov/datause.aspx,https://doi.org/10.2136/sssaj2019.06.0205,0.13653,1.47694,0.30242
810,24f01c396d6c358d591a99496e72bf4e,KSSL.SSL,24f01c396d6c358d591a99496e72bf4e,256636XS,Bruker Vertex 70 with HTS-XT accessory,Bruker_Vertex_70.HTS.XT,XS: finely ground <80 mesh,CC-BY,https://ncsslabdatamart.sc.egov.usda.gov/datause.aspx,https://doi.org/10.2136/sssaj2019.06.0205,1.22934,10.41679,0.43089
811,e28629c2e9c1efe0e158a0c3a547086c,KSSL.SSL,e28629c2e9c1efe0e158a0c3a547086c,250643XS,Bruker Vertex 70 with HTS-XT accessory,Bruker_Vertex_70.HTS.XT,XS: finely ground <80 mesh,CC-BY,https://ncsslabdatamart.sc.egov.usda.gov/datause.aspx,https://doi.org/10.2136/sssaj2019.06.0205,0.04024,16.11485,0.11573
812,9afeeb117aef4d81145094607cd3b366,KSSL.SSL,9afeeb117aef4d81145094607cd3b366,276365XS,Bruker Vertex 70 with HTS-XT accessory,Bruker_Vertex_70.HTS.XT,XS: finely ground <80 mesh,CC-BY,https://ncsslabdatamart.sc.egov.usda.gov/datause.aspx,https://doi.org/10.2136/sssaj2019.06.0205,0.0,1.29637,0.28387
813,32e7ae1a80c129fb3af42a182a0f8a3f,KSSL.SSL,32e7ae1a80c129fb3af42a182a0f8a3f,159356XS,Bruker Vertex 70 with HTS-XT accessory,Bruker_Vertex_70.HTS.XT,XS: finely ground <80 mesh,CC-BY,https://ncsslabdatamart.sc.egov.usda.gov/datause.aspx,https://doi.org/10.2136/sssaj2019.06.0205,0.0,1.07208,0.0
814,ee2f82a94390acd78a61f91772235f66,KSSL.SSL,ee2f82a94390acd78a61f91772235f66,123461XS,Bruker Vertex 70 with HTS-XT accessory,Bruker_Vertex_70.HTS.XT,XS: finely ground <80 mesh,CC-BY,https://ncsslabdatamart.sc.egov.usda.gov/datause.aspx,https://doi.org/10.2136/sssaj2019.06.0205,0.00424,1.46447,1.04739
815,763902a700685d5c514d41f647e733c3,KSSL.SSL,763902a700685d5c514d41f647e733c3,237696XS,Bruker Vertex 70 with HTS-XT accessory,Bruker_Vertex_70.HTS.XT,XS: finely ground <80 mesh,CC-BY,https://ncsslabdatamart.sc.egov.usda.gov/datause.aspx,https://doi.org/10.2136/sssaj2019.06.0205,0.02462,3.66054,0.44718
816,94d7fa92e4f0e0100b8fcfe08ef89291,KSSL.SSL,94d7fa92e4f0e0100b8fcfe08ef89291,258361XS,Bruker Vertex 70 with HTS-XT accessory,Bruker_Vertex_70.HTS.XT,XS: finely ground <80 mesh,CC-BY,https://ncsslabdatamart.sc.egov.usda.gov/datause.aspx,https://doi.org/10.2136/sssaj2019.06.0205,0.82284,63.9029,2.24548
817,677ec495bc1f8f1e17d2328a4472a5d8,KSSL.SSL,677ec495bc1f8f1e17d2328a4472a5d8,244076XS,Bruker Vertex 70 with HTS-XT accessory,Bruker_Vertex_70.HTS.XT,XS: finely ground <80 mesh,CC-BY,https://ncsslabdatamart.sc.egov.usda.gov/datause.aspx,https://doi.org/10.2136/sssaj2019.06.0205,0.6009,27.45057,1.46527
818,40a98766ddd13c7c09ec9861c9574bf8,KSSL.SSL,40a98766ddd13c7c09ec9861c9574bf8,256426XS,Bruker Vertex 70 with HTS-XT accessory,Bruker_Vertex_70.HTS.XT,XS: finely ground <80 mesh,CC-BY,https://ncsslabdatamart.sc.egov.usda.gov/datause.aspx,https://doi.org/10.2136/sssaj2019.06.0205,0.25013,4.9682,0.44469
819,f65112d86f9e74fed8e25924e81d5771,KSSL.SSL,f65112d86f9e74fed8e25924e81d5771,227216XS,Bruker Vertex 70 with HTS-XT accessory,Bruker_Vertex_70.HTS.XT,XS: finely ground <80 mesh,CC-BY,https://ncsslabdatamart.sc.egov.usda.gov/datause.aspx,https://doi.org/10.2136/sssaj2019.06.0205,0.17013,13.05535,2.27321
820,c16886c485b9c66933fd0614713fad0d,KSSL.SSL,c16886c485b9c66933fd0614713fad0d,212467XS,Bruker Vertex 70 with HTS-XT accessory,Bruker_Vertex_70.HTS.XT,XS: finely ground <80 mesh,CC-BY,https://ncsslabdatamart.sc.egov.usda.gov/datause.aspx,https://doi.org/10.2136/sssaj2019.06.0205,1.11841,33.57958,0.59613
821,88650ee4ef05a13eaf223de9c0649e0d,KSSL.SSL,88650ee4ef05a13eaf223de9c0649e0d,207223XS,Bruker Vertex 70 with HTS-XT accessory,Bruker_Vertex_70.HTS.XT,XS: finely ground <80 mesh,CC-BY,https://ncsslabdatamart.sc.egov.usda.gov/datause.aspx,https://doi.org/10.2136/sssaj2019.06.0205,0.1073,3.74544,0.73876
822,39ffd25e64ac1512afa71e6e83e5458e,KSSL.SSL,39ffd25e64ac1512afa71e6e83e5458e,69171XS,Bruker Vertex 70 with HTS-XT accessory,Bruker_Vertex_70.HTS.XT,XS: finely ground <80 mesh,CC-BY,https://ncsslabdatamart.sc.egov.usda.gov/datause.aspx,https://doi.org/10.2136/sssaj2019.06.0205,0.14107,3.83125,0.43718
823,f74cd7b369366f1aa889ae73684d7175,KSSL.SSL,f74cd7b369366f1aa889ae73684d7175,158408XS,Bruker Vertex 70 with HTS-XT accessory,Bruker_Vertex_70.HTS.XT,XS: finely ground <80 mesh,CC-BY,https://ncsslabdatamart.sc.egov.usda.gov/datause.aspx,https://doi.org/10.2136/sssaj2019.06.0205,0.30705,2.98546,0.36719
824,e5a16b47066ffce05ec9bac351571df6,KSSL.SSL,e5a16b47066ffce05ec9bac351571df6,248139XS,Bruker Vertex 70 with HTS-XT accessory,Bruker_Vertex_70.HTS.XT,XS: finely ground <80 mesh,CC-BY,https://ncsslabdatamart.sc.egov.usda.gov/datause.aspx,https://doi.org/10.2136/sssaj2019.06.0205,0.18319,9.73989,0.12435
825,0e6f8ad910e279ae840aa0f2962ddbb7,KSSL.SSL,0e6f8ad910e279ae840aa0f2962ddbb7,251271XS,Bruker Vertex 70 with HTS-XT accessory,Bruker_Vertex_70.HTS.XT,XS: finely ground <80 mesh,CC-BY,https://ncsslabdatamart.sc.egov.usda.gov/datause.aspx,https://doi.org/10.2136/sssaj2019.06.0205,0.23818,1.79234,0.35029
826,25a43deca689d04432f8ee785774368d,KSSL.SSL,25a43deca689d04432f8ee785774368d,155130XS,Bruker Vertex 70 with HTS-XT accessory,Bruker_Vertex_70.HTS.XT,XS: finely ground <80 mesh,CC-BY,https://ncsslabdatamart.sc.egov.usda.gov/datause.aspx,https://doi.org/10.2136/sssaj2019.06.0205,0.04972,4.88691,0.15353
827,e3587728fb527045feb8b2f818b254c0,KSSL.SSL,e3587728fb527045feb8b2f818b254c0,155900XS,Bruker Vertex 70 with HTS-XT accessory,Bruker_Vertex_70.HTS.XT,XS: finely ground <80 mesh,CC-BY,https://ncsslabdatamart.sc.egov.usda.gov/datause.aspx,https://doi.org/10.2136/sssaj2019.06.0205,2.2905,71.5755,1.90506
828,0d9f230a62237c7b50c4e60cc2caf606,KSSL.SSL,0d9f230a62237c7b50c4e60cc2caf606,154280XS,Bruker Vertex 70 with HTS-XT accessory,Bruker_Vertex_70.HTS.XT,XS: finely ground <80 mesh,CC-BY,https://ncsslabdatamart.sc.egov.usda.gov/datause.aspx,https://doi.org/10.2136/sssaj2019.06.0205,0.35521,9.83131,1.1257
829,52c8c1d88d959d819807a57612779e67,KSSL.SSL,52c8c1d88d959d819807a57612779e67,247708XS,Bruker Vertex 70 with HTS-XT accessory,Bruker_Vertex_70.HTS.XT,XS: finely ground <80 mesh,CC-BY,https://ncsslabdatamart.sc.egov.usda.gov/datause.aspx,https://doi.org/10.2136/sssaj2019.06.0205,0.39013,83.75382,3.0254
830,a93d19a6d009df5b3cc8c7636599e934,KSSL.SSL,a93d19a6d009df5b3cc8c7636599e934,187524XS,Bruker Vertex 70 with HTS-XT accessory,Bruker_Vertex_70.HTS.XT,XS: finely ground <80 mesh,CC-BY,https://ncsslabdatamart.sc.egov.usda.gov/datause.aspx,https://doi.org/10.2136/sssaj2019.06.0205,1.22062,7.16623,0.12475
831,62212814fc76edd611fbce65794fdcdc,KSSL.SSL,62212814fc76edd611fbce65794fdcdc,222689XS,Bruker Vertex 70 with HTS-XT accessory,Bruker_Vertex_70.HTS.XT,XS: finely ground <80 mesh,CC-BY,https://ncsslabdatamart.sc.egov.usda.gov/datause.aspx,https://doi.org/10.2136/sssaj2019.06.0205,1.5136,2.53243,0.38229
832,569a2007d9e344cd713ffc1ce0ffae17,KSSL.SSL,569a2007d9e344cd713ffc1ce0ffae17,268369XN,Bruker Vertex 70 with HTS-XT accessory,Bruker_Vertex_70.HTS.XT,XN: finely ground <80 mesh,CC-BY,https://ncsslabdatamart.sc.egov.usda.gov/datause.aspx,https://doi.org/10.2136/sssaj2019.06.0205,0.12098,2.61013,0.09185
833,373063c7a6ef3b36f4839b4d43d2a7c2,KSSL.SSL,373063c7a6ef3b36f4839b4d43d2a7c2,250410XS,Bruker Vertex 70 with HTS-XT accessory,Bruker_Vertex_70.HTS.XT,XS: finely ground <80 mesh,CC-BY,https://ncsslabdatamart.sc.egov.usda.gov/datause.aspx,https://doi.org/10.2136/sssaj2019.06.0205,0.18278,52.69248,0.07114
834,2f2224b706cd4b6e6fba4424e875dea0,KSSL.SSL,2f2224b706cd4b6e6fba4424e875dea0,257778XS,Bruker Vertex 70 with HTS-XT accessory,Bruker_Vertex_70.HTS.XT,XS: finely ground <80 mesh,CC-BY,https://ncsslabdatamart.sc.egov.usda.gov/datause.aspx,https://doi.org/10.2136/sssaj2019.06.0205,0.55426,3.53555,0.17491
835,278162d98adfa58daadd49bad86c6a82,KSSL.SSL,278162d98adfa58daadd49bad86c6a82,257856XS,Bruker Vertex 70 with HTS-XT accessory,Bruker_Vertex_70.HTS.XT,XS: finely ground <80 mesh,CC-BY,https://ncsslabdatamart.sc.egov.usda.gov/datause.aspx,https://doi.org/10.2136/sssaj2019.06.0205,0.02016,0.49696,0.09889
836,248bf86cf754298bb30dc68cf5e4e189,KSSL.SSL,248bf86cf754298bb30dc68cf5e4e189,152504XS,Bruker Vertex 70 with HTS-XT accessory,Bruker_Vertex_70.HTS.XT,XS: finely ground <80 mesh,CC-BY,https://ncsslabdatamart.sc.egov.usda.gov/datause.aspx,https://doi.org/10.2136/sssaj2019.06.0205,3.1181,19.2192,0.67219
837,c558596eeb4f44ef4d162c6bbad95b90,KSSL.SSL,c558596eeb4f44ef4d162c6bbad95b90,163303XS,Bruker Vertex 70 with HTS-XT accessory,Bruker_Vertex_70.HTS.XT,XS: finely ground <80 mesh,CC-BY,https://ncsslabdatamart.sc.egov.usda.gov/datause.aspx,https://doi.org/10.2136/sssaj2019.06.0205,0.0,9.10549,0.0227
838,123a0e1ebc5d3650ee548a26ec055c7a,KSSL.SSL,123a0e1ebc5d3650ee548a26ec055c7a,248665XS,Bruker Vertex 70 with HTS-XT accessory,Bruker_Vertex_70.HTS.XT,XS: finely ground <80 mesh,CC-BY,https://ncsslabdatamart.sc.egov.usda.gov/datause.aspx,https://doi.org/10.2136/sssaj2019.06.0205,0.12304,8.71475,0.4806
839,c848a6cc3f10c191eaf18225c5eabdef,KSSL.SSL,c848a6cc3f10c191eaf18225c5eabdef,293050XS,Bruker Vertex 70 with HTS-XT accessory,Bruker_Vertex_70.HTS.XT,XS: finely ground <80 mesh,CC-BY,https://ncsslabdatamart.sc.egov.usda.gov/datause.aspx,https://doi.org/10.2136/sssaj2019.06.0205,0.10527,3.54102,0.7927
840,db1f8ed5290436e6e98660d3f2602d1e,KSSL.SSL,db1f8ed5290436e6e98660d3f2602d1e,254866XS,Bruker Vertex 70 with HTS-XT accessory,Bruker_Vertex_70.HTS.XT,XS: finely ground <80 mesh,CC-BY,https://ncsslabdatamart.sc.egov.usda.gov/datause.aspx,https://doi.org/10.2136/sssaj2019.06.0205,0.85848,77.92716,4.1887
841,ce52f3cd254c8174e8c30daa6d9fcf76,KSSL.SSL,ce52f3cd254c8174e8c30daa6d9fcf76,119619XS,Bruker Vertex 70 with HTS-XT accessory,Bruker_Vertex_70.HTS.XT,XS: finely ground <80 mesh,CC-BY,https://ncsslabdatamart.sc.egov.usda.gov/datause.aspx,https://doi.org/10.2136/sssaj2019.06.0205,0.10244,0.76317,0.85844
842,51f41084ef32c9452e39e7523c2bbc61,KSSL.SSL,51f41084ef32c9452e39e7523c2bbc61,226295XS,Bruker Vertex 70 with HTS-XT accessory,Bruker_Vertex_70.HTS.XT,XS: finely ground <80 mesh,CC-BY,https://ncsslabdatamart.sc.egov.usda.gov/datause.aspx,https://doi.org/10.2136/sssaj2019.06.0205,0.22536,2.6601,0.56762
843,9dc33ff4c6af6332fabb534aa35c3e51,KSSL.SSL,9dc33ff4c6af6332fabb534aa35c3e51,261129XS,Bruker Vertex 70 with HTS-XT accessory,Bruker_Vertex_70.HTS.XT,XS: finely ground <80 mesh,CC-BY,https://ncsslabdatamart.sc.egov.usda.gov/datause.aspx,https://doi.org/10.2136/sssaj2019.06.0205,1.05558,2.03602,0.0
844,24749007d138208ee97624c9b090999a,KSSL.SSL,24749007d138208ee97624c9b090999a,223592XS,Bruker Vertex 70 with HTS-XT accessory,Bruker_Vertex_70.HTS.XT,XS: finely ground <80 mesh,CC-BY,https://ncsslabdatamart.sc.egov.usda.gov/datause.aspx,https://doi.org/10.2136/sssaj2019.06.0205,0.06802,2.24092,0.41857
845,da3034d612b2c3e102b93526b68e79f4,KSSL.SSL,da3034d612b2c3e102b93526b68e79f4,258344XS,Bruker Vertex 70 with HTS-XT accessory,Bruker_Vertex_70.HTS.XT,XS: finely ground <80 mesh,CC-BY,https://ncsslabdatamart.sc.egov.usda.gov/datause.aspx,https://doi.org/10.2136/sssaj2019.06.0205,0.20216,13.35983,1.27913
846,61109d6b54c5607c0a202589a3587805,KSSL.SSL,61109d6b54c5607c0a202589a3587805,249700XS,Bruker Vertex 70 with HTS-XT accessory,Bruker_Vertex_70.HTS.XT,XS: finely ground <80 mesh,CC-BY,https://ncsslabdatamart.sc.egov.usda.gov/datause.aspx,https://doi.org/10.2136/sssaj2019.06.0205,0.1222,3.18599,0.29445
847,69e3fc97a50a08ca83d6ad0b4af4eae0,KSSL.SSL,69e3fc97a50a08ca83d6ad0b4af4eae0,259662XS,Bruker Vertex 70 with HTS-XT accessory,Bruker_Vertex_70.HTS.XT,XS: finely ground <80 mesh,CC-BY,https://ncsslabdatamart.sc.egov.usda.gov/datause.aspx,https://doi.org/10.2136/sssaj2019.06.0205,0.26256,14.93019,0.82639
848,1a2cb4885d6cdcab86dc57250c6bae8b,KSSL.SSL,1a2cb4885d6cdcab86dc57250c6bae8b,57292XS,Bruker Vertex 70 with HTS-XT accessory,Bruker_Vertex_70.HTS.XT,XS: finely ground <80 mesh,CC-BY,https://ncsslabdatamart.sc.egov.usda.gov/datause.aspx,https://doi.org/10.2136/sssaj2019.06.0205,0.11192,13.43661,1.36982
849,6e34250276675d830e2f48691ac9ca7a,KSSL.SSL,6e34250276675d830e2f48691ac9ca7a,65357XS,Bruker Vertex 70 with HTS-XT accessory,Bruker_Vertex_70.HTS.XT,XS: finely ground <80 mesh,CC-BY,https://ncsslabdatamart.sc.egov.usda.gov/datause.aspx,https://doi.org/10.2136/sssaj2019.06.0205,0.3426,5.12655,0.43636
850,ed104a48a1043244908bda0093b0de1e,KSSL.SSL,ed104a48a1043244908bda0093b0de1e,254228XS,Bruker Vertex 70 with HTS-XT accessory,Bruker_Vertex_70.HTS.XT,XS: finely ground <80 mesh,CC-BY,https://ncsslabdatamart.sc.egov.usda.gov/datause.aspx,https://doi.org/10.2136/sssaj2019.06.0205,0.05104,29.86607,0.16829
851,60c3e7a46f9c979a56f438710e9baa75,KSSL.SSL,60c3e7a46f9c979a56f438710e9baa75,226269XS,Bruker Vertex 70 with HTS-XT accessory,Bruker_Vertex_70.HTS.XT,XS: finely ground <80 mesh,CC-BY,https://ncsslabdatamart.sc.egov.usda.gov/datause.aspx,https://doi.org/10.2136/sssaj2019.06.0205,0.1454,2.22166,0.74923
852,318c239f9e8b18f935858848c6556cd6,KSSL.SSL,318c239f9e8b18f935858848c6556cd6,246217XS,Bruker Vertex 70 with HTS-XT accessory,Bruker_Vertex_70.HTS.XT,XS: finely ground <80 mesh,CC-BY,https://ncsslabdatamart.sc.egov.usda.gov/datause.aspx,https://doi.org/10.2136/sssaj2019.06.0205,0.12071,11.7874,0.0
853,f66e9b4f62e61d212b41211455f99015,KSSL.SSL,f66e9b4f62e61d212b41211455f99015,229480XS,Bruker Vertex 70 with HTS-XT accessory,Bruker_Vertex_70.HTS.XT,XS: finely ground <80 mesh,CC-BY,https://ncsslabdatamart.sc.egov.usda.gov/datause.aspx,https://doi.org/10.2136/sssaj2019.06.0205,0.40434,37.46311,1.68873
854,d04947e84b39302a5abe9c8461deb011,KSSL.SSL,d04947e84b39302a5abe9c8461deb011,152038XS,Bruker Vertex 70 with HTS-XT accessory,Bruker_Vertex_70.HTS.XT,XS: finely ground <80 mesh,CC-BY,https://ncsslabdatamart.sc.egov.usda.gov/datause.aspx,https://doi.org/10.2136/sssaj2019.06.0205,0.07589,0.41079,0.02384
855,630be0429c8f24813891b533f5865312,KSSL.SSL,630be0429c8f24813891b533f5865312,256971XS,Bruker Vertex 70 with HTS-XT accessory,Bruker_Vertex_70.HTS.XT,XS: finely ground <80 mesh,CC-BY,https://ncsslabdatamart.sc.egov.usda.gov/datause.aspx,https://doi.org/10.2136/sssaj2019.06.0205,2.68824,17.47152,2.43397
856,11306285570a3c89c354738fcaa3447b,KSSL.SSL,11306285570a3c89c354738fcaa3447b,153667XS,Bruker Vertex 70 with HTS-XT accessory,Bruker_Vertex_70.HTS.XT,XS: finely ground <80 mesh,CC-BY,https://ncsslabdatamart.sc.egov.usda.gov/datause.aspx,https://doi.org/10.2136/sssaj2019.06.0205,0.12208,20.36021,0.38858
857,f57b959250a5d6dd0a4f251ef45aebde,KSSL.SSL,f57b959250a5d6dd0a4f251ef45aebde,261144XS,Bruker Vertex 70 with HTS-XT accessory,Bruker_Vertex_70.HTS.XT,XS: finely ground <80 mesh,CC-BY,https://ncsslabdatamart.sc.egov.usda.gov/datause.aspx,https://doi.org/10.2136/sssaj2019.06.0205,0.01,0.80516,0.0
858,5d60d1b85cbe4410ba5bcdb8416e0297,KSSL.SSL,5d60d1b85cbe4410ba5bcdb8416e0297,258264XS,Bruker Vertex 70 with HTS-XT accessory,Bruker_Vertex_70.HTS.XT,XS: finely ground <80 mesh,CC-BY,https://ncsslabdatamart.sc.egov.usda.gov/datause.aspx,https://doi.org/10.2136/sssaj2019.06.0205,0.06075,9.05551,0.06683
859,0007baeacbd7351ca6e13e1174b21d44,KSSL.SSL,0007baeacbd7351ca6e13e1174b21d44,257015XS,Bruker Vertex 70 with HTS-XT accessory,Bruker_Vertex_70.HTS.XT,XS: finely ground <80 mesh,CC-BY,https://ncsslabdatamart.sc.egov.usda.gov/datause.aspx,https://doi.org/10.2136/sssaj2019.06.0205,1.34765,55.00981,7.88817
860,6eaee95400be35aea8ec728ca7f09129,KSSL.SSL,6eaee95400be35aea8ec728ca7f09129,237911XS,Bruker Vertex 70 with HTS-XT accessory,Bruker_Vertex_70.HTS.XT,XS: finely ground <80 mesh,CC-BY,https://ncsslabdatamart.sc.egov.usda.gov/datause.aspx,https://doi.org/10.2136/sssaj2019.06.0205,0.13787,26.32439,0.35212
861,ee2cd15df288c73389dca5e038e33547,KSSL.SSL,ee2cd15df288c73389dca5e038e33547,253396XS,Bruker Vertex 70 with HTS-XT accessory,Bruker_Vertex_70.HTS.XT,XS: finely ground <80 mesh,CC-BY,https://ncsslabdatamart.sc.egov.usda.gov/datause.aspx,https://doi.org/10.2136/sssaj2019.06.0205,1.43414,14.87688,0.46495
862,c0b80e3ea1abaf21246cc4955af7c311,KSSL.SSL,c0b80e3ea1abaf21246cc4955af7c311,256659XS,Bruker Vertex 70 with HTS-XT accessory,Bruker_Vertex_70.HTS.XT,XS: finely ground <80 mesh,CC-BY,https://ncsslabdatamart.sc.egov.usda.gov/datause.aspx,https://doi.org/10.2136/sssaj2019.06.0205,2.34797,8.17425,1.4081
863,10777d580745238943356a4567a4672a,KSSL.SSL,10777d580745238943356a4567a4672a,66568XS,Bruker Vertex 70 with HTS-XT accessory,Bruker_Vertex_70.HTS.XT,XS: finely ground <80 mesh,CC-BY,https://ncsslabdatamart.sc.egov.usda.gov/datause.aspx,https://doi.org/10.2136/sssaj2019.06.0205,0.03676,0.49837,0.25779
864,ce6e1a455114caabc72d6d5248a1916f,KSSL.SSL,ce6e1a455114caabc72d6d5248a1916f,159863XS,Bruker Vertex 70 with HTS-XT accessory,Bruker_Vertex_70.HTS.XT,XS: finely ground <80 mesh,CC-BY,https://ncsslabdatamart.sc.egov.usda.gov/datause.aspx,https://doi.org/10.2136/sssaj2019.06.0205,0.15469,32.49359,1.31002
865,d1f1122aa923476a082984eed65677a0,KSSL.SSL,d1f1122aa923476a082984eed65677a0,158888XS,Bruker Vertex 70 with HTS-XT accessory,Bruker_Vertex_70.HTS.XT,XS: finely ground <80 mesh,CC-BY,https://ncsslabdatamart.sc.egov.usda.gov/datause.aspx,https://doi.org/10.2136/sssaj2019.06.0205,0.20359,1.88834,0.02326
866,846f6254612203cff336f3562a339d02,KSSL.SSL,846f6254612203cff336f3562a339d02,321426XS,Bruker Vertex 70 with HTS-XT accessory,Bruker_Vertex_70.HTS.XT,XS: finely ground <80 mesh,CC-BY,https://ncsslabdatamart.sc.egov.usda.gov/datause.aspx,https://doi.org/10.2136/sssaj2019.06.0205,0.19329,1.38078,0.72723
867,d86b22f928cd9f1f149c28eb4fc15477,KSSL.SSL,d86b22f928cd9f1f149c28eb4fc15477,155444XS,Bruker Vertex 70 with HTS-XT accessory,Bruker_Vertex_70.HTS.XT,XS: finely ground <80 mesh,CC-BY,https://ncsslabdatamart.sc.egov.usda.gov/datause.aspx,https://doi.org/10.2136/sssaj2019.06.0205,0.04203,18.22556,0.59365
868,1d484a8e1f8b28b921785d467630e645,KSSL.SSL,1d484a8e1f8b28b921785d467630e645,175140XS,Bruker Vertex 70 with HTS-XT accessory,Bruker_Vertex_70.HTS.XT,XS: finely ground <80 mesh,CC-BY,https://ncsslabdatamart.sc.egov.usda.gov/datause.aspx,https://doi.org/10.2136/sssaj2019.06.0205,0.00615,0.29436,0.32535
869,f406be8ff9788d8f3d596597b264c14d,KSSL.SSL,f406be8ff9788d8f3d596597b264c14d,269454XS,Bruker Vertex 70 with HTS-XT accessory,Bruker_Vertex_70.HTS.XT,XS: finely ground <80 mesh,CC-BY,https://ncsslabdatamart.sc.egov.usda.gov/datause.aspx,https://doi.org/10.2136/sssaj2019.06.0205,0.69687,52.5817,2.93054
870,c55987e9d3a449fbe4145998ce7c3d8e,KSSL.SSL,c55987e9d3a449fbe4145998ce7c3d8e,226611XS,Bruker Vertex 70 with HTS-XT accessory,Bruker_Vertex_70.HTS.XT,XS: finely ground <80 mesh,CC-BY,https://ncsslabdatamart.sc.egov.usda.gov/datause.aspx,https://doi.org/10.2136/sssaj2019.06.0205,0.22182,19.58306,1.05427
871,f504ccb42ab3052ebef0bd6951b49616,KSSL.SSL,f504ccb42ab3052ebef0bd6951b49616,234304XS,Bruker Vertex 70 with HTS-XT accessory,Bruker_Vertex_70.HTS.XT,XS: finely ground <80 mesh,CC-BY,https://ncsslabdatamart.sc.egov.usda.gov/datause.aspx,https://doi.org/10.2136/sssaj2019.06.0205,0.11199,11.41726,2.7805
872,8d1892f8f316294a7bfd1c5438f48c03,KSSL.SSL,8d1892f8f316294a7bfd1c5438f48c03,123465XS,Bruker Vertex 70 with HTS-XT accessory,Bruker_Vertex_70.HTS.XT,XS: finely ground <80 mesh,CC-BY,https://ncsslabdatamart.sc.egov.usda.gov/datause.aspx,https://doi.org/10.2136/sssaj2019.06.0205,0.00946,16.84168,1.14825
873,796a7ce8e6a5e1b677529cafa872512c,KSSL.SSL,796a7ce8e6a5e1b677529cafa872512c,254003XS,Bruker Vertex 70 with HTS-XT accessory,Bruker_Vertex_70.HTS.XT,XS: finely ground <80 mesh,CC-BY,https://ncsslabdatamart.sc.egov.usda.gov/datause.aspx,https://doi.org/10.2136/sssaj2019.06.0205,0.59187,3.86549,0.14327
874,6c8c27352420799521fb2d54c0b767c3,KSSL.SSL,6c8c27352420799521fb2d54c0b767c3,245653XS,Bruker Vertex 70 with HTS-XT accessory,Bruker_Vertex_70.HTS.XT,XS: finely ground <80 mesh,CC-BY,https://ncsslabdatamart.sc.egov.usda.gov/datause.aspx,https://doi.org/10.2136/sssaj2019.06.0205,0.39362,20.63225,3.69651
875,0a36af97d6174f733c9037a677622e0b,KSSL.SSL,0a36af97d6174f733c9037a677622e0b,257417XS,Bruker Vertex 70 with HTS-XT accessory,Bruker_Vertex_70.HTS.XT,XS: finely ground <80 mesh,CC-BY,https://ncsslabdatamart.sc.egov.usda.gov/datause.aspx,https://doi.org/10.2136/sssaj2019.06.0205,0.08053,1.12225,0.06849
876,47781cd91022284c03ddfa253730b707,KSSL.SSL,47781cd91022284c03ddfa253730b707,157136XS,Bruker Vertex 70 with HTS-XT accessory,Bruker_Vertex_70.HTS.XT,XS: finely ground <80 mesh,CC-BY,https://ncsslabdatamart.sc.egov.usda.gov/datause.aspx,https://doi.org/10.2136/sssaj2019.06.0205,0.4619,44.82412,2.34766
877,f73ed8e0f5db646a38b4907c4e572063,KSSL.SSL,f73ed8e0f5db646a38b4907c4e572063,252953XS,Bruker Vertex 70 with HTS-XT accessory,Bruker_Vertex_70.HTS.XT,XS: finely ground <80 mesh,CC-BY,https://ncsslabdatamart.sc.egov.usda.gov/datause.aspx,https://doi.org/10.2136/sssaj2019.06.0205,0.34667,13.97356,0.85225
878,30fd52ff2b4309d4f396e18c21f9f3bd,KSSL.SSL,30fd52ff2b4309d4f396e18c21f9f3bd,248131XS,Bruker Vertex 70 with HTS-XT accessory,Bruker_Vertex_70.HTS.XT,XS: finely ground <80 mesh,CC-BY,https://ncsslabdatamart.sc.egov.usda.gov/datause.aspx,https://doi.org/10.2136/sssaj2019.06.0205,2.61251,1.74363,0.58815
879,f56298357d47df4230fc2f978a8f5ab7,KSSL.SSL,f56298357d47df4230fc2f978a8f5ab7,162296XS,Bruker Vertex 70 with HTS-XT accessory,Bruker_Vertex_70.HTS.XT,XS: finely ground <80 mesh,CC-BY,https://ncsslabdatamart.sc.egov.usda.gov/datause.aspx,https://doi.org/10.2136/sssaj2019.06.0205,0.56354,29.62638,0.60685
880,5f8b553f2e3f5ae26faab8401328c55e,KSSL.SSL,5f8b553f2e3f5ae26faab8401328c55e,255607XS,Bruker Vertex 70 with HTS-XT accessory,Bruker_Vertex_70.HTS.XT,XS: finely ground <80 mesh,CC-BY,https://ncsslabdatamart.sc.egov.usda.gov/datause.aspx,https://doi.org/10.2136/sssaj2019.06.0205,0.04079,9.32336,1.22646
881,d3b07f247d6a765b977d52240352e37e,KSSL.SSL,d3b07f247d6a765b977d52240352e37e,165905XS,Bruker Vertex 70 with HTS-XT accessory,Bruker_Vertex_70.HTS.XT,XS: finely ground <80 mesh,CC-BY,https://ncsslabdatamart.sc.egov.usda.gov/datause.aspx,https://doi.org/10.2136/sssaj2019.06.0205,0.09133,1.68693,0.35265
882,e4e1c2166b14644b697abf5954cf2306,KSSL.SSL,e4e1c2166b14644b697abf5954cf2306,280623XS,Bruker Vertex 70 with HTS-XT accessory,Bruker_Vertex_70.HTS.XT,XS: finely ground <80 mesh,CC-BY,https://ncsslabdatamart.sc.egov.usda.gov/datause.aspx,https://doi.org/10.2136/sssaj2019.06.0205,0.08426,4.272,0.69638
883,15e2d62257929c04c8a7da80bf898e89,KSSL.SSL,15e2d62257929c04c8a7da80bf898e89,154890XS,Bruker Vertex 70 with HTS-XT accessory,Bruker_Vertex_70.HTS.XT,XS: finely ground <80 mesh,CC-BY,https://ncsslabdatamart.sc.egov.usda.gov/datause.aspx,https://doi.org/10.2136/sssaj2019.06.0205,0.07146,14.4691,1.04849
884,45d187672ef73d2f61a35c4540641edb,KSSL.SSL,45d187672ef73d2f61a35c4540641edb,159385XS,Bruker Vertex 70 with HTS-XT accessory,Bruker_Vertex_70.HTS.XT,XS: finely ground <80 mesh,CC-BY,https://ncsslabdatamart.sc.egov.usda.gov/datause.aspx,https://doi.org/10.2136/sssaj2019.06.0205,0.15418,14.59683,2.71586
885,21e41e48e93f3428e187916ff009ec97,KSSL.SSL,21e41e48e93f3428e187916ff009ec97,265822XS,Bruker Vertex 70 with HTS-XT accessory,Bruker_Vertex_70.HTS.XT,XS: finely ground <80 mesh,CC-BY,https://ncsslabdatamart.sc.egov.usda.gov/datause.aspx,https://doi.org/10.2136/sssaj2019.06.0205,0.08199,0.0,1.5123
886,37741cf7865e8babdf52e38270f1b16f,KSSL.SSL,37741cf7865e8babdf52e38270f1b16f,261446XS,Bruker Vertex 70 with HTS-XT accessory,Bruker_Vertex_70.HTS.XT,XS: finely ground <80 mesh,CC-BY,https://ncsslabdatamart.sc.egov.usda.gov/datause.aspx,https://doi.org/10.2136/sssaj2019.06.0205,1.62602,1.47741,0.0
887,453ff9e87c656cb70ce92efda20f3344,GARRETT.SSL,453ff9e87c656cb70ce92efda20f3344,S40992,Bruker Invenio-S with HTS-XT,Bruker_InvenioS_HTS.XT,,CC-BY,https://creativecommons.org/licenses/by/4.0/,https://doi.org/10.6084/m9.figshare.20506587.v2,0.0401864084314262,0.244386808102929,0.0309727809006786
888,50031367d05747d09d7784bdd051e1d4,KSSL.SSL,50031367d05747d09d7784bdd051e1d4,263479XS,Bruker Vertex 70 with HTS-XT accessory,Bruker_Vertex_70.HTS.XT,XS: finely ground <80 mesh,CC-BY,https://ncsslabdatamart.sc.egov.usda.gov/datause.aspx,https://doi.org/10.2136/sssaj2019.06.0205,2.1397,64.24578,0.7838
889,e4e1de7d595f9f4648b2ce27a441f5a6,KSSL.SSL,e4e1de7d595f9f4648b2ce27a441f5a6,252740XS,Bruker Vertex 70 with HTS-XT accessory,Bruker_Vertex_70.HTS.XT,XS: finely ground <80 mesh,CC-BY,https://ncsslabdatamart.sc.egov.usda.gov/datause.aspx,https://doi.org/10.2136/sssaj2019.06.0205,0.16244,3.39565,0.20331
890,da5df6ab544b1ae683a10002b190c10f,KSSL.SSL,da5df6ab544b1ae683a10002b190c10f,84863XS,Bruker Vertex 70 with HTS-XT accessory,Bruker_Vertex_70.HTS.XT,XS: finely ground <80 mesh,CC-BY,https://ncsslabdatamart.sc.egov.usda.gov/datause.aspx,https://doi.org/10.2136/sssaj2019.06.0205,0.03983,0.6189,0.16476
891,d361354baf4e900a0d589abd7b5a5a67,KSSL.SSL,d361354baf4e900a0d589abd7b5a5a67,255763XS,Bruker Vertex 70 with HTS-XT accessory,Bruker_Vertex_70.HTS.XT,XS: finely ground <80 mesh,CC-BY,https://ncsslabdatamart.sc.egov.usda.gov/datause.aspx,https://doi.org/10.2136/sssaj2019.06.0205,0.48063,49.91918,4.35582
892,b4ad191924db2d32652aa4ed9f5ae2b2,KSSL.SSL,b4ad191924db2d32652aa4ed9f5ae2b2,244709XS,Bruker Vertex 70 with HTS-XT accessory,Bruker_Vertex_70.HTS.XT,XS: finely ground <80 mesh,CC-BY,https://ncsslabdatamart.sc.egov.usda.gov/datause.aspx,https://doi.org/10.2136/sssaj2019.06.0205,0.34838,1.14032,0.10472
893,e17fe5fe54cc84f0c76adfa417d896c7,LUCAS.WOODWELL.SSL,e17fe5fe54cc84f0c76adfa417d896c7,11836,Bruker Vertex 70 with with PikeAutoDiff accessory,Bruker_Vertex_70.PikeAutoDiff,,CC-BY,https://creativecommons.org/licenses/by/4.0/,https://doi.org/10.3390/s20236729,0.16,23.3,3.47690418947261
894,c92eaaa8a8d4faf84d59f5572bd7affe,KSSL.SSL,c92eaaa8a8d4faf84d59f5572bd7affe,231958XS,Bruker Vertex 70 with HTS-XT accessory,Bruker_Vertex_70.HTS.XT,XS: finely ground <80 mesh,CC-BY,https://ncsslabdatamart.sc.egov.usda.gov/datause.aspx,https://doi.org/10.2136/sssaj2019.06.0205,0.55134,34.92247,1.67776
895,0c5e09091d236dd43821c60a9d868579,KSSL.SSL,0c5e09091d236dd43821c60a9d868579,256626XS,Bruker Vertex 70 with HTS-XT accessory,Bruker_Vertex_70.HTS.XT,XS: finely ground <80 mesh,CC-BY,https://ncsslabdatamart.sc.egov.usda.gov/datause.aspx,https://doi.org/10.2136/sssaj2019.06.0205,0.01003,5.14178,0.06758
896,d4c2941ea25c5d35a480d5aaf4180ba9,KSSL.SSL,d4c2941ea25c5d35a480d5aaf4180ba9,258282XS,Bruker Vertex 70 with HTS-XT accessory,Bruker_Vertex_70.HTS.XT,XS: finely ground <80 mesh,CC-BY,https://ncsslabdatamart.sc.egov.usda.gov/datause.aspx,https://doi.org/10.2136/sssaj2019.06.0205,0.03042,14.0604,0.06973
897,10d43c462aed99b3223500fc588db3b7,KSSL.SSL,10d43c462aed99b3223500fc588db3b7,243688XS,Bruker Vertex 70 with HTS-XT accessory,Bruker_Vertex_70.HTS.XT,XS: finely ground <80 mesh,CC-BY,https://ncsslabdatamart.sc.egov.usda.gov/datause.aspx,https://doi.org/10.2136/sssaj2019.06.0205,0.04105,1.36634,1.52452
898,efe2b461a85e396a8051656b2489e2b7,KSSL.SSL,efe2b461a85e396a8051656b2489e2b7,268751XS,Bruker Vertex 70 with HTS-XT accessory,Bruker_Vertex_70.HTS.XT,XS: finely ground <80 mesh,CC-BY,https://ncsslabdatamart.sc.egov.usda.gov/datause.aspx,https://doi.org/10.2136/sssaj2019.06.0205,0.54715,21.97408,1.97137
899,f9c4dcd895ecda2c975f533d18a6ecfd,KSSL.SSL,f9c4dcd895ecda2c975f533d18a6ecfd,161642XS,Bruker Vertex 70 with HTS-XT accessory,Bruker_Vertex_70.HTS.XT,XS: finely ground <80 mesh,CC-BY,https://ncsslabdatamart.sc.egov.usda.gov/datause.aspx,https://doi.org/10.2136/sssaj2019.06.0205,0.40349,33.66831,1.34892
900,482527709d14fe2e1012910e52bf50e3,KSSL.SSL,482527709d14fe2e1012910e52bf50e3,256119XS,Bruker Vertex 70 with HTS-XT accessory,Bruker_Vertex_70.HTS.XT,XS: finely ground <80 mesh,CC-BY,https://ncsslabdatamart.sc.egov.usda.gov/datause.aspx,https://doi.org/10.2136/sssaj2019.06.0205,1.91332,8.60334,1.44233
901,c1e8101462b0853e143237e842736b83,KSSL.SSL,c1e8101462b0853e143237e842736b83,280515XS,Bruker Vertex 70 with HTS-XT accessory,Bruker_Vertex_70.HTS.XT,XS: finely ground <80 mesh,CC-BY,https://ncsslabdatamart.sc.egov.usda.gov/datause.aspx,https://doi.org/10.2136/sssaj2019.06.0205,1.81637,2.76624,0.36498
902,a06d1585269683ddc7abe211b569ed6e,KSSL.SSL,a06d1585269683ddc7abe211b569ed6e,251439XS,Bruker Vertex 70 with HTS-XT accessory,Bruker_Vertex_70.HTS.XT,XS: finely ground <80 mesh,CC-BY,https://ncsslabdatamart.sc.egov.usda.gov/datause.aspx,https://doi.org/10.2136/sssaj2019.06.0205,0.11189,52.01672,1.24176
903,bb24f08c6aa5d5052979abd73d8c4ba6,KSSL.SSL,bb24f08c6aa5d5052979abd73d8c4ba6,259118XS,Bruker Vertex 70 with HTS-XT accessory,Bruker_Vertex_70.HTS.XT,XS: finely ground <80 mesh,CC-BY,https://ncsslabdatamart.sc.egov.usda.gov/datause.aspx,https://doi.org/10.2136/sssaj2019.06.0205,1.28944,24.62635,1.27268
904,c1182b79f7e5ef25f7477e5403b7c394,LUCAS.WOODWELL.SSL,c1182b79f7e5ef25f7477e5403b7c394,11785,Bruker Vertex 70 with with PikeAutoDiff accessory,Bruker_Vertex_70.PikeAutoDiff,,CC-BY,https://creativecommons.org/licenses/by/4.0/,https://doi.org/10.3390/s20236729,0.24,33.5,0.831756100056269
905,6492c55aeb027c7f142db04dee97a322,KSSL.SSL,6492c55aeb027c7f142db04dee97a322,64548XS,Bruker Vertex 70 with HTS-XT accessory,Bruker_Vertex_70.HTS.XT,XS: finely ground <80 mesh,CC-BY,https://ncsslabdatamart.sc.egov.usda.gov/datause.aspx,https://doi.org/10.2136/sssaj2019.06.0205,0.11204,20.47906,0.4969
906,380373e1d9e62b8930f2c31d300b7354,LUCAS.WOODWELL.SSL,380373e1d9e62b8930f2c31d300b7354,11863,Bruker Vertex 70 with with PikeAutoDiff accessory,Bruker_Vertex_70.PikeAutoDiff,,CC-BY,https://creativecommons.org/licenses/by/4.0/,https://doi.org/10.3390/s20236729,0.08,21.3,1.41746380889048
907,35b98ba8d45d0b4752e7aa690c2239b4,KSSL.SSL,35b98ba8d45d0b4752e7aa690c2239b4,156427XS,Bruker Vertex 70 with HTS-XT accessory,Bruker_Vertex_70.HTS.XT,XS: finely ground <80 mesh,CC-BY,https://ncsslabdatamart.sc.egov.usda.gov/datause.aspx,https://doi.org/10.2136/sssaj2019.06.0205,0.39557,5.22186,0.25697
908,a024e6b2e77817a47a8d00093b117997,KSSL.SSL,a024e6b2e77817a47a8d00093b117997,248194XS,Bruker Vertex 70 with HTS-XT accessory,Bruker_Vertex_70.HTS.XT,XS: finely ground <80 mesh,CC-BY,https://ncsslabdatamart.sc.egov.usda.gov/datause.aspx,https://doi.org/10.2136/sssaj2019.06.0205,0.77134,7.497,0.55478
909,ef981c666cf6a2ec124c535dc245d5c3,LUCAS.WOODWELL.SSL,ef981c666cf6a2ec124c535dc245d5c3,11771,Bruker Vertex 70 with with PikeAutoDiff accessory,Bruker_Vertex_70.PikeAutoDiff,,CC-BY,https://creativecommons.org/licenses/by/4.0/,https://doi.org/10.3390/s20236729,0.25,64.9,2.28656197247941
910,0fda6635a4e90f8a0a422468213e1e4a,KSSL.SSL,0fda6635a4e90f8a0a422468213e1e4a,223591XS,Bruker Vertex 70 with HTS-XT accessory,Bruker_Vertex_70.HTS.XT,XS: finely ground <80 mesh,CC-BY,https://ncsslabdatamart.sc.egov.usda.gov/datause.aspx,https://doi.org/10.2136/sssaj2019.06.0205,0.09348,2.79528,0.57667
911,2ce0171b1b60146728717e11528c2549,KSSL.SSL,2ce0171b1b60146728717e11528c2549,280616XS,Bruker Vertex 70 with HTS-XT accessory,Bruker_Vertex_70.HTS.XT,XS: finely ground <80 mesh,CC-BY,https://ncsslabdatamart.sc.egov.usda.gov/datause.aspx,https://doi.org/10.2136/sssaj2019.06.0205,0.21116,3.75259,0.58061
912,8f142cc4202fd47e5fa8ef2086ff18ff,KSSL.SSL,8f142cc4202fd47e5fa8ef2086ff18ff,251065XS,Bruker Vertex 70 with HTS-XT accessory,Bruker_Vertex_70.HTS.XT,XS: finely ground <80 mesh,CC-BY,https://ncsslabdatamart.sc.egov.usda.gov/datause.aspx,https://doi.org/10.2136/sssaj2019.06.0205,0.14415,4.79065,0.24771
913,4b502923e3c50c376e3090b699466fbd,KSSL.SSL,4b502923e3c50c376e3090b699466fbd,223445XS,Bruker Vertex 70 with HTS-XT accessory,Bruker_Vertex_70.HTS.XT,XS: finely ground <80 mesh,CC-BY,https://ncsslabdatamart.sc.egov.usda.gov/datause.aspx,https://doi.org/10.2136/sssaj2019.06.0205,0.07361,1.30782,1.06367
914,392f7edeb4dd61348b779e64d95d826b,KSSL.SSL,392f7edeb4dd61348b779e64d95d826b,153681XS,Bruker Vertex 70 with HTS-XT accessory,Bruker_Vertex_70.HTS.XT,XS: finely ground <80 mesh,CC-BY,https://ncsslabdatamart.sc.egov.usda.gov/datause.aspx,https://doi.org/10.2136/sssaj2019.06.0205,0.7995,4.62175,5.78984
915,bdb961d96c8168afee182c3ff52535d9,KSSL.SSL,bdb961d96c8168afee182c3ff52535d9,259036XS,Bruker Vertex 70 with HTS-XT accessory,Bruker_Vertex_70.HTS.XT,XS: finely ground <80 mesh,CC-BY,https://ncsslabdatamart.sc.egov.usda.gov/datause.aspx,https://doi.org/10.2136/sssaj2019.06.0205,0.41887,23.2751,0.54137
916,a14d80f08e57de74f37e51de0d08065a,KSSL.SSL,a14d80f08e57de74f37e51de0d08065a,253055XS,Bruker Vertex 70 with HTS-XT accessory,Bruker_Vertex_70.HTS.XT,XS: finely ground <80 mesh,CC-BY,https://ncsslabdatamart.sc.egov.usda.gov/datause.aspx,https://doi.org/10.2136/sssaj2019.06.0205,0.10192,5.52874,0.13226
917,32b3f3685fa495a67b76a82acd08da20,KSSL.SSL,32b3f3685fa495a67b76a82acd08da20,157206XS,Bruker Vertex 70 with HTS-XT accessory,Bruker_Vertex_70.HTS.XT,XS: finely ground <80 mesh,CC-BY,https://ncsslabdatamart.sc.egov.usda.gov/datause.aspx,https://doi.org/10.2136/sssaj2019.06.0205,0.60408,1.58886,0.07195
918,e38bfaf13da892a6e524e2cf4902659c,KSSL.SSL,e38bfaf13da892a6e524e2cf4902659c,253385XS,Bruker Vertex 70 with HTS-XT accessory,Bruker_Vertex_70.HTS.XT,XS: finely ground <80 mesh,CC-BY,https://ncsslabdatamart.sc.egov.usda.gov/datause.aspx,https://doi.org/10.2136/sssaj2019.06.0205,1.63991,7.59381,3.98319
919,8a03b96c084aa54cee73c3ee548c7cde,LUCAS.WOODWELL.SSL,8a03b96c084aa54cee73c3ee548c7cde,11753,Bruker Vertex 70 with with PikeAutoDiff accessory,Bruker_Vertex_70.PikeAutoDiff,,CC-BY,https://creativecommons.org/licenses/by/4.0/,https://doi.org/10.3390/s20236729,0.24,0.0,3.99815847357921
920,bf37b68768d899e72927170550178302,KSSL.SSL,bf37b68768d899e72927170550178302,227077XS,Bruker Vertex 70 with HTS-XT accessory,Bruker_Vertex_70.HTS.XT,XS: finely ground <80 mesh,CC-BY,https://ncsslabdatamart.sc.egov.usda.gov/datause.aspx,https://doi.org/10.2136/sssaj2019.06.0205,0.04893,5.59675,0.07693
921,cba26cfb3db05dedae29cf880f039ca7,KSSL.SSL,cba26cfb3db05dedae29cf880f039ca7,260163XS,Bruker Vertex 70 with HTS-XT accessory,Bruker_Vertex_70.HTS.XT,XS: finely ground <80 mesh,CC-BY,https://ncsslabdatamart.sc.egov.usda.gov/datause.aspx,https://doi.org/10.2136/sssaj2019.06.0205,0.05015,0.0,0.06868
922,229e5bacdf4a9fcdbd0da790837b2d4a,KSSL.SSL,229e5bacdf4a9fcdbd0da790837b2d4a,159265XS,Bruker Vertex 70 with HTS-XT accessory,Bruker_Vertex_70.HTS.XT,XS: finely ground <80 mesh,CC-BY,https://ncsslabdatamart.sc.egov.usda.gov/datause.aspx,https://doi.org/10.2136/sssaj2019.06.0205,0.1345,1.53455,0.85803
923,276bf0792524ee113e4313fff3bd94e7,KSSL.SSL,276bf0792524ee113e4313fff3bd94e7,226292XS,Bruker Vertex 70 with HTS-XT accessory,Bruker_Vertex_70.HTS.XT,XS: finely ground <80 mesh,CC-BY,https://ncsslabdatamart.sc.egov.usda.gov/datause.aspx,https://doi.org/10.2136/sssaj2019.06.0205,0.04749,1.17419,0.33778
924,5be2dec8b5eb84a3d5fa28eeb8b7fcdd,KSSL.SSL,5be2dec8b5eb84a3d5fa28eeb8b7fcdd,155108XS,Bruker Vertex 70 with HTS-XT accessory,Bruker_Vertex_70.HTS.XT,XS: finely ground <80 mesh,CC-BY,https://ncsslabdatamart.sc.egov.usda.gov/datause.aspx,https://doi.org/10.2136/sssaj2019.06.0205,0.04947,7.14294,0.32371
925,6e027ed6e0cec4006f5b3eb4482bc72f,KSSL.SSL,6e027ed6e0cec4006f5b3eb4482bc72f,245039XS,Bruker Vertex 70 with HTS-XT accessory,Bruker_Vertex_70.HTS.XT,XS: finely ground <80 mesh,CC-BY,https://ncsslabdatamart.sc.egov.usda.gov/datause.aspx,https://doi.org/10.2136/sssaj2019.06.0205,0.03033,0.75724,0.24456
926,1dbac983d9a8cce2c5f7723fb3b93eb8,KSSL.SSL,1dbac983d9a8cce2c5f7723fb3b93eb8,258972XS,Bruker Vertex 70 with HTS-XT accessory,Bruker_Vertex_70.HTS.XT,XS: finely ground <80 mesh,CC-BY,https://ncsslabdatamart.sc.egov.usda.gov/datause.aspx,https://doi.org/10.2136/sssaj2019.06.0205,1.72317,4.34491,7.02051
927,3929bf35266614989e73e126ff12d74d,KSSL.SSL,3929bf35266614989e73e126ff12d74d,255924XS,Bruker Vertex 70 with HTS-XT accessory,Bruker_Vertex_70.HTS.XT,XS: finely ground <80 mesh,CC-BY,https://ncsslabdatamart.sc.egov.usda.gov/datause.aspx,https://doi.org/10.2136/sssaj2019.06.0205,2.53395,6.78886,0.22859
928,eb29038b94607698c545919f6fcf10b5,KSSL.SSL,eb29038b94607698c545919f6fcf10b5,244617XS,Bruker Vertex 70 with HTS-XT accessory,Bruker_Vertex_70.HTS.XT,XS: finely ground <80 mesh,CC-BY,https://ncsslabdatamart.sc.egov.usda.gov/datause.aspx,https://doi.org/10.2136/sssaj2019.06.0205,0.37067,14.54839,0.36669
929,44f14023a183e1f905562e22d1f12253,KSSL.SSL,44f14023a183e1f905562e22d1f12253,247117XS,Bruker Vertex 70 with HTS-XT accessory,Bruker_Vertex_70.HTS.XT,XS: finely ground <80 mesh,CC-BY,https://ncsslabdatamart.sc.egov.usda.gov/datause.aspx,https://doi.org/10.2136/sssaj2019.06.0205,0.08298,8.4343,0.33881
930,e4cdd92b222eb6404d50d2584c244487,KSSL.SSL,e4cdd92b222eb6404d50d2584c244487,269476XS,Bruker Vertex 70 with HTS-XT accessory,Bruker_Vertex_70.HTS.XT,XS: finely ground <80 mesh,CC-BY,https://ncsslabdatamart.sc.egov.usda.gov/datause.aspx,https://doi.org/10.2136/sssaj2019.06.0205,0.95792,56.27093,2.659
931,9322614956e11512e4f9f38b718e9d6e,KSSL.SSL,9322614956e11512e4f9f38b718e9d6e,158894XS,Bruker Vertex 70 with HTS-XT accessory,Bruker_Vertex_70.HTS.XT,XS: finely ground <80 mesh,CC-BY,https://ncsslabdatamart.sc.egov.usda.gov/datause.aspx,https://doi.org/10.2136/sssaj2019.06.0205,0.35558,2.38607,0.0
932,d17871b8636dbabf8bf2447a3c5a085a,KSSL.SSL,d17871b8636dbabf8bf2447a3c5a085a,245696XS,Bruker Vertex 70 with HTS-XT accessory,Bruker_Vertex_70.HTS.XT,XS: finely ground <80 mesh,CC-BY,https://ncsslabdatamart.sc.egov.usda.gov/datause.aspx,https://doi.org/10.2136/sssaj2019.06.0205,0.36579,7.12345,4.26796
933,99032447c1a2cd484ebae5a8b80cb88d,KSSL.SSL,99032447c1a2cd484ebae5a8b80cb88d,245812XS,Bruker Vertex 70 with HTS-XT accessory,Bruker_Vertex_70.HTS.XT,XS: finely ground <80 mesh,CC-BY,https://ncsslabdatamart.sc.egov.usda.gov/datause.aspx,https://doi.org/10.2136/sssaj2019.06.0205,1.70173,7.88168,1.64076
934,185bba2be5f3e1d50c72a90c35285313,KSSL.SSL,185bba2be5f3e1d50c72a90c35285313,133139XS,Bruker Vertex 70 with HTS-XT accessory,Bruker_Vertex_70.HTS.XT,XS: finely ground <80 mesh,CC-BY,https://ncsslabdatamart.sc.egov.usda.gov/datause.aspx,https://doi.org/10.2136/sssaj2019.06.0205,0.07694,3.60194,0.35357
935,252358d87ffae2e30611d0552c97f0fc,KSSL.SSL,252358d87ffae2e30611d0552c97f0fc,253408XS,Bruker Vertex 70 with HTS-XT accessory,Bruker_Vertex_70.HTS.XT,XS: finely ground <80 mesh,CC-BY,https://ncsslabdatamart.sc.egov.usda.gov/datause.aspx,https://doi.org/10.2136/sssaj2019.06.0205,0.77912,51.41516,1.14327
936,03e00e68bf23942797702429533e71b1,KSSL.SSL,03e00e68bf23942797702429533e71b1,240385XS,Bruker Vertex 70 with HTS-XT accessory,Bruker_Vertex_70.HTS.XT,XS: finely ground <80 mesh,CC-BY,https://ncsslabdatamart.sc.egov.usda.gov/datause.aspx,https://doi.org/10.2136/sssaj2019.06.0205,0.05214,2.9294,3.80619
937,dbbb7f854268a372dd2cafb98185597e,KSSL.SSL,dbbb7f854268a372dd2cafb98185597e,156637XS,Bruker Vertex 70 with HTS-XT accessory,Bruker_Vertex_70.HTS.XT,XS: finely ground <80 mesh,CC-BY,https://ncsslabdatamart.sc.egov.usda.gov/datause.aspx,https://doi.org/10.2136/sssaj2019.06.0205,0.3056,90.49324,1.3865
938,aae4036640dfa4670f63371dd30e5195,KSSL.SSL,aae4036640dfa4670f63371dd30e5195,222663XS,Bruker Vertex 70 with HTS-XT accessory,Bruker_Vertex_70.HTS.XT,XS: finely ground <80 mesh,CC-BY,https://ncsslabdatamart.sc.egov.usda.gov/datause.aspx,https://doi.org/10.2136/sssaj2019.06.0205,0.50761,4.63232,0.40637
939,9ba1096414172bc1f9e49ce5630958a9,KSSL.SSL,9ba1096414172bc1f9e49ce5630958a9,237727XS,Bruker Vertex 70 with HTS-XT accessory,Bruker_Vertex_70.HTS.XT,XS: finely ground <80 mesh,CC-BY,https://ncsslabdatamart.sc.egov.usda.gov/datause.aspx,https://doi.org/10.2136/sssaj2019.06.0205,0.04787,1.61002,0.33369
940,18c7d6a2d64524cbcedba0db3990d3f7,KSSL.SSL,18c7d6a2d64524cbcedba0db3990d3f7,241320XS,Bruker Vertex 70 with HTS-XT accessory,Bruker_Vertex_70.HTS.XT,XS: finely ground <80 mesh,CC-BY,https://ncsslabdatamart.sc.egov.usda.gov/datause.aspx,https://doi.org/10.2136/sssaj2019.06.0205,0.23636,2.0144,1.97247
941,076ad84949428864f37e997bc9128917,KSSL.SSL,076ad84949428864f37e997bc9128917,105891XS,Bruker Vertex 70 with HTS-XT accessory,Bruker_Vertex_70.HTS.XT,XS: finely ground <80 mesh,CC-BY,https://ncsslabdatamart.sc.egov.usda.gov/datause.aspx,https://doi.org/10.2136/sssaj2019.06.0205,0.20022,1.9305,1.21366
942,c6af4a0930de324705621c5d4707b434,KSSL.SSL,c6af4a0930de324705621c5d4707b434,151208XS,Bruker Vertex 70 with HTS-XT accessory,Bruker_Vertex_70.HTS.XT,XS: finely ground <80 mesh,CC-BY,https://ncsslabdatamart.sc.egov.usda.gov/datause.aspx,https://doi.org/10.2136/sssaj2019.06.0205,0.0,0.3464,0.11098
943,59fb39b7f377d66e6e21e0a72f69c313,KSSL.SSL,59fb39b7f377d66e6e21e0a72f69c313,226773XS,Bruker Vertex 70 with HTS-XT accessory,Bruker_Vertex_70.HTS.XT,XS: finely ground <80 mesh,CC-BY,https://ncsslabdatamart.sc.egov.usda.gov/datause.aspx,https://doi.org/10.2136/sssaj2019.06.0205,0.15123,1.46785,0.40903
944,33b922cd5f4e0af5568fae40922f860e,KSSL.SSL,33b922cd5f4e0af5568fae40922f860e,278886XS,Bruker Vertex 70 with HTS-XT accessory,Bruker_Vertex_70.HTS.XT,XS: finely ground <80 mesh,CC-BY,https://ncsslabdatamart.sc.egov.usda.gov/datause.aspx,https://doi.org/10.2136/sssaj2019.06.0205,0.05027,15.92855,0.2748
945,0ea562015d6c8237ab221e40efe7d8ec,KSSL.SSL,0ea562015d6c8237ab221e40efe7d8ec,187583XS,Bruker Vertex 70 with HTS-XT accessory,Bruker_Vertex_70.HTS.XT,XS: finely ground <80 mesh,CC-BY,https://ncsslabdatamart.sc.egov.usda.gov/datause.aspx,https://doi.org/10.2136/sssaj2019.06.0205,2.49863,4.28632,0.07008
946,e7768ceb997bed31cbc3be8dd342befc,KSSL.SSL,e7768ceb997bed31cbc3be8dd342befc,240068XS,Bruker Vertex 70 with HTS-XT accessory,Bruker_Vertex_70.HTS.XT,XS: finely ground <80 mesh,CC-BY,https://ncsslabdatamart.sc.egov.usda.gov/datause.aspx,https://doi.org/10.2136/sssaj2019.06.0205,0.20734,1.62318,0.88554
947,790e294e1ec470f0ab9918b05bf87d8b,KSSL.SSL,790e294e1ec470f0ab9918b05bf87d8b,253626XS,Bruker Vertex 70 with HTS-XT accessory,Bruker_Vertex_70.HTS.XT,XS: finely ground <80 mesh,CC-BY,https://ncsslabdatamart.sc.egov.usda.gov/datause.aspx,https://doi.org/10.2136/sssaj2019.06.0205,0.23652,8.17499,0.38456
948,d81b8755180194a6c90a2222b9281ffb,KSSL.SSL,d81b8755180194a6c90a2222b9281ffb,154768XS,Bruker Vertex 70 with HTS-XT accessory,Bruker_Vertex_70.HTS.XT,XS: finely ground <80 mesh,CC-BY,https://ncsslabdatamart.sc.egov.usda.gov/datause.aspx,https://doi.org/10.2136/sssaj2019.06.0205,0.1291,2.96522,2.52435
949,0d6985175154794d58b07edac2ee81b7,KSSL.SSL,0d6985175154794d58b07edac2ee81b7,159393XS,Bruker Vertex 70 with HTS-XT accessory,Bruker_Vertex_70.HTS.XT,XS: finely ground <80 mesh,CC-BY,https://ncsslabdatamart.sc.egov.usda.gov/datause.aspx,https://doi.org/10.2136/sssaj2019.06.0205,0.09012,32.49906,0.2501
950,2432f0616a8e80ee769b8943030466d7,KSSL.SSL,2432f0616a8e80ee769b8943030466d7,156452XS,Bruker Vertex 70 with HTS-XT accessory,Bruker_Vertex_70.HTS.XT,XS: finely ground <80 mesh,CC-BY,https://ncsslabdatamart.sc.egov.usda.gov/datause.aspx,https://doi.org/10.2136/sssaj2019.06.0205,2.03627,7.20433,0.2518
951,d3b249c8e9f6c645efc5982257e2a295,KSSL.SSL,d3b249c8e9f6c645efc5982257e2a295,212488XS,Bruker Vertex 70 with HTS-XT accessory,Bruker_Vertex_70.HTS.XT,XS: finely ground <80 mesh,CC-BY,https://ncsslabdatamart.sc.egov.usda.gov/datause.aspx,https://doi.org/10.2136/sssaj2019.06.0205,0.08616,36.57791,0.58456
952,428b6a434673d36ad3a368a4ac53adf1,KSSL.SSL,428b6a434673d36ad3a368a4ac53adf1,162367XS,Bruker Vertex 70 with HTS-XT accessory,Bruker_Vertex_70.HTS.XT,XS: finely ground <80 mesh,CC-BY,https://ncsslabdatamart.sc.egov.usda.gov/datause.aspx,https://doi.org/10.2136/sssaj2019.06.0205,0.0,3.81679,0.06734
953,b3c7a3e02948848f5f0194210c69ca12,KSSL.SSL,b3c7a3e02948848f5f0194210c69ca12,248416XS,Bruker Vertex 70 with HTS-XT accessory,Bruker_Vertex_70.HTS.XT,XS: finely ground <80 mesh,CC-BY,https://ncsslabdatamart.sc.egov.usda.gov/datause.aspx,https://doi.org/10.2136/sssaj2019.06.0205,0.71566,10.82086,0.70782
954,bd4a1f858ba9de075afc93eef40ff572,KSSL.SSL,bd4a1f858ba9de075afc93eef40ff572,259242XS,Bruker Vertex 70 with HTS-XT accessory,Bruker_Vertex_70.HTS.XT,XS: finely ground <80 mesh,CC-BY,https://ncsslabdatamart.sc.egov.usda.gov/datause.aspx,https://doi.org/10.2136/sssaj2019.06.0205,0.2352,7.5849,1.6313
955,c250a9d5572af17c4b5e2cf779c7f509,KSSL.SSL,c250a9d5572af17c4b5e2cf779c7f509,280203XS,Bruker Vertex 70 with HTS-XT accessory,Bruker_Vertex_70.HTS.XT,XS: finely ground <80 mesh,CC-BY,https://ncsslabdatamart.sc.egov.usda.gov/datause.aspx,https://doi.org/10.2136/sssaj2019.06.0205,1.83294,2.77006,0.22698
956,828254c7798492af51a58c2b2a4bdb31,KSSL.SSL,828254c7798492af51a58c2b2a4bdb31,240287XS,Bruker Vertex 70 with HTS-XT accessory,Bruker_Vertex_70.HTS.XT,XS: finely ground <80 mesh,CC-BY,https://ncsslabdatamart.sc.egov.usda.gov/datause.aspx,https://doi.org/10.2136/sssaj2019.06.0205,0.32443,11.59764,2.95986
957,d2dbdfe726d9d7ec5f089a09ef8f0fe7,KSSL.SSL,d2dbdfe726d9d7ec5f089a09ef8f0fe7,253502XS,Bruker Vertex 70 with HTS-XT accessory,Bruker_Vertex_70.HTS.XT,XS: finely ground <80 mesh,CC-BY,https://ncsslabdatamart.sc.egov.usda.gov/datause.aspx,https://doi.org/10.2136/sssaj2019.06.0205,0.43238,20.27765,0.39117
958,ff71453b421c92307febc5336ae209ac,KSSL.SSL,ff71453b421c92307febc5336ae209ac,160396XS,Bruker Vertex 70 with HTS-XT accessory,Bruker_Vertex_70.HTS.XT,XS: finely ground <80 mesh,CC-BY,https://ncsslabdatamart.sc.egov.usda.gov/datause.aspx,https://doi.org/10.2136/sssaj2019.06.0205,0.37459,2.07044,0.62606
959,24d5ca5712e35188f2c473c01fd4952c,KSSL.SSL,24d5ca5712e35188f2c473c01fd4952c,153366XS,Bruker Vertex 70 with HTS-XT accessory,Bruker_Vertex_70.HTS.XT,XS: finely ground <80 mesh,CC-BY,https://ncsslabdatamart.sc.egov.usda.gov/datause.aspx,https://doi.org/10.2136/sssaj2019.06.0205,0.22198,8.61058,2.19845
960,38e93343acafa1acab21a0995ee9175b,KSSL.SSL,38e93343acafa1acab21a0995ee9175b,253553XS,Bruker Vertex 70 with HTS-XT accessory,Bruker_Vertex_70.HTS.XT,XS: finely ground <80 mesh,CC-BY,https://ncsslabdatamart.sc.egov.usda.gov/datause.aspx,https://doi.org/10.2136/sssaj2019.06.0205,0.03812,3.50496,0.09346
961,73b22a4c037fba7ee2644a5b3e3826e2,KSSL.SSL,73b22a4c037fba7ee2644a5b3e3826e2,251008XS,Bruker Vertex 70 with HTS-XT accessory,Bruker_Vertex_70.HTS.XT,XS: finely ground <80 mesh,CC-BY,https://ncsslabdatamart.sc.egov.usda.gov/datause.aspx,https://doi.org/10.2136/sssaj2019.06.0205,0.10154,3.18449,0.02485
962,8e0580bb70cffaf40483d06f0709a13a,KSSL.SSL,8e0580bb70cffaf40483d06f0709a13a,263365XS,Bruker Vertex 70 with HTS-XT accessory,Bruker_Vertex_70.HTS.XT,XS: finely ground <80 mesh,CC-BY,https://ncsslabdatamart.sc.egov.usda.gov/datause.aspx,https://doi.org/10.2136/sssaj2019.06.0205,0.20523,1.8215,0.97621
963,57468b8666d51be7fac7bd3ec4c3c43b,KSSL.SSL,57468b8666d51be7fac7bd3ec4c3c43b,258054XS,Bruker Vertex 70 with HTS-XT accessory,Bruker_Vertex_70.HTS.XT,XS: finely ground <80 mesh,CC-BY,https://ncsslabdatamart.sc.egov.usda.gov/datause.aspx,https://doi.org/10.2136/sssaj2019.06.0205,0.1436,1.35381,0.35526
964,341e8a4b167eced509c503a7541e006d,KSSL.SSL,341e8a4b167eced509c503a7541e006d,244668XS,Bruker Vertex 70 with HTS-XT accessory,Bruker_Vertex_70.HTS.XT,XS: finely ground <80 mesh,CC-BY,https://ncsslabdatamart.sc.egov.usda.gov/datause.aspx,https://doi.org/10.2136/sssaj2019.06.0205,0.62368,17.0887,0.77256
965,d3464e49c7ce759de3d91b746232e700,KSSL.SSL,d3464e49c7ce759de3d91b746232e700,250380XS,Bruker Vertex 70 with HTS-XT accessory,Bruker_Vertex_70.HTS.XT,XS: finely ground <80 mesh,CC-BY,https://ncsslabdatamart.sc.egov.usda.gov/datause.aspx,https://doi.org/10.2136/sssaj2019.06.0205,0.2883,46.89845,0.70274
966,555414bb8da39af46d6480f226dc6133,KSSL.SSL,555414bb8da39af46d6480f226dc6133,175136XS,Bruker Vertex 70 with HTS-XT accessory,Bruker_Vertex_70.HTS.XT,XS: finely ground <80 mesh,CC-BY,https://ncsslabdatamart.sc.egov.usda.gov/datause.aspx,https://doi.org/10.2136/sssaj2019.06.0205,0.03232,0.82255,0.59896
967,b93d6ff1892f5f13e595e674e1506b8b,KSSL.SSL,b93d6ff1892f5f13e595e674e1506b8b,274720XS,Bruker Vertex 70 with HTS-XT accessory,Bruker_Vertex_70.HTS.XT,XS: finely ground <80 mesh,CC-BY,https://ncsslabdatamart.sc.egov.usda.gov/datause.aspx,https://doi.org/10.2136/sssaj2019.06.0205,0.04019,0.15443,0.06929
968,de20fc8f6776dfb267171a43d11bb7ce,KSSL.SSL,de20fc8f6776dfb267171a43d11bb7ce,156095XS,Bruker Vertex 70 with HTS-XT accessory,Bruker_Vertex_70.HTS.XT,XS: finely ground <80 mesh,CC-BY,https://ncsslabdatamart.sc.egov.usda.gov/datause.aspx,https://doi.org/10.2136/sssaj2019.06.0205,0.12895,31.66549,2.2012
969,329936ab2b89da40c486b81e7625673e,KSSL.SSL,329936ab2b89da40c486b81e7625673e,158378XS,Bruker Vertex 70 with HTS-XT accessory,Bruker_Vertex_70.HTS.XT,XS: finely ground <80 mesh,CC-BY,https://ncsslabdatamart.sc.egov.usda.gov/datause.aspx,https://doi.org/10.2136/sssaj2019.06.0205,0.09154,2.88112,0.06948
970,75735192880693a72200b60697ecbb35,KSSL.SSL,75735192880693a72200b60697ecbb35,158300XS,Bruker Vertex 70 with HTS-XT accessory,Bruker_Vertex_70.HTS.XT,XS: finely ground <80 mesh,CC-BY,https://ncsslabdatamart.sc.egov.usda.gov/datause.aspx,https://doi.org/10.2136/sssaj2019.06.0205,1.39668,9.13581,0.35528
971,8d3e73cd2fa0783283a78bd7776a5b0a,LUCAS.WOODWELL.SSL,8d3e73cd2fa0783283a78bd7776a5b0a,12133,Bruker Vertex 70 with with PikeAutoDiff accessory,Bruker_Vertex_70.PikeAutoDiff,,CC-BY,https://creativecommons.org/licenses/by/4.0/,https://doi.org/10.3390/s20236729,0.03,19.6,0.520231213872832
972,31350f43fd0592645b00ac1f57e2275b,KSSL.SSL,31350f43fd0592645b00ac1f57e2275b,261691XS,Bruker Vertex 70 with HTS-XT accessory,Bruker_Vertex_70.HTS.XT,XS: finely ground <80 mesh,CC-BY,https://ncsslabdatamart.sc.egov.usda.gov/datause.aspx,https://doi.org/10.2136/sssaj2019.06.0205,0.33327,29.64789,3.50995
973,668660211cbe48dce022c39611c5694e,KSSL.SSL,668660211cbe48dce022c39611c5694e,260136XS,Bruker Vertex 70 with HTS-XT accessory,Bruker_Vertex_70.HTS.XT,XS: finely ground <80 mesh,CC-BY,https://ncsslabdatamart.sc.egov.usda.gov/datause.aspx,https://doi.org/10.2136/sssaj2019.06.0205,0.04088,34.26925,0.21784
974,9f5b35b9a2c68b613e306b661681b6eb,KSSL.SSL,9f5b35b9a2c68b613e306b661681b6eb,245864XS,Bruker Vertex 70 with HTS-XT accessory,Bruker_Vertex_70.HTS.XT,XS: finely ground <80 mesh,CC-BY,https://ncsslabdatamart.sc.egov.usda.gov/datause.aspx,https://doi.org/10.2136/sssaj2019.06.0205,0.10534,20.50671,1.73175
975,740c88c6b73795d0e3d8502411547a2e,KSSL.SSL,740c88c6b73795d0e3d8502411547a2e,274695XS,Bruker Vertex 70 with HTS-XT accessory,Bruker_Vertex_70.HTS.XT,XS: finely ground <80 mesh,CC-BY,https://ncsslabdatamart.sc.egov.usda.gov/datause.aspx,https://doi.org/10.2136/sssaj2019.06.0205,0.08045,1.44257,0.0
976,40093930449909359433aa2c67feabee,KSSL.SSL,40093930449909359433aa2c67feabee,187590XS,Bruker Vertex 70 with HTS-XT accessory,Bruker_Vertex_70.HTS.XT,XS: finely ground <80 mesh,CC-BY,https://ncsslabdatamart.sc.egov.usda.gov/datause.aspx,https://doi.org/10.2136/sssaj2019.06.0205,0.83769,6.15219,0.28128
977,5eef4967513de64cd5e79927f735b9c0,KSSL.SSL,5eef4967513de64cd5e79927f735b9c0,241403XS,Bruker Vertex 70 with HTS-XT accessory,Bruker_Vertex_70.HTS.XT,XS: finely ground <80 mesh,CC-BY,https://ncsslabdatamart.sc.egov.usda.gov/datause.aspx,https://doi.org/10.2136/sssaj2019.06.0205,0.26768,56.98496,0.87879
978,6e4247248c870f79021f56837cf6278f,KSSL.SSL,6e4247248c870f79021f56837cf6278f,257422XS,Bruker Vertex 70 with HTS-XT accessory,Bruker_Vertex_70.HTS.XT,XS: finely ground <80 mesh,CC-BY,https://ncsslabdatamart.sc.egov.usda.gov/datause.aspx,https://doi.org/10.2136/sssaj2019.06.0205,0.11139,2.17476,0.19683
979,128f6f227dba829870c0b8306a2e2240,KSSL.SSL,128f6f227dba829870c0b8306a2e2240,234673XS,Bruker Vertex 70 with HTS-XT accessory,Bruker_Vertex_70.HTS.XT,XS: finely ground <80 mesh,CC-BY,https://ncsslabdatamart.sc.egov.usda.gov/datause.aspx,https://doi.org/10.2136/sssaj2019.06.0205,0.05732,3.07929,0.17463
980,31f2a3cc22e964023f2923ccc31f3d52,KSSL.SSL,31f2a3cc22e964023f2923ccc31f3d52,154433XS,Bruker Vertex 70 with HTS-XT accessory,Bruker_Vertex_70.HTS.XT,XS: finely ground <80 mesh,CC-BY,https://ncsslabdatamart.sc.egov.usda.gov/datause.aspx,https://doi.org/10.2136/sssaj2019.06.0205,0.10522,3.49891,2.05405
981,91d82014d53562144553d170cf1dd9cb,KSSL.SSL,91d82014d53562144553d170cf1dd9cb,260470XS,Bruker Vertex 70 with HTS-XT accessory,Bruker_Vertex_70.HTS.XT,XS: finely ground <80 mesh,CC-BY,https://ncsslabdatamart.sc.egov.usda.gov/datause.aspx,https://doi.org/10.2136/sssaj2019.06.0205,0.17528,0.96495,0.11364
982,aeaed34ef4db65e179a87d0cea952cba,KSSL.SSL,aeaed34ef4db65e179a87d0cea952cba,122668XS,Bruker Vertex 70 with HTS-XT accessory,Bruker_Vertex_70.HTS.XT,XS: finely ground <80 mesh,CC-BY,https://ncsslabdatamart.sc.egov.usda.gov/datause.aspx,https://doi.org/10.2136/sssaj2019.06.0205,0.03453,1.11756,0.25
983,17f78f704177409a65c62d5e8e11d31a,KSSL.SSL,17f78f704177409a65c62d5e8e11d31a,158987XS,Bruker Vertex 70 with HTS-XT accessory,Bruker_Vertex_70.HTS.XT,XS: finely ground <80 mesh,CC-BY,https://ncsslabdatamart.sc.egov.usda.gov/datause.aspx,https://doi.org/10.2136/sssaj2019.06.0205,0.02004,0.11045,0.0087
984,0b6aa14a62b8bd4a5560e4b395c3ce55,KSSL.SSL,0b6aa14a62b8bd4a5560e4b395c3ce55,263223XS,Bruker Vertex 70 with HTS-XT accessory,Bruker_Vertex_70.HTS.XT,XS: finely ground <80 mesh,CC-BY,https://ncsslabdatamart.sc.egov.usda.gov/datause.aspx,https://doi.org/10.2136/sssaj2019.06.0205,0.04055,1.9849,0.76718
985,1cddea9a183071c03de4d8576ad91194,KSSL.SSL,1cddea9a183071c03de4d8576ad91194,237898XS,Bruker Vertex 70 with HTS-XT accessory,Bruker_Vertex_70.HTS.XT,XS: finely ground <80 mesh,CC-BY,https://ncsslabdatamart.sc.egov.usda.gov/datause.aspx,https://doi.org/10.2136/sssaj2019.06.0205,0.24692,7.41992,1.30927
986,1675b83eba296833225614039afe7bb4,KSSL.SSL,1675b83eba296833225614039afe7bb4,195001XS,Bruker Vertex 70 with HTS-XT accessory,Bruker_Vertex_70.HTS.XT,XS: finely ground <80 mesh,CC-BY,https://ncsslabdatamart.sc.egov.usda.gov/datause.aspx,https://doi.org/10.2136/sssaj2019.06.0205,0.02308,1.78249,0.28075
987,4e758801a37a6ac61abc06ea1daeb4dd,KSSL.SSL,4e758801a37a6ac61abc06ea1daeb4dd,255271XS,Bruker Vertex 70 with HTS-XT accessory,Bruker_Vertex_70.HTS.XT,XS: finely ground <80 mesh,CC-BY,https://ncsslabdatamart.sc.egov.usda.gov/datause.aspx,https://doi.org/10.2136/sssaj2019.06.0205,2.53737,30.0507,0.67403
988,67ec1aea2c17004f2e53c3fd2d5e304c,KSSL.SSL,67ec1aea2c17004f2e53c3fd2d5e304c,232325XS,Bruker Vertex 70 with HTS-XT accessory,Bruker_Vertex_70.HTS.XT,XS: finely ground <80 mesh,CC-BY,https://ncsslabdatamart.sc.egov.usda.gov/datause.aspx,https://doi.org/10.2136/sssaj2019.06.0205,0.14341,20.49381,0.96356
989,62318da61436043d6228c501f5f9b066,KSSL.SSL,62318da61436043d6228c501f5f9b066,222664XS,Bruker Vertex 70 with HTS-XT accessory,Bruker_Vertex_70.HTS.XT,XS: finely ground <80 mesh,CC-BY,https://ncsslabdatamart.sc.egov.usda.gov/datause.aspx,https://doi.org/10.2136/sssaj2019.06.0205,0.74923,10.10698,0.68216
990,8c49d977b8822849118bfb8e545e7316,KSSL.SSL,8c49d977b8822849118bfb8e545e7316,179450XS,Bruker Vertex 70 with HTS-XT accessory,Bruker_Vertex_70.HTS.XT,XS: finely ground <80 mesh,CC-BY,https://ncsslabdatamart.sc.egov.usda.gov/datause.aspx,https://doi.org/10.2136/sssaj2019.06.0205,1.90904,26.1405,0.55884
991,400b9a175cb977814551757c378f9cc8,KSSL.SSL,400b9a175cb977814551757c378f9cc8,160339XS,Bruker Vertex 70 with HTS-XT accessory,Bruker_Vertex_70.HTS.XT,XS: finely ground <80 mesh,CC-BY,https://ncsslabdatamart.sc.egov.usda.gov/datause.aspx,https://doi.org/10.2136/sssaj2019.06.0205,0.0,1.59854,0.09183
992,fb86c0466236f9cbc66884f373078130,KSSL.SSL,fb86c0466236f9cbc66884f373078130,187542XS,Bruker Vertex 70 with HTS-XT accessory,Bruker_Vertex_70.HTS.XT,XS: finely ground <80 mesh,CC-BY,https://ncsslabdatamart.sc.egov.usda.gov/datause.aspx,https://doi.org/10.2136/sssaj2019.06.0205,0.0,1.49289,0.01431
993,aa31833d1feab4426eac2b9e1db32ae8,KSSL.SSL,aa31833d1feab4426eac2b9e1db32ae8,153043XS,Bruker Vertex 70 with HTS-XT accessory,Bruker_Vertex_70.HTS.XT,XS: finely ground <80 mesh,CC-BY,https://ncsslabdatamart.sc.egov.usda.gov/datause.aspx,https://doi.org/10.2136/sssaj2019.06.0205,0.04927,12.13217,0.22713
994,643186fb23ccfa31ff1beedb2f27dfee,KSSL.SSL,643186fb23ccfa31ff1beedb2f27dfee,159304XS,Bruker Vertex 70 with HTS-XT accessory,Bruker_Vertex_70.HTS.XT,XS: finely ground <80 mesh,CC-BY,https://ncsslabdatamart.sc.egov.usda.gov/datause.aspx,https://doi.org/10.2136/sssaj2019.06.0205,0.73462,12.17629,5.53338
995,bb40611963e38e4d4f75e1ce27e44ad5,KSSL.SSL,bb40611963e38e4d4f75e1ce27e44ad5,224227XS,Bruker Vertex 70 with HTS-XT accessory,Bruker_Vertex_70.HTS.XT,XS: finely ground <80 mesh,CC-BY,https://ncsslabdatamart.sc.egov.usda.gov/datause.aspx,https://doi.org/10.2136/sssaj2019.06.0205,0.1142,30.32379,2.01672
996,3234226f61d16dc36e14c05525ca0620,KSSL.SSL,3234226f61d16dc36e14c05525ca0620,153725XS,Bruker Vertex 70 with HTS-XT accessory,Bruker_Vertex_70.HTS.XT,XS: finely ground <80 mesh,CC-BY,https://ncsslabdatamart.sc.egov.usda.gov/datause.aspx,https://doi.org/10.2136/sssaj2019.06.0205,3.69117,6.36588,0.60385
997,89153fbb28b41769edb1610e3deebd86,KSSL.SSL,89153fbb28b41769edb1610e3deebd86,248026XS,Bruker Vertex 70 with HTS-XT accessory,Bruker_Vertex_70.HTS.XT,XS: finely ground <80 mesh,CC-BY,https://ncsslabdatamart.sc.egov.usda.gov/datause.aspx,https://doi.org/10.2136/sssaj2019.06.0205,0.61127,16.25237,4.85322
998,c8e2273b8fc98dd14ddef71420d0debf,KSSL.SSL,c8e2273b8fc98dd14ddef71420d0debf,252523XS,Bruker Vertex 70 with HTS-XT accessory,Bruker_Vertex_70.HTS.XT,XS: finely ground <80 mesh,CC-BY,https://ncsslabdatamart.sc.egov.usda.gov/datause.aspx,https://doi.org/10.2136/sssaj2019.06.0205,0.10101,33.10781,0.18641
999,9e40b310da1b0eb121ecad69d82e38d0,KSSL.SSL,9e40b310da1b0eb121ecad69d82e38d0,151206XS,Bruker Vertex 70 with HTS-XT accessory,Bruker_Vertex_70.HTS.XT,XS: finely ground <80 mesh,CC-BY,https://ncsslabdatamart.sc.egov.usda.gov/datause.aspx,https://doi.org/10.2136/sssaj2019.06.0205,0.01971,0.65228,0.18121
1000,2cb0667a09cb3872afe6832658ba6930,KSSL.SSL,2cb0667a09cb3872afe6832658ba6930,158150XS,Bruker Vertex 70 with HTS-XT accessory,Bruker_Vertex_70.HTS.XT,XS: finely ground <80 mesh,CC-BY,https://ncsslabdatamart.sc.egov.usda.gov/datause.aspx,https://doi.org/10.2136/sssaj2019.06.0205,1.89557,4.54662,0.4998
