target,budget,repeat,fold,sample_id,observed,predicted,baseline_predicted,residual,model,preprocessing
N,60,1,1,2a70fd5d10ad11d40aa7dc7c2bd08c6b,0.15,0.1813229,0.11627,-0.031322902441024786,Patch transformer,SNV + patches(16)
N,60,1,1,7fef387ff08f0b2326a8afa69c3985fc,0.04545,0.20382231,0.11627,-0.1583723147392273,Patch transformer,SNV + patches(16)
N,60,1,1,f9891181b6ea77c29ec998e834de145b,0.0264,0.37486643,0.11627,-0.34846642599105837,Patch transformer,SNV + patches(16)
N,60,1,1,98f2650032d8e2784cfef807bd8eb1db,0.07,0.15798831,0.11627,-0.08798830986022949,Patch transformer,SNV + patches(16)
N,60,1,1,b06ef2ff977073c8a423f935c3707702,0.06205,0.35010743,0.11627,-0.28805743141174317,Patch transformer,SNV + patches(16)
N,60,1,1,81228fd19ca25eb008810fdd04a25070,0.04,0.4044081,0.11627,-0.3644080972671509,Patch transformer,SNV + patches(16)
N,60,1,1,d88174e63b46494814d55c01e91daaa4,0.19,0.36722827,0.11627,-0.17722826957702636,Patch transformer,SNV + patches(16)
N,60,1,1,5e679b2fd98577dbf032a322e04b7cc1,0.04545,0.14286184,0.11627,-0.09741184310913087,Patch transformer,SNV + patches(16)
N,60,1,1,76f2ff22173a5bfeecb15c686f829c68,0.35,0.2159489,0.11627,0.13405110538005827,Patch transformer,SNV + patches(16)
N,60,1,1,93d8af16cc306e2d3077e97a5d39e234,2.72532,0.617923,0.11627,2.1073969786834716,Patch transformer,SNV + patches(16)
N,60,1,1,3ca44ead31d5008f64e0eaa2fb229b3b,0.58748,0.43129587,0.11627,0.15618412826538086,Patch transformer,SNV + patches(16)
N,60,1,1,bc9350958e979068ecea1ca1db7a83d1,1.16226,0.43867362,0.11627,0.7235863845443726,Patch transformer,SNV + patches(16)
P,60,1,1,2a70fd5d10ad11d40aa7dc7c2bd08c6b,47.8,2.527478,3.11025,45.27252202033996,Patch transformer,SNV + patches(16)
P,60,1,1,7fef387ff08f0b2326a8afa69c3985fc,3.32276,2.7338278,3.11025,0.5889321706390382,Patch transformer,SNV + patches(16)
P,60,1,1,f9891181b6ea77c29ec998e834de145b,4.27259,3.9291313,3.11025,0.34345873054504406,Patch transformer,SNV + patches(16)
P,60,1,1,98f2650032d8e2784cfef807bd8eb1db,0.0,2.4659545,3.11025,-2.465954542160034,Patch transformer,SNV + patches(16)
P,60,1,1,b06ef2ff977073c8a423f935c3707702,8.76614,3.701194,3.11025,5.064945952072144,Patch transformer,SNV + patches(16)
P,60,1,1,81228fd19ca25eb008810fdd04a25070,16.5,4.244299,3.11025,12.255701065063477,Patch transformer,SNV + patches(16)
P,60,1,1,d88174e63b46494814d55c01e91daaa4,25.3,3.9448674,3.11025,21.355132627487183,Patch transformer,SNV + patches(16)
P,60,1,1,5e679b2fd98577dbf032a322e04b7cc1,0.45407,2.4283507,3.11025,-1.9742806870269776,Patch transformer,SNV + patches(16)
P,60,1,1,76f2ff22173a5bfeecb15c686f829c68,67.6,2.79693,3.11025,64.80306992530822,Patch transformer,SNV + patches(16)
P,60,1,1,93d8af16cc306e2d3077e97a5d39e234,6.95761,6.223258,3.11025,0.7343519815063475,Patch transformer,SNV + patches(16)
P,60,1,1,3ca44ead31d5008f64e0eaa2fb229b3b,13.58879,4.3514323,3.11025,9.237357676544189,Patch transformer,SNV + patches(16)
P,60,1,1,bc9350958e979068ecea1ca1db7a83d1,2.842,4.5461097,3.11025,-1.704109676361084,Patch transformer,SNV + patches(16)
K,60,1,1,2a70fd5d10ad11d40aa7dc7c2bd08c6b,0.234283083533685,0.5675134,0.396475,-0.3332303227430179,Patch transformer,SNV + patches(16)
K,60,1,1,7fef387ff08f0b2326a8afa69c3985fc,0.07773,0.63714296,0.396475,-0.5594129562568665,Patch transformer,SNV + patches(16)
K,60,1,1,f9891181b6ea77c29ec998e834de145b,4.28215,1.0164905,0.396475,3.265659540557861,Patch transformer,SNV + patches(16)
K,60,1,1,98f2650032d8e2784cfef807bd8eb1db,0.419458795846335,0.5487192,0.396475,-0.12926043146766036,Patch transformer,SNV + patches(16)
K,60,1,1,b06ef2ff977073c8a423f935c3707702,4.67686,0.92114735,0.396475,3.7557126535034175,Patch transformer,SNV + patches(16)
K,60,1,1,81228fd19ca25eb008810fdd04a25070,1.17755383907105,1.1343468,0.396475,0.04320699630524194,Patch transformer,SNV + patches(16)
K,60,1,1,d88174e63b46494814d55c01e91daaa4,0.95145531740754,1.0167872,0.396475,-0.0653318539562906,Patch transformer,SNV + patches(16)
K,60,1,1,5e679b2fd98577dbf032a322e04b7cc1,0.21227,0.6114901,0.396475,-0.3992200708198548,Patch transformer,SNV + patches(16)
K,60,1,1,76f2ff22173a5bfeecb15c686f829c68,0.388255153716303,0.65063524,0.396475,-0.2623800887458552,Patch transformer,SNV + patches(16)
K,60,1,1,93d8af16cc306e2d3077e97a5d39e234,0.13713,1.6273485,0.396475,-1.49021854221344,Patch transformer,SNV + patches(16)
K,60,1,1,3ca44ead31d5008f64e0eaa2fb229b3b,0.93749,1.0970597,0.396475,-0.15956972671508785,Patch transformer,SNV + patches(16)
K,60,1,1,bc9350958e979068ecea1ca1db7a83d1,1.64686,1.2230364,0.396475,0.42382359157562255,Patch transformer,SNV + patches(16)
N,60,1,2,b8d55a953c01cd342b1be147769776b5,0.0,0.09494241,0.11499999999999999,-0.09494241327047348,Patch transformer,SNV + patches(16)
N,60,1,2,e12ed1de4ae395e58114affd9feb299d,0.33,0.102558404,0.11499999999999999,0.2274415957927704,Patch transformer,SNV + patches(16)
N,60,1,2,eb4961960138f6541633f3eab3582e37,0.0,0.02772531,0.11499999999999999,-0.027725309133529663,Patch transformer,SNV + patches(16)
N,60,1,2,7b7f800e58efbc3a88f09e818729645c,0.11254,0.07882468,0.11499999999999999,0.03371532342672348,Patch transformer,SNV + patches(16)
N,60,1,2,523b42168d37da22d1ed0c7c944dd149,0.24852,0.29117867,0.11499999999999999,-0.04265867350578309,Patch transformer,SNV + patches(16)
N,60,1,2,01fc386431af7ef46743dcb5fd1b13bd,1.05686,0.78088504,0.11499999999999999,0.2759749592399596,Patch transformer,SNV + patches(16)
N,60,1,2,b1b2c0a1acf771644dc87780ec149627,0.50081,0.15325376,0.11499999999999999,0.3475562360858917,Patch transformer,SNV + patches(16)
N,60,1,2,64df4001f982c283885865a09fd6eff3,0.01982,0.23499788,0.11499999999999999,-0.21517788343906402,Patch transformer,SNV + patches(16)
N,60,1,2,528c525f69e9c41adb90f71d886f5cbd,0.07094,0.78279465,0.11499999999999999,-0.7118546543693542,Patch transformer,SNV + patches(16)
N,60,1,2,bb4c7754e2857cd8e7b6fea4c3f2e3b4,0.17,0.71543187,0.11499999999999999,-0.5454318690299987,Patch transformer,SNV + patches(16)
N,60,1,2,4859dec60a5e518c6ae010e360aaa43f,0.03016,0.063367836,0.11499999999999999,-0.03320783617734909,Patch transformer,SNV + patches(16)
N,60,1,2,4289af3d036f7da61dcf2aceb651ad36,1.32755,1.3829672,0.11499999999999999,-0.055417233657836906,Patch transformer,SNV + patches(16)
P,60,1,2,b8d55a953c01cd342b1be147769776b5,0.5166,2.0881562,4.43688,-1.5715562232971192,Patch transformer,SNV + patches(16)
P,60,1,2,e12ed1de4ae395e58114affd9feb299d,15.9,5.7852454,4.43688,10.114754581451416,Patch transformer,SNV + patches(16)
P,60,1,2,eb4961960138f6541633f3eab3582e37,0.69383,9.259185,4.43688,-8.565354837341308,Patch transformer,SNV + patches(16)
P,60,1,2,7b7f800e58efbc3a88f09e818729645c,1.48386,1.9721932,4.43688,-0.4883332411193848,Patch transformer,SNV + patches(16)
P,60,1,2,523b42168d37da22d1ed0c7c944dd149,24.46915,5.391998,4.43688,19.077152185821532,Patch transformer,SNV + patches(16)
P,60,1,2,01fc386431af7ef46743dcb5fd1b13bd,22.68916,18.468744,4.43688,4.2204157220458995,Patch transformer,SNV + patches(16)
P,60,1,2,b1b2c0a1acf771644dc87780ec149627,5.61784,10.144758,4.43688,-4.5269182244873045,Patch transformer,SNV + patches(16)
P,60,1,2,64df4001f982c283885865a09fd6eff3,0.40878,7.328797,4.43688,-6.920016863555908,Patch transformer,SNV + patches(16)
P,60,1,2,528c525f69e9c41adb90f71d886f5cbd,6.53359,10.436127,4.43688,-3.9025367089843748,Patch transformer,SNV + patches(16)
P,60,1,2,bb4c7754e2857cd8e7b6fea4c3f2e3b4,0.0,12.448036,4.43688,-12.448036193847656,Patch transformer,SNV + patches(16)
P,60,1,2,4859dec60a5e518c6ae010e360aaa43f,2.1068,1.390357,4.43688,0.7164429824829099,Patch transformer,SNV + patches(16)
P,60,1,2,4289af3d036f7da61dcf2aceb651ad36,5.20023,15.982576,4.43688,-10.782346370239257,Patch transformer,SNV + patches(16)
K,60,1,2,b8d55a953c01cd342b1be147769776b5,0.18911,0.31799608,0.4600650350401555,-0.128886084690094,Patch transformer,SNV + patches(16)
K,60,1,2,e12ed1de4ae395e58114affd9feb299d,0.337101642027725,0.6604346,0.4600650350401555,-0.32333296166337605,Patch transformer,SNV + patches(16)
K,60,1,2,eb4961960138f6541633f3eab3582e37,0.09033,0.9522094,0.4600650350401555,-0.8618794130516052,Patch transformer,SNV + patches(16)
K,60,1,2,7b7f800e58efbc3a88f09e818729645c,0.39303,0.28793743,0.4600650350401555,0.10509256747245788,Patch transformer,SNV + patches(16)
K,60,1,2,523b42168d37da22d1ed0c7c944dd149,2.85259,0.8700924,0.4600650350401555,1.9824976080322267,Patch transformer,SNV + patches(16)
K,60,1,2,01fc386431af7ef46743dcb5fd1b13bd,0.39992,2.156075,0.4600650350401555,-1.7561550007629394,Patch transformer,SNV + patches(16)
K,60,1,2,b1b2c0a1acf771644dc87780ec149627,0.2594,1.0663873,0.4600650350401555,-0.8069872957229614,Patch transformer,SNV + patches(16)
K,60,1,2,64df4001f982c283885865a09fd6eff3,0.49202,1.0064535,0.4600650350401555,-0.5144335140991211,Patch transformer,SNV + patches(16)
K,60,1,2,528c525f69e9c41adb90f71d886f5cbd,0.09732,1.7873442,0.4600650350401555,-1.690024217300415,Patch transformer,SNV + patches(16)
K,60,1,2,bb4c7754e2857cd8e7b6fea4c3f2e3b4,1.33612972530564,1.8521856,0.4600650350401555,-0.516055881650842,Patch transformer,SNV + patches(16)
K,60,1,2,4859dec60a5e518c6ae010e360aaa43f,0.0,0.22089793,0.4600650350401555,-0.22089792788028717,Patch transformer,SNV + patches(16)
K,60,1,2,4289af3d036f7da61dcf2aceb651ad36,0.24695,2.2043746,0.4600650350401555,-1.9574245517730713,Patch transformer,SNV + patches(16)
N,60,1,3,7a9bac2ad491995c7f729047a2e1c164,0.10812,0.16997747,0.12,-0.06185747123241425,Patch transformer,SNV + patches(16)
N,60,1,3,2060c6d3f228f6f93936240a6ba71361,0.52,0.11521863,0.12,0.4047813680768013,Patch transformer,SNV + patches(16)
N,60,1,3,d2c3ecadc93aab25e7fa34de2435f03b,0.47639,0.21005093,0.12,0.26633907438755033,Patch transformer,SNV + patches(16)
N,60,1,3,bb2b9ee9ac79c823e1dc36e624f6baa3,0.02,0.4693871,0.12,-0.44938711404800413,Patch transformer,SNV + patches(16)
N,60,1,3,171f1950c34fade461d8f31ec7b541aa,0.09,0.25757286,0.12,-0.16757285952568055,Patch transformer,SNV + patches(16)
N,60,1,3,a54c94d278344e81ad0267025f57fa43,0.001,0.10625135,0.12,-0.10525135153532028,Patch transformer,SNV + patches(16)
N,60,1,3,8faafffca19a188f3f01a1a80045ee3e,0.03417,0.53628904,0.12,-0.5021190362739563,Patch transformer,SNV + patches(16)
N,60,1,3,162b3559316de7b2dc7ac29c3e59a718,0.04864,0.11172699,0.12,-0.06308699183225631,Patch transformer,SNV + patches(16)
N,60,1,3,65751894b2651a4ea9150d001b6b269a,1.23418,1.0218699,0.12,0.21231010215759283,Patch transformer,SNV + patches(16)
N,60,1,3,d246ecb2db1de88b809710d98456b02c,0.97178,1.6729956,0.12,-0.7012155673217774,Patch transformer,SNV + patches(16)
N,60,1,3,079007847c148f48771780a23bd5ed7a,0.0441,0.1645183,0.12,-0.12041829671859741,Patch transformer,SNV + patches(16)
N,60,1,3,1565f3b97057f7672246e822e1bc19bf,0.12387,0.091510355,0.12,0.0323596445274353,Patch transformer,SNV + patches(16)
P,60,1,3,7a9bac2ad491995c7f729047a2e1c164,101.44149,2.110894,4.43688,99.33059603523255,Patch transformer,SNV + patches(16)
P,60,1,3,2060c6d3f228f6f93936240a6ba71361,0.0,0.6575895,4.43688,-0.6575894951820374,Patch transformer,SNV + patches(16)
P,60,1,3,d2c3ecadc93aab25e7fa34de2435f03b,61.68966,2.520423,4.43688,59.169237064514164,Patch transformer,SNV + patches(16)
P,60,1,3,bb2b9ee9ac79c823e1dc36e624f6baa3,0.0,11.34673,4.43688,-11.34673023223877,Patch transformer,SNV + patches(16)
P,60,1,3,171f1950c34fade461d8f31ec7b541aa,0.0,11.6628065,4.43688,-11.662806510925293,Patch transformer,SNV + patches(16)
P,60,1,3,a54c94d278344e81ad0267025f57fa43,0.40792,1.7224184,4.43688,-1.3144984274673461,Patch transformer,SNV + patches(16)
P,60,1,3,8faafffca19a188f3f01a1a80045ee3e,0.97178,46.05553,4.43688,-45.0837505480957,Patch transformer,SNV + patches(16)
P,60,1,3,162b3559316de7b2dc7ac29c3e59a718,3.3208,1.1986511,4.43688,2.122148924636841,Patch transformer,SNV + patches(16)
P,60,1,3,65751894b2651a4ea9150d001b6b269a,7.39982,8.653137,4.43688,-1.25331720703125,Patch transformer,SNV + patches(16)
P,60,1,3,d246ecb2db1de88b809710d98456b02c,10.01707,19.458374,4.43688,-9.4413040234375,Patch transformer,SNV + patches(16)
P,60,1,3,079007847c148f48771780a23bd5ed7a,42.7773,3.3324425,4.43688,39.44485747795105,Patch transformer,SNV + patches(16)
P,60,1,3,1565f3b97057f7672246e822e1bc19bf,26.09425,3.3403108,4.43688,22.75393918800354,Patch transformer,SNV + patches(16)
K,60,1,3,7a9bac2ad491995c7f729047a2e1c164,4.16829,0.4049674,0.3906425768581515,3.763322602548599,Patch transformer,SNV + patches(16)
K,60,1,3,2060c6d3f228f6f93936240a6ba71361,2.33464627346667,0.44032034,0.3906425768581515,1.8943259306875104,Patch transformer,SNV + patches(16)
K,60,1,3,d2c3ecadc93aab25e7fa34de2435f03b,5.92081,1.2661004,0.3906425768581515,4.654709593353272,Patch transformer,SNV + patches(16)
K,60,1,3,bb2b9ee9ac79c823e1dc36e624f6baa3,0.159087421351476,0.20305873,0.3906425768581515,-0.043971313184694966,Patch transformer,SNV + patches(16)
K,60,1,3,171f1950c34fade461d8f31ec7b541aa,0.459870070080311,5.395,0.3906425768581515,-4.935129910846203,Patch transformer,SNV + patches(16)
K,60,1,3,a54c94d278344e81ad0267025f57fa43,0.0,0.82825416,0.3906425768581515,-0.8282541632652283,Patch transformer,SNV + patches(16)
K,60,1,3,8faafffca19a188f3f01a1a80045ee3e,0.63937,1.7027361,0.3906425768581515,-1.0633661392974854,Patch transformer,SNV + patches(16)
K,60,1,3,162b3559316de7b2dc7ac29c3e59a718,0.21139,0.7577611,0.3906425768581515,-0.5463711207962036,Patch transformer,SNV + patches(16)
K,60,1,3,65751894b2651a4ea9150d001b6b269a,0.46026,-0.024041142,0.3906425768581515,0.4843011423146725,Patch transformer,SNV + patches(16)
K,60,1,3,d246ecb2db1de88b809710d98456b02c,4.54015,0.22580534,0.3906425768581515,4.3143446578025815,Patch transformer,SNV + patches(16)
K,60,1,3,079007847c148f48771780a23bd5ed7a,12.51361,0.75398797,0.3906425768581515,11.759622032032013,Patch transformer,SNV + patches(16)
K,60,1,3,1565f3b97057f7672246e822e1bc19bf,0.17779,0.43368354,0.3906425768581515,-0.2558935443973541,Patch transformer,SNV + patches(16)
N,60,1,4,a9fef1c7afb7ecd702b97eea9877847f,0.12,-0.13958658,0.11033,0.25958658277988433,Patch transformer,SNV + patches(16)
N,60,1,4,836e490b36d38c7ede978670a87f373c,0.11,0.53431845,0.11033,-0.4243184471130371,Patch transformer,SNV + patches(16)
N,60,1,4,9bf40fbc33c25dcf39d7b57bd6fc29b0,0.01018,0.49243215,0.11033,-0.48225214726448057,Patch transformer,SNV + patches(16)
N,60,1,4,0eeb39bc2910755db03181cf10c0c2ba,0.0,0.05553516,0.11033,-0.05553516000509262,Patch transformer,SNV + patches(16)
N,60,1,4,9e69bb72cbea5a83216fdf89f7bc688b,0.07727,0.10602819,0.11033,-0.028758191745281214,Patch transformer,SNV + patches(16)
N,60,1,4,8beacf87fc55813738d600c1ea2a9c7d,0.12,0.4514944,0.11033,-0.33149439573287964,Patch transformer,SNV + patches(16)
N,60,1,4,5db409bd7e44e43453b43ed15d6c220b,0.0,-0.008226405,0.11033,0.008226404897868633,Patch transformer,SNV + patches(16)
N,60,1,4,9f4339b931b43a42fdc3ae24748e93c4,0.80472,0.053565595,0.11033,0.7511544047009945,Patch transformer,SNV + patches(16)
N,60,1,4,d0d71d3eccc407738b0ae371f32a31a0,0.30446,0.09630491,0.11033,0.20815509160518647,Patch transformer,SNV + patches(16)
N,60,1,4,ffbc4e924a3077f384897fd6871fc289,2.57356,0.42811432,0.11033,2.1454456751918793,Patch transformer,SNV + patches(16)
N,60,1,4,4b5527f2f6619045c4fcbd25d4e42ad4,0.19,0.48744398,0.11033,-0.2974439835548401,Patch transformer,SNV + patches(16)
N,60,1,4,186111e6da3c326211af261df886e7d0,1.26439,0.7402526,0.11033,0.5241373859786986,Patch transformer,SNV + patches(16)
P,60,1,4,a9fef1c7afb7ecd702b97eea9877847f,0.0,2.195957,4.43688,-2.1959569454193115,Patch transformer,SNV + patches(16)
P,60,1,4,836e490b36d38c7ede978670a87f373c,0.0,4.823739,4.43688,-4.823739051818848,Patch transformer,SNV + patches(16)
P,60,1,4,9bf40fbc33c25dcf39d7b57bd6fc29b0,0.0,5.020506,4.43688,-5.020505905151367,Patch transformer,SNV + patches(16)
P,60,1,4,0eeb39bc2910755db03181cf10c0c2ba,0.23135,2.6725016,4.43688,-2.441151564025879,Patch transformer,SNV + patches(16)
P,60,1,4,9e69bb72cbea5a83216fdf89f7bc688b,0.82201,2.8928344,4.43688,-2.070824424972534,Patch transformer,SNV + patches(16)
P,60,1,4,8beacf87fc55813738d600c1ea2a9c7d,10.1,4.551974,4.43688,5.548026180267334,Patch transformer,SNV + patches(16)
P,60,1,4,5db409bd7e44e43453b43ed15d6c220b,14.69233,2.6609104,4.43688,12.031419632034302,Patch transformer,SNV + patches(16)
P,60,1,4,9f4339b931b43a42fdc3ae24748e93c4,23.34116,2.7296355,4.43688,20.61152452293396,Patch transformer,SNV + patches(16)
P,60,1,4,d0d71d3eccc407738b0ae371f32a31a0,11.57805,3.0857654,4.43688,8.49228463821411,Patch transformer,SNV + patches(16)
P,60,1,4,ffbc4e924a3077f384897fd6871fc289,49.3044,4.2795467,4.43688,45.0248532623291,Patch transformer,SNV + patches(16)
P,60,1,4,4b5527f2f6619045c4fcbd25d4e42ad4,0.0,4.58888,4.43688,-4.5888800621032715,Patch transformer,SNV + patches(16)
P,60,1,4,186111e6da3c326211af261df886e7d0,124.68283,5.878647,4.43688,118.80418314941406,Patch transformer,SNV + patches(16)
K,60,1,4,a9fef1c7afb7ecd702b97eea9877847f,0.29413269220932,-0.07472431,0.4096893979231675,0.36885700135572425,Patch transformer,SNV + patches(16)
K,60,1,4,836e490b36d38c7ede978670a87f373c,2.96076525653486,1.3157408,0.4096893979231675,1.6450244327891324,Patch transformer,SNV + patches(16)
K,60,1,4,9bf40fbc33c25dcf39d7b57bd6fc29b0,0.0,1.2402548,0.4096893979231675,-1.2402547597885132,Patch transformer,SNV + patches(16)
K,60,1,4,0eeb39bc2910755db03181cf10c0c2ba,0.06913,0.25737962,0.4096893979231675,-0.18824962126731873,Patch transformer,SNV + patches(16)
K,60,1,4,9e69bb72cbea5a83216fdf89f7bc688b,0.0,0.3540325,0.4096893979231675,-0.3540324866771698,Patch transformer,SNV + patches(16)
K,60,1,4,8beacf87fc55813738d600c1ea2a9c7d,0.316128702235408,1.1116146,0.4096893979231675,-0.7954858826873825,Patch transformer,SNV + patches(16)
K,60,1,4,5db409bd7e44e43453b43ed15d6c220b,0.1184,0.15217268,0.4096893979231675,-0.033772684669494624,Patch transformer,SNV + patches(16)
K,60,1,4,9f4339b931b43a42fdc3ae24748e93c4,2.16142,0.25448906,0.4096893979231675,1.9069309357833863,Patch transformer,SNV + patches(16)
K,60,1,4,d0d71d3eccc407738b0ae371f32a31a0,1.4833,0.353421,0.4096893979231675,1.129878997373581,Patch transformer,SNV + patches(16)
K,60,1,4,ffbc4e924a3077f384897fd6871fc289,2.10904,1.0484779,0.4096893979231675,1.0605621118927,Patch transformer,SNV + patches(16)
K,60,1,4,4b5527f2f6619045c4fcbd25d4e42ad4,1.65993145429434,1.1990601,0.4096893979231675,0.46087137185873206,Patch transformer,SNV + patches(16)
K,60,1,4,186111e6da3c326211af261df886e7d0,0.80504,1.8548229,0.4096893979231675,-1.049782874069214,Patch transformer,SNV + patches(16)
N,60,1,5,6f3380bee1fb7f08cf65b548f4dd0d7e,0.01104,0.049933843,0.11627,-0.03889384331464767,Patch transformer,SNV + patches(16)
N,60,1,5,4901fbbecccbc8523b1ffc26d1b5d9a4,3.44367,0.47656733,0.11627,2.967102672023773,Patch transformer,SNV + patches(16)
N,60,1,5,fc17b30b86ceb1f8655c9db11d7ce821,2.02866,0.9790675,0.11627,1.0495924955940246,Patch transformer,SNV + patches(16)
N,60,1,5,9e4373497959b939f4f7b4124dec6a45,0.15156,0.048142992,0.11627,0.10341700803995132,Patch transformer,SNV + patches(16)
N,60,1,5,0c262891e616e18f18531bfc1e1c6da1,1.42082,0.9493236,0.11627,0.47149640542984006,Patch transformer,SNV + patches(16)
N,60,1,5,4398ab81f3375b3c43861282040717d5,0.03458,0.1686567,0.11627,-0.13407670680999756,Patch transformer,SNV + patches(16)
N,60,1,5,54b1112b81624617cbf716aa39370252,0.08,0.31880724,0.11627,-0.23880724430084227,Patch transformer,SNV + patches(16)
N,60,1,5,e9a496477ff32b111ac8ef1f6448dec9,0.05318,0.21232162,0.11627,-0.15914162415981292,Patch transformer,SNV + patches(16)
N,60,1,5,04fcaa7329b712aecb2ac794c961ad79,0.0132,0.18927605,0.11627,-0.17607605450153352,Patch transformer,SNV + patches(16)
N,60,1,5,f02d4e1a64456f33400e40f783eb26d5,0.85314,0.8256618,0.11627,0.027478221549987802,Patch transformer,SNV + patches(16)
N,60,1,5,7696cf4581ce7e708547572ae05362fe,0.61,0.2457692,0.11627,0.364230797290802,Patch transformer,SNV + patches(16)
N,60,1,5,c114fd7deae42087498cb7edadae9168,0.10388,0.02794454,0.11627,0.075935459395051,Patch transformer,SNV + patches(16)
P,60,1,5,6f3380bee1fb7f08cf65b548f4dd0d7e,1.54624,1.7142539,5.409035,-0.16801390243530268,Patch transformer,SNV + patches(16)
P,60,1,5,4901fbbecccbc8523b1ffc26d1b5d9a4,1.32669,5.2397327,5.409035,-3.91304274230957,Patch transformer,SNV + patches(16)
P,60,1,5,fc17b30b86ceb1f8655c9db11d7ce821,37.2928,12.769951,5.409035,24.52284913330078,Patch transformer,SNV + patches(16)
P,60,1,5,9e4373497959b939f4f7b4124dec6a45,24.06916,1.6864696,5.409035,22.382690445098877,Patch transformer,SNV + patches(16)
P,60,1,5,0c262891e616e18f18531bfc1e1c6da1,14.71031,11.926182,5.409035,2.784128206787109,Patch transformer,SNV + patches(16)
P,60,1,5,4398ab81f3375b3c43861282040717d5,2.80889,2.6238678,5.409035,0.1850222498321532,Patch transformer,SNV + patches(16)
P,60,1,5,54b1112b81624617cbf716aa39370252,0.0,3.9089072,5.409035,-3.908907175064087,Patch transformer,SNV + patches(16)
P,60,1,5,e9a496477ff32b111ac8ef1f6448dec9,0.92289,3.104093,5.409035,-2.181203074798584,Patch transformer,SNV + patches(16)
P,60,1,5,04fcaa7329b712aecb2ac794c961ad79,2.8997,2.9921818,5.409035,-0.0924817779541014,Patch transformer,SNV + patches(16)
P,60,1,5,f02d4e1a64456f33400e40f783eb26d5,0.98723,9.318335,5.409035,-8.331104579467773,Patch transformer,SNV + patches(16)
P,60,1,5,7696cf4581ce7e708547572ae05362fe,10.5,2.9656606,5.409035,7.534339427947998,Patch transformer,SNV + patches(16)
P,60,1,5,c114fd7deae42087498cb7edadae9168,4.60117,1.6230384,5.409035,2.978131588859558,Patch transformer,SNV + patches(16)
K,60,1,5,6f3380bee1fb7f08cf65b548f4dd0d7e,0.07117,0.38333154,0.4096893979231675,-0.3121615372467041,Patch transformer,SNV + patches(16)
K,60,1,5,4901fbbecccbc8523b1ffc26d1b5d9a4,0.0,1.106379,0.4096893979231675,-1.1063790321350098,Patch transformer,SNV + patches(16)
K,60,1,5,fc17b30b86ceb1f8655c9db11d7ce821,15.13991,1.9948143,0.4096893979231675,13.145095723304749,Patch transformer,SNV + patches(16)
K,60,1,5,9e4373497959b939f4f7b4124dec6a45,0.57669,0.4428112,0.4096893979231675,0.1338788089179993,Patch transformer,SNV + patches(16)
K,60,1,5,0c262891e616e18f18531bfc1e1c6da1,0.0,1.9071155,0.4096893979231675,-1.9071154594421387,Patch transformer,SNV + patches(16)
K,60,1,5,4398ab81f3375b3c43861282040717d5,0.02356,0.62755275,0.4096893979231675,-0.6039927477264404,Patch transformer,SNV + patches(16)
K,60,1,5,54b1112b81624617cbf716aa39370252,0.503862090132488,0.9187972,0.4096893979231675,-0.4149351048252452,Patch transformer,SNV + patches(16)
K,60,1,5,e9a496477ff32b111ac8ef1f6448dec9,0.4578,0.75795335,0.4096893979231675,-0.30015334577560426,Patch transformer,SNV + patches(16)
K,60,1,5,04fcaa7329b712aecb2ac794c961ad79,0.5053,0.7236389,0.4096893979231675,-0.21833889217376712,Patch transformer,SNV + patches(16)
K,60,1,5,f02d4e1a64456f33400e40f783eb26d5,0.26567,1.6579082,0.4096893979231675,-1.3922382012176513,Patch transformer,SNV + patches(16)
K,60,1,5,7696cf4581ce7e708547572ae05362fe,1.00516650468055,0.6890821,0.4096893979231675,0.31608441859427683,Patch transformer,SNV + patches(16)
K,60,1,5,c114fd7deae42087498cb7edadae9168,0.15672,0.3743399,0.4096893979231675,-0.21761990836143494,Patch transformer,SNV + patches(16)
N,120,1,1,6f3380bee1fb7f08cf65b548f4dd0d7e,0.01104,0.120799996,0.12,-0.10975999595880509,Patch transformer,SNV + patches(16)
N,120,1,1,2a70fd5d10ad11d40aa7dc7c2bd08c6b,0.15,0.14425145,0.12,0.005748549103736872,Patch transformer,SNV + patches(16)
N,120,1,1,b8d55a953c01cd342b1be147769776b5,0.0,0.11357019,0.12,-0.1135701909661293,Patch transformer,SNV + patches(16)
N,120,1,1,e12ed1de4ae395e58114affd9feb299d,0.33,0.114554025,0.12,0.21544597476720811,Patch transformer,SNV + patches(16)
N,120,1,1,523b42168d37da22d1ed0c7c944dd149,0.24852,0.060866892,0.12,0.18765310766220092,Patch transformer,SNV + patches(16)
N,120,1,1,98f2650032d8e2784cfef807bd8eb1db,0.07,0.037470706,0.12,0.03252929419279099,Patch transformer,SNV + patches(16)
N,120,1,1,5db409bd7e44e43453b43ed15d6c220b,0.0,0.13559294,0.12,-0.13559293746948242,Patch transformer,SNV + patches(16)
N,120,1,1,bb2b9ee9ac79c823e1dc36e624f6baa3,0.02,0.2593774,0.12,-0.2393773901462555,Patch transformer,SNV + patches(16)
N,120,1,1,b1b2c0a1acf771644dc87780ec149627,0.50081,0.14742851,0.12,0.3533814874267578,Patch transformer,SNV + patches(16)
N,120,1,1,162b3559316de7b2dc7ac29c3e59a718,0.04864,0.03511991,0.12,0.013520090206861499,Patch transformer,SNV + patches(16)
N,120,1,1,4859dec60a5e518c6ae010e360aaa43f,0.03016,0.19584776,0.12,-0.1656877646112442,Patch transformer,SNV + patches(16)
N,120,1,1,ffbc4e924a3077f384897fd6871fc289,2.57356,1.2272851,0.12,1.3462748532867432,Patch transformer,SNV + patches(16)
N,120,1,1,04fcaa7329b712aecb2ac794c961ad79,0.0132,0.0424819,0.12,-0.02928189926147461,Patch transformer,SNV + patches(16)
N,120,1,1,4289af3d036f7da61dcf2aceb651ad36,1.32755,2.3087962,0.12,-0.9812461673736572,Patch transformer,SNV + patches(16)
N,120,1,1,412f2f1d138f9c0f1ba8e2da980c5ea9,1.43221,0.22882509,0.12,1.2033849076843262,Patch transformer,SNV + patches(16)
N,120,1,1,734e3062f32e019691b61a48756e3313,0.25558,0.07172166,0.12,0.18385834188938138,Patch transformer,SNV + patches(16)
N,120,1,1,12eabe86c6939f157f4d47945debbe71,0.0,0.0977808,0.12,-0.09778080135583878,Patch transformer,SNV + patches(16)
N,120,1,1,412cbf2c090f0135a2dd7d26a16ac46b,0.25,0.16342658,0.12,0.08657342195510864,Patch transformer,SNV + patches(16)
N,120,1,1,2f4777b391f272e05496ed9099bcec35,0.526107186118841,0.22042476,0.12,0.30568242971110327,Patch transformer,SNV + patches(16)
N,120,1,1,06a2bbf134abb8e37007c1f682da8209,0.02394,0.04948714,0.12,-0.02554714002966881,Patch transformer,SNV + patches(16)
N,120,1,1,275a3116c289cc0f7710af34cfd8e8d1,0.0,0.17925805,0.12,-0.1792580485343933,Patch transformer,SNV + patches(16)
N,120,1,1,8731720b1072c100b4ab9728cf84bfab,0.01911,0.09597067,0.12,-0.07686066789865494,Patch transformer,SNV + patches(16)
N,120,1,1,edfa59d93d208f307042a23d2cd9708a,0.19,0.055210553,0.12,0.13478944689035416,Patch transformer,SNV + patches(16)
N,120,1,1,6a01a50ec5c840206413f752d8222fa0,0.01502,0.08615219,0.12,-0.07113218847990035,Patch transformer,SNV + patches(16)
P,120,1,1,6f3380bee1fb7f08cf65b548f4dd0d7e,1.54624,4.7814164,6.642345000000001,-3.235176416168213,Patch transformer,SNV + patches(16)
P,120,1,1,2a70fd5d10ad11d40aa7dc7c2bd08c6b,47.8,4.9050264,6.642345000000001,42.894973564147946,Patch transformer,SNV + patches(16)
P,120,1,1,b8d55a953c01cd342b1be147769776b5,0.5166,4.0723033,6.642345000000001,-3.555703295135498,Patch transformer,SNV + patches(16)
P,120,1,1,e12ed1de4ae395e58114affd9feb299d,15.9,6.3945723,6.642345000000001,9.505427742004395,Patch transformer,SNV + patches(16)
P,120,1,1,523b42168d37da22d1ed0c7c944dd149,24.46915,3.8006759,6.642345000000001,20.668474131011962,Patch transformer,SNV + patches(16)
P,120,1,1,98f2650032d8e2784cfef807bd8eb1db,0.0,3.655373,6.642345000000001,-3.6553730964660645,Patch transformer,SNV + patches(16)
P,120,1,1,5db409bd7e44e43453b43ed15d6c220b,14.69233,5.9971294,6.642345000000001,8.695200559692383,Patch transformer,SNV + patches(16)
P,120,1,1,bb2b9ee9ac79c823e1dc36e624f6baa3,0.0,7.2751846,6.642345000000001,-7.275184631347656,Patch transformer,SNV + patches(16)
P,120,1,1,b1b2c0a1acf771644dc87780ec149627,5.61784,6.04882,6.642345000000001,-0.4309800187683104,Patch transformer,SNV + patches(16)
P,120,1,1,162b3559316de7b2dc7ac29c3e59a718,3.3208,3.7027678,6.642345000000001,-0.38196784896850566,Patch transformer,SNV + patches(16)
P,120,1,1,4859dec60a5e518c6ae010e360aaa43f,2.1068,6.993838,6.642345000000001,-4.887037833404541,Patch transformer,SNV + patches(16)
P,120,1,1,ffbc4e924a3077f384897fd6871fc289,49.3044,19.370926,6.642345000000001,29.93347409667969,Patch transformer,SNV + patches(16)
P,120,1,1,04fcaa7329b712aecb2ac794c961ad79,2.8997,3.3631275,6.642345000000001,-0.4634274700164793,Patch transformer,SNV + patches(16)
P,120,1,1,4289af3d036f7da61dcf2aceb651ad36,5.20023,12.293307,6.642345000000001,-7.093077304382324,Patch transformer,SNV + patches(16)
P,120,1,1,412f2f1d138f9c0f1ba8e2da980c5ea9,8.70727,9.701758,6.642345000000001,-0.9944883847045904,Patch transformer,SNV + patches(16)
P,120,1,1,734e3062f32e019691b61a48756e3313,52.69437,4.6010766,6.642345000000001,48.09329339706421,Patch transformer,SNV + patches(16)
P,120,1,1,12eabe86c6939f157f4d47945debbe71,0.97687,4.7444286,6.642345000000001,-3.767558634643555,Patch transformer,SNV + patches(16)
P,120,1,1,412cbf2c090f0135a2dd7d26a16ac46b,0.0,5.567526,6.642345000000001,-5.567525863647461,Patch transformer,SNV + patches(16)
P,120,1,1,2f4777b391f272e05496ed9099bcec35,20.5083844671796,6.1944137,6.642345000000001,14.313970805222812,Patch transformer,SNV + patches(16)
P,120,1,1,06a2bbf134abb8e37007c1f682da8209,1.45079,4.0300856,6.642345000000001,-2.579295563659668,Patch transformer,SNV + patches(16)
P,120,1,1,275a3116c289cc0f7710af34cfd8e8d1,0.33786,6.484417,6.642345000000001,-6.146556961669922,Patch transformer,SNV + patches(16)
P,120,1,1,8731720b1072c100b4ab9728cf84bfab,1.52704,3.9386125,6.642345000000001,-2.411572461090088,Patch transformer,SNV + patches(16)
P,120,1,1,edfa59d93d208f307042a23d2cd9708a,10.7,3.6333642,6.642345000000001,7.066635799407958,Patch transformer,SNV + patches(16)
P,120,1,1,6a01a50ec5c840206413f752d8222fa0,0.59482,3.8797905,6.642345000000001,-3.284970544509888,Patch transformer,SNV + patches(16)
K,120,1,1,6f3380bee1fb7f08cf65b548f4dd0d7e,0.07117,-0.024089424,0.540276045066244,0.09525942393958568,Patch transformer,SNV + patches(16)
K,120,1,1,2a70fd5d10ad11d40aa7dc7c2bd08c6b,0.234283083533685,0.59734505,0.540276045066244,-0.3630619706159427,Patch transformer,SNV + patches(16)
K,120,1,1,b8d55a953c01cd342b1be147769776b5,0.18911,-0.06334096,0.540276045066244,0.252450961933136,Patch transformer,SNV + patches(16)
K,120,1,1,e12ed1de4ae395e58114affd9feb299d,0.337101642027725,0.37245286,0.540276045066244,-0.03535121308244343,Patch transformer,SNV + patches(16)
K,120,1,1,523b42168d37da22d1ed0c7c944dd149,2.85259,0.21278732,0.540276045066244,2.639802684750557,Patch transformer,SNV + patches(16)
K,120,1,1,98f2650032d8e2784cfef807bd8eb1db,0.419458795846335,0.24272674,0.540276045066244,0.17673205262505204,Patch transformer,SNV + patches(16)
K,120,1,1,5db409bd7e44e43453b43ed15d6c220b,0.1184,0.045904063,0.540276045066244,0.07249593731164933,Patch transformer,SNV + patches(16)
K,120,1,1,bb2b9ee9ac79c823e1dc36e624f6baa3,0.159087421351476,0.113704674,0.540276045066244,0.045382747405572216,Patch transformer,SNV + patches(16)
K,120,1,1,b1b2c0a1acf771644dc87780ec149627,0.2594,0.20105012,0.540276045066244,0.05834988238811495,Patch transformer,SNV + patches(16)
K,120,1,1,162b3559316de7b2dc7ac29c3e59a718,0.21139,0.35923132,0.540276045066244,-0.14784132300376893,Patch transformer,SNV + patches(16)
K,120,1,1,4859dec60a5e518c6ae010e360aaa43f,0.0,0.009942519,0.540276045066244,-0.009942518547177315,Patch transformer,SNV + patches(16)
K,120,1,1,ffbc4e924a3077f384897fd6871fc289,2.10904,2.5105019,0.540276045066244,-0.4014618615722658,Patch transformer,SNV + patches(16)
K,120,1,1,04fcaa7329b712aecb2ac794c961ad79,0.5053,0.8566628,0.540276045066244,-0.35136280984878543,Patch transformer,SNV + patches(16)
K,120,1,1,4289af3d036f7da61dcf2aceb651ad36,0.24695,3.818167,0.540276045066244,-3.571216971206665,Patch transformer,SNV + patches(16)
K,120,1,1,412f2f1d138f9c0f1ba8e2da980c5ea9,0.18582,1.2594361,0.540276045066244,-1.0736161305236815,Patch transformer,SNV + patches(16)
K,120,1,1,734e3062f32e019691b61a48756e3313,2.49707,0.20612726,0.540276045066244,2.290942743844986,Patch transformer,SNV + patches(16)
K,120,1,1,12eabe86c6939f157f4d47945debbe71,0.26553,0.9731596,0.540276045066244,-0.7076296112251281,Patch transformer,SNV + patches(16)
K,120,1,1,412cbf2c090f0135a2dd7d26a16ac46b,1.23740344774669,0.118159294,0.540276045066244,1.119244153618272,Patch transformer,SNV + patches(16)
K,120,1,1,2f4777b391f272e05496ed9099bcec35,0.316158946234623,0.15337943,0.540276045066244,0.162779520828167,Patch transformer,SNV + patches(16)
K,120,1,1,06a2bbf134abb8e37007c1f682da8209,0.56508,0.10946029,0.540276045066244,0.45561971320390704,Patch transformer,SNV + patches(16)
K,120,1,1,275a3116c289cc0f7710af34cfd8e8d1,0.0,0.07619115,0.540276045066244,-0.07619114965200424,Patch transformer,SNV + patches(16)
K,120,1,1,8731720b1072c100b4ab9728cf84bfab,0.12813,-0.055057,0.540276045066244,0.18318700036883354,Patch transformer,SNV + patches(16)
K,120,1,1,edfa59d93d208f307042a23d2cd9708a,4.7501150954013,0.7377158,0.540276045066244,4.012399314666284,Patch transformer,SNV + patches(16)
K,120,1,1,6a01a50ec5c840206413f752d8222fa0,0.0,-0.009313571,0.540276045066244,0.009313571266829967,Patch transformer,SNV + patches(16)
N,120,1,2,4901fbbecccbc8523b1ffc26d1b5d9a4,3.44367,0.14428718,0.10825499999999999,3.299382816119194,Patch transformer,SNV + patches(16)
N,120,1,2,9e4373497959b939f4f7b4124dec6a45,0.15156,0.07169465,0.10825499999999999,0.07986535024404526,Patch transformer,SNV + patches(16)
N,120,1,2,0c262891e616e18f18531bfc1e1c6da1,1.42082,0.21217841,0.10825499999999999,1.2086415909004211,Patch transformer,SNV + patches(16)
N,120,1,2,9e69bb72cbea5a83216fdf89f7bc688b,0.07727,0.10024131,0.10825499999999999,-0.022971310894489283,Patch transformer,SNV + patches(16)
N,120,1,2,d2c3ecadc93aab25e7fa34de2435f03b,0.47639,0.1727908,0.10825499999999999,0.3035992044353485,Patch transformer,SNV + patches(16)
N,120,1,2,76f2ff22173a5bfeecb15c686f829c68,0.35,0.13982648,0.10825499999999999,0.21017352342605589,Patch transformer,SNV + patches(16)
N,120,1,2,9f4339b931b43a42fdc3ae24748e93c4,0.80472,0.10150726,0.10825499999999999,0.7032127386045456,Patch transformer,SNV + patches(16)
N,120,1,2,64df4001f982c283885865a09fd6eff3,0.01982,0.198471,0.10825499999999999,-0.17865099483013153,Patch transformer,SNV + patches(16)
N,120,1,2,8faafffca19a188f3f01a1a80045ee3e,0.03417,0.18251649,0.10825499999999999,-0.14834648545265197,Patch transformer,SNV + patches(16)
N,120,1,2,3ca44ead31d5008f64e0eaa2fb229b3b,0.58748,0.19740066,0.10825499999999999,0.39007934067726135,Patch transformer,SNV + patches(16)
N,120,1,2,bb4c7754e2857cd8e7b6fea4c3f2e3b4,0.17,0.17248575,0.10825499999999999,-0.0024857538938522217,Patch transformer,SNV + patches(16)
N,120,1,2,4398ab81f3375b3c43861282040717d5,0.03458,0.14554647,0.10825499999999999,-0.11096646611213684,Patch transformer,SNV + patches(16)
N,120,1,2,65751894b2651a4ea9150d001b6b269a,1.23418,0.12364388,0.10825499999999999,1.1105361174273491,Patch transformer,SNV + patches(16)
N,120,1,2,d246ecb2db1de88b809710d98456b02c,0.97178,0.17181142,0.10825499999999999,0.7999685832548141,Patch transformer,SNV + patches(16)
N,120,1,2,f02d4e1a64456f33400e40f783eb26d5,0.85314,0.17510189,0.10825499999999999,0.6780381088399887,Patch transformer,SNV + patches(16)
N,120,1,2,bc9350958e979068ecea1ca1db7a83d1,1.16226,0.18432985,0.10825499999999999,0.9779301475381852,Patch transformer,SNV + patches(16)
N,120,1,2,7696cf4581ce7e708547572ae05362fe,0.61,0.107840076,0.10825499999999999,0.5021599239110947,Patch transformer,SNV + patches(16)
N,120,1,2,b126dd4e0d98b6b6fb3513d7fd0b0e54,0.05034,0.08132135,0.10825499999999999,-0.030981351230144498,Patch transformer,SNV + patches(16)
N,120,1,2,e784b262bfa3de6b8cd330d659ebf5df,2.43981,0.21894267,0.10825499999999999,2.2208673279857636,Patch transformer,SNV + patches(16)
N,120,1,2,277863bfb0bccfdf32cbf71d40f4adda,0.3046,0.07866928,0.10825499999999999,0.2259307201862335,Patch transformer,SNV + patches(16)
N,120,1,2,7feb20905e9f4efc12ce8a1557489993,1.24672,0.17016014,0.10825499999999999,1.0765598554325104,Patch transformer,SNV + patches(16)
N,120,1,2,0a93017d626f4095956e86db556c0ced,0.12,0.098804906,0.10825499999999999,0.02119509398937225,Patch transformer,SNV + patches(16)
N,120,1,2,2763015fcb5add9733f51b583da845a7,0.2698,0.15774246,0.10825499999999999,0.11205754439830778,Patch transformer,SNV + patches(16)
N,120,1,2,16086e9e9b15d8bc7c4389c147cca76a,0.01541,0.14735857,0.10825499999999999,-0.13194856652259826,Patch transformer,SNV + patches(16)
P,120,1,2,4901fbbecccbc8523b1ffc26d1b5d9a4,1.32669,3.3819988,4.351905,-2.055308777389526,Patch transformer,SNV + patches(16)
P,120,1,2,9e4373497959b939f4f7b4124dec6a45,24.06916,2.5765173,4.351905,21.492642656478882,Patch transformer,SNV + patches(16)
P,120,1,2,0c262891e616e18f18531bfc1e1c6da1,14.71031,4.1671453,4.351905,10.543164747772217,Patch transformer,SNV + patches(16)
P,120,1,2,9e69bb72cbea5a83216fdf89f7bc688b,0.82201,2.8915882,4.351905,-2.06957821105957,Patch transformer,SNV + patches(16)
P,120,1,2,d2c3ecadc93aab25e7fa34de2435f03b,61.68966,3.6973352,4.351905,57.992324756774906,Patch transformer,SNV + patches(16)
P,120,1,2,76f2ff22173a5bfeecb15c686f829c68,67.6,3.4376473,4.351905,64.16235265731811,Patch transformer,SNV + patches(16)
P,120,1,2,9f4339b931b43a42fdc3ae24748e93c4,23.34116,2.9162188,4.351905,20.424941242370604,Patch transformer,SNV + patches(16)
P,120,1,2,64df4001f982c283885865a09fd6eff3,0.40878,3.9717484,4.351905,-3.562968352050781,Patch transformer,SNV + patches(16)
P,120,1,2,8faafffca19a188f3f01a1a80045ee3e,0.97178,3.8484886,4.351905,-2.8767085692596437,Patch transformer,SNV + patches(16)
P,120,1,2,3ca44ead31d5008f64e0eaa2fb229b3b,13.58879,4.0645285,4.351905,9.524261534729003,Patch transformer,SNV + patches(16)
P,120,1,2,bb4c7754e2857cd8e7b6fea4c3f2e3b4,0.0,3.6664405,4.351905,-3.666440486907959,Patch transformer,SNV + patches(16)
P,120,1,2,4398ab81f3375b3c43861282040717d5,2.80889,3.515436,4.351905,-0.7065459340667726,Patch transformer,SNV + patches(16)
P,120,1,2,65751894b2651a4ea9150d001b6b269a,7.39982,3.2800949,4.351905,4.119725138015747,Patch transformer,SNV + patches(16)
P,120,1,2,d246ecb2db1de88b809710d98456b02c,10.01707,3.719595,4.351905,6.297475044555664,Patch transformer,SNV + patches(16)
P,120,1,2,f02d4e1a64456f33400e40f783eb26d5,0.98723,3.7894537,4.351905,-2.8022237448883054,Patch transformer,SNV + patches(16)
P,120,1,2,bc9350958e979068ecea1ca1db7a83d1,2.842,3.8354433,4.351905,-0.9934432582855224,Patch transformer,SNV + patches(16)
P,120,1,2,7696cf4581ce7e708547572ae05362fe,10.5,3.0154836,4.351905,7.484516382217407,Patch transformer,SNV + patches(16)
P,120,1,2,b126dd4e0d98b6b6fb3513d7fd0b0e54,28.69688,2.731648,4.351905,25.965232031707764,Patch transformer,SNV + patches(16)
P,120,1,2,e784b262bfa3de6b8cd330d659ebf5df,3.98972,4.232208,4.351905,-0.24248777511596664,Patch transformer,SNV + patches(16)
P,120,1,2,277863bfb0bccfdf32cbf71d40f4adda,10.04155,2.6877158,4.351905,7.353834231185914,Patch transformer,SNV + patches(16)
P,120,1,2,7feb20905e9f4efc12ce8a1557489993,4.10143,3.7289984,4.351905,0.372431577377319,Patch transformer,SNV + patches(16)
P,120,1,2,0a93017d626f4095956e86db556c0ced,65.9,2.9541688,4.351905,62.9458312034607,Patch transformer,SNV + patches(16)
P,120,1,2,2763015fcb5add9733f51b583da845a7,17.03142,3.6003985,4.351905,13.431021459503174,Patch transformer,SNV + patches(16)
P,120,1,2,16086e9e9b15d8bc7c4389c147cca76a,7.10108,3.4572303,4.351905,3.64384967048645,Patch transformer,SNV + patches(16)
K,120,1,2,4901fbbecccbc8523b1ffc26d1b5d9a4,0.0,0.6634422,0.4205093979231675,-0.6634421944618225,Patch transformer,SNV + patches(16)
K,120,1,2,9e4373497959b939f4f7b4124dec6a45,0.57669,0.34712327,0.4205093979231675,0.22956673473358158,Patch transformer,SNV + patches(16)
K,120,1,2,0c262891e616e18f18531bfc1e1c6da1,0.0,1.0072336,0.4205093979231675,-1.0072336196899414,Patch transformer,SNV + patches(16)
K,120,1,2,9e69bb72cbea5a83216fdf89f7bc688b,0.0,0.47154838,0.4205093979231675,-0.4715483784675598,Patch transformer,SNV + patches(16)
K,120,1,2,d2c3ecadc93aab25e7fa34de2435f03b,5.92081,0.81665933,0.4205093979231675,5.104150668678284,Patch transformer,SNV + patches(16)
K,120,1,2,76f2ff22173a5bfeecb15c686f829c68,0.388255153716303,0.628855,0.4205093979231675,-0.24059983628919018,Patch transformer,SNV + patches(16)
K,120,1,2,9f4339b931b43a42fdc3ae24748e93c4,2.16142,0.46278286,0.4205093979231675,1.698637140197754,Patch transformer,SNV + patches(16)
K,120,1,2,64df4001f982c283885865a09fd6eff3,0.49202,0.9201239,0.4205093979231675,-0.4281038751411438,Patch transformer,SNV + patches(16)
K,120,1,2,8faafffca19a188f3f01a1a80045ee3e,0.63937,0.86142343,0.4205093979231675,-0.22205343282699586,Patch transformer,SNV + patches(16)
K,120,1,2,3ca44ead31d5008f64e0eaa2fb229b3b,0.93749,0.91659254,0.4205093979231675,0.02089746164321904,Patch transformer,SNV + patches(16)
K,120,1,2,bb4c7754e2857cd8e7b6fea4c3f2e3b4,1.33612972530564,0.8125018,0.4205093979231675,0.5236279371662966,Patch transformer,SNV + patches(16)
K,120,1,2,4398ab81f3375b3c43861282040717d5,0.02356,0.6441227,0.4205093979231675,-0.6205627197647094,Patch transformer,SNV + patches(16)
K,120,1,2,65751894b2651a4ea9150d001b6b269a,0.46026,0.55355304,0.4205093979231675,-0.09329304479598999,Patch transformer,SNV + patches(16)
K,120,1,2,d246ecb2db1de88b809710d98456b02c,4.54015,0.80550295,0.4205093979231675,3.7346470488548276,Patch transformer,SNV + patches(16)
K,120,1,2,f02d4e1a64456f33400e40f783eb26d5,0.26567,0.807612,0.4205093979231675,-0.5419420018959045,Patch transformer,SNV + patches(16)
K,120,1,2,bc9350958e979068ecea1ca1db7a83d1,1.64686,0.86622816,0.4205093979231675,0.7806318367576599,Patch transformer,SNV + patches(16)
K,120,1,2,7696cf4581ce7e708547572ae05362fe,1.00516650468055,0.48394588,0.4205093979231675,0.5212206283206104,Patch transformer,SNV + patches(16)
K,120,1,2,b126dd4e0d98b6b6fb3513d7fd0b0e54,0.0686,0.37021,0.4205093979231675,-0.3016099919319153,Patch transformer,SNV + patches(16)
K,120,1,2,e784b262bfa3de6b8cd330d659ebf5df,5.32119,1.052107,0.4205093979231675,4.269083023490905,Patch transformer,SNV + patches(16)
K,120,1,2,277863bfb0bccfdf32cbf71d40f4adda,0.21115,0.37112352,0.4205093979231675,-0.1599735225200653,Patch transformer,SNV + patches(16)
K,120,1,2,7feb20905e9f4efc12ce8a1557489993,1.59386,0.78395444,0.4205093979231675,0.8099055584526063,Patch transformer,SNV + patches(16)
K,120,1,2,0a93017d626f4095956e86db556c0ced,0.19489487953348,0.4292521,0.4205093979231675,-0.23435720853643577,Patch transformer,SNV + patches(16)
K,120,1,2,2763015fcb5add9733f51b583da845a7,1.82402,0.71794796,0.4205093979231675,1.1060720401000976,Patch transformer,SNV + patches(16)
K,120,1,2,16086e9e9b15d8bc7c4389c147cca76a,0.30965,0.67271227,0.4205093979231675,-0.36306226644515993,Patch transformer,SNV + patches(16)
N,120,1,3,836e490b36d38c7ede978670a87f373c,0.11,-0.009468151,0.136935,0.11946815125644207,Patch transformer,SNV + patches(16)
N,120,1,3,9bf40fbc33c25dcf39d7b57bd6fc29b0,0.01018,0.048901577,0.136935,-0.03872157654881477,Patch transformer,SNV + patches(16)
N,120,1,3,7fef387ff08f0b2326a8afa69c3985fc,0.04545,0.049087573,0.136935,-0.0036375728428363827,Patch transformer,SNV + patches(16)
N,120,1,3,f9891181b6ea77c29ec998e834de145b,0.0264,0.1334464,0.136935,-0.10704639539718627,Patch transformer,SNV + patches(16)
N,120,1,3,8beacf87fc55813738d600c1ea2a9c7d,0.12,0.16622633,0.136935,-0.04622632741928101,Patch transformer,SNV + patches(16)
N,120,1,3,81228fd19ca25eb008810fdd04a25070,0.04,0.20984651,0.136935,-0.16984651148319244,Patch transformer,SNV + patches(16)
N,120,1,3,5e679b2fd98577dbf032a322e04b7cc1,0.04545,-0.0929671,0.136935,0.13841710044145583,Patch transformer,SNV + patches(16)
N,120,1,3,171f1950c34fade461d8f31ec7b541aa,0.09,0.14711073,0.136935,-0.057110730409622196,Patch transformer,SNV + patches(16)
N,120,1,3,93d8af16cc306e2d3077e97a5d39e234,2.72532,2.1191008,0.136935,0.6062191909027099,Patch transformer,SNV + patches(16)
N,120,1,3,d0d71d3eccc407738b0ae371f32a31a0,0.30446,0.12849773,0.136935,0.17596226533412934,Patch transformer,SNV + patches(16)
N,120,1,3,528c525f69e9c41adb90f71d886f5cbd,0.07094,0.1307751,0.136935,-0.059835094032287595,Patch transformer,SNV + patches(16)
N,120,1,3,c114fd7deae42087498cb7edadae9168,0.10388,-0.072678,0.136935,0.17655799973487854,Patch transformer,SNV + patches(16)
N,120,1,3,4b5527f2f6619045c4fcbd25d4e42ad4,0.19,0.40708035,0.136935,-0.21708035230636596,Patch transformer,SNV + patches(16)
N,120,1,3,7a0bcf7b6758d64ae465ec2de6bb2557,0.0240063300376648,0.09344838,0.136935,-0.06944204810802992,Patch transformer,SNV + patches(16)
N,120,1,3,6f24783cbf17d29281c411994b2b8667,0.02018,0.21224365,0.136935,-0.19206364638328552,Patch transformer,SNV + patches(16)
N,120,1,3,240c629cc1d23ba8c3f97fee48b615a2,0.23835,0.12805998,0.136935,0.110290016746521,Patch transformer,SNV + patches(16)
N,120,1,3,bc720b9a91a11919f13be41af81568b3,0.01011,0.051982407,0.136935,-0.04187240652680397,Patch transformer,SNV + patches(16)
N,120,1,3,ad19edaab55210bf64a259c2181e3ede,0.14204,-0.05060636,0.136935,0.1926463587963581,Patch transformer,SNV + patches(16)
N,120,1,3,2fc52618db0f54af64e6f7c3fcbd5f80,0.17051,0.106996365,0.136935,0.06351363510847091,Patch transformer,SNV + patches(16)
N,120,1,3,f1e6f9a39db8847f9d921dd6d79d1e1b,2.67729,1.9068856,0.136935,0.7704043760681154,Patch transformer,SNV + patches(16)
N,120,1,3,9bd8d4d5efc849ccca622c214e38d240,0.80567,1.658626,0.136935,-0.8529559603500366,Patch transformer,SNV + patches(16)
N,120,1,3,af2035e02288855f1c88caed05e971f3,0.05097,0.08783483,0.136935,-0.036864827601909636,Patch transformer,SNV + patches(16)
N,120,1,3,dea143ad50e70eee95b6c98591c145f7,0.07818,0.018686242,0.136935,0.059493757598400115,Patch transformer,SNV + patches(16)
N,120,1,3,db31232f97981b49ca2c8c2957caf340,0.31662,0.11271039,0.136935,0.20390961348533632,Patch transformer,SNV + patches(16)
P,120,1,3,836e490b36d38c7ede978670a87f373c,0.0,3.2833996,5.409035,-3.2833995819091797,Patch transformer,SNV + patches(16)
P,120,1,3,9bf40fbc33c25dcf39d7b57bd6fc29b0,0.0,4.744252,5.409035,-4.7442522048950195,Patch transformer,SNV + patches(16)
P,120,1,3,7fef387ff08f0b2326a8afa69c3985fc,3.32276,4.824031,5.409035,-1.5012708761596678,Patch transformer,SNV + patches(16)
P,120,1,3,f9891181b6ea77c29ec998e834de145b,4.27259,5.7367897,5.409035,-1.4641997033691405,Patch transformer,SNV + patches(16)
P,120,1,3,8beacf87fc55813738d600c1ea2a9c7d,10.1,5.9921775,5.409035,4.107822513580322,Patch transformer,SNV + patches(16)
P,120,1,3,81228fd19ca25eb008810fdd04a25070,16.5,5.834427,5.409035,10.665573120117188,Patch transformer,SNV + patches(16)
P,120,1,3,5e679b2fd98577dbf032a322e04b7cc1,0.45407,2.0416868,5.409035,-1.587616773300171,Patch transformer,SNV + patches(16)
P,120,1,3,171f1950c34fade461d8f31ec7b541aa,0.0,5.639935,5.409035,-5.63993501663208,Patch transformer,SNV + patches(16)
P,120,1,3,93d8af16cc306e2d3077e97a5d39e234,6.95761,23.339401,5.409035,-16.38179124511719,Patch transformer,SNV + patches(16)
P,120,1,3,d0d71d3eccc407738b0ae371f32a31a0,11.57805,5.3731565,5.409035,6.204893452453613,Patch transformer,SNV + patches(16)
P,120,1,3,528c525f69e9c41adb90f71d886f5cbd,6.53359,5.014581,5.409035,1.5190087965393069,Patch transformer,SNV + patches(16)
P,120,1,3,c114fd7deae42087498cb7edadae9168,4.60117,2.1106772,5.409035,2.490492757720947,Patch transformer,SNV + patches(16)
P,120,1,3,4b5527f2f6619045c4fcbd25d4e42ad4,0.0,8.010222,5.409035,-8.010222434997559,Patch transformer,SNV + patches(16)
P,120,1,3,7a0bcf7b6758d64ae465ec2de6bb2557,0.0748644130571245,4.0491447,5.409035,-3.9742803318159226,Patch transformer,SNV + patches(16)
P,120,1,3,6f24783cbf17d29281c411994b2b8667,10.8351,5.947496,5.409035,4.8876040626525885,Patch transformer,SNV + patches(16)
P,120,1,3,240c629cc1d23ba8c3f97fee48b615a2,64.31502,4.6613836,5.409035,59.65363637115479,Patch transformer,SNV + patches(16)
P,120,1,3,bc720b9a91a11919f13be41af81568b3,0.96564,4.4153724,5.409035,-3.449732371673584,Patch transformer,SNV + patches(16)
P,120,1,3,ad19edaab55210bf64a259c2181e3ede,23.63223,2.3204353,5.409035,21.311794714431763,Patch transformer,SNV + patches(16)
P,120,1,3,2fc52618db0f54af64e6f7c3fcbd5f80,59.79796,5.606394,5.409035,54.19156618591309,Patch transformer,SNV + patches(16)
P,120,1,3,f1e6f9a39db8847f9d921dd6d79d1e1b,39.92523,21.433687,5.409035,18.49154278991699,Patch transformer,SNV + patches(16)
P,120,1,3,9bd8d4d5efc849ccca622c214e38d240,36.81465,19.435852,5.409035,17.37879794921875,Patch transformer,SNV + patches(16)
P,120,1,3,af2035e02288855f1c88caed05e971f3,4.37028,5.2544527,5.409035,-0.8841727053833006,Patch transformer,SNV + patches(16)
P,120,1,3,dea143ad50e70eee95b6c98591c145f7,0.88329,3.8431125,5.409035,-2.9598224687194823,Patch transformer,SNV + patches(16)
P,120,1,3,db31232f97981b49ca2c8c2957caf340,2.69396,5.0984936,5.409035,-2.4045335760498046,Patch transformer,SNV + patches(16)
K,120,1,3,836e490b36d38c7ede978670a87f373c,2.96076525653486,0.4239184,0.4205093979231675,2.5368468603003476,Patch transformer,SNV + patches(16)
K,120,1,3,9bf40fbc33c25dcf39d7b57bd6fc29b0,0.0,0.40701553,0.4205093979231675,-0.40701553225517273,Patch transformer,SNV + patches(16)
K,120,1,3,7fef387ff08f0b2326a8afa69c3985fc,0.07773,0.41315106,0.4205093979231675,-0.33542105557441715,Patch transformer,SNV + patches(16)
K,120,1,3,f9891181b6ea77c29ec998e834de145b,4.28215,0.72335345,0.4205093979231675,3.558796554470062,Patch transformer,SNV + patches(16)
K,120,1,3,8beacf87fc55813738d600c1ea2a9c7d,0.316128702235408,0.63296163,0.4205093979231675,-0.31683292858582,Patch transformer,SNV + patches(16)
K,120,1,3,81228fd19ca25eb008810fdd04a25070,1.17755383907105,0.7320494,0.4205093979231675,0.44550443349625146,Patch transformer,SNV + patches(16)
K,120,1,3,5e679b2fd98577dbf032a322e04b7cc1,0.21227,0.12443541,0.4205093979231675,0.08783459009647368,Patch transformer,SNV + patches(16)
K,120,1,3,171f1950c34fade461d8f31ec7b541aa,0.459870070080311,0.48194405,0.4205093979231675,-0.02207398428484708,Patch transformer,SNV + patches(16)
K,120,1,3,93d8af16cc306e2d3077e97a5d39e234,0.13713,1.7289644,0.4205093979231675,-1.5918344479751587,Patch transformer,SNV + patches(16)
K,120,1,3,d0d71d3eccc407738b0ae371f32a31a0,1.4833,0.3105749,0.4205093979231675,1.1727251108169556,Patch transformer,SNV + patches(16)
K,120,1,3,528c525f69e9c41adb90f71d886f5cbd,0.09732,0.8109795,0.4205093979231675,-0.7136594855117798,Patch transformer,SNV + patches(16)
K,120,1,3,c114fd7deae42087498cb7edadae9168,0.15672,0.027047476,0.4205093979231675,0.12967252420008182,Patch transformer,SNV + patches(16)
K,120,1,3,4b5527f2f6619045c4fcbd25d4e42ad4,1.65993145429434,0.8504848,0.4205093979231675,0.8094466658765238,Patch transformer,SNV + patches(16)
K,120,1,3,7a0bcf7b6758d64ae465ec2de6bb2557,0.0891813238371841,0.26463392,0.4205093979231675,-0.17545259993181309,Patch transformer,SNV + patches(16)
K,120,1,3,6f24783cbf17d29281c411994b2b8667,1.76538,0.46723574,0.4205093979231675,1.2981442560005187,Patch transformer,SNV + patches(16)
K,120,1,3,240c629cc1d23ba8c3f97fee48b615a2,0.67496,0.37533158,0.4205093979231675,0.2996284193611145,Patch transformer,SNV + patches(16)
K,120,1,3,bc720b9a91a11919f13be41af81568b3,0.14689,0.24377494,0.4205093979231675,-0.09688493560314179,Patch transformer,SNV + patches(16)
K,120,1,3,ad19edaab55210bf64a259c2181e3ede,0.47347,0.023739457,0.4205093979231675,0.4497305428695679,Patch transformer,SNV + patches(16)
K,120,1,3,2fc52618db0f54af64e6f7c3fcbd5f80,2.14356,0.52290606,0.4205093979231675,1.6206539350128173,Patch transformer,SNV + patches(16)
K,120,1,3,f1e6f9a39db8847f9d921dd6d79d1e1b,2.38386,1.7346182,0.4205093979231675,0.6492418130493163,Patch transformer,SNV + patches(16)
K,120,1,3,9bd8d4d5efc849ccca622c214e38d240,6.1041,1.6759877,0.4205093979231675,4.428112279510498,Patch transformer,SNV + patches(16)
K,120,1,3,af2035e02288855f1c88caed05e971f3,0.1798,0.67446434,0.4205093979231675,-0.49466434497833256,Patch transformer,SNV + patches(16)
K,120,1,3,dea143ad50e70eee95b6c98591c145f7,0.64382,0.22916026,0.4205093979231675,0.4146597358655929,Patch transformer,SNV + patches(16)
K,120,1,3,db31232f97981b49ca2c8c2957caf340,0.90174,0.64026445,0.4205093979231675,0.2614755484962463,Patch transformer,SNV + patches(16)
N,120,1,4,a9fef1c7afb7ecd702b97eea9877847f,0.12,0.075790584,0.13102,0.04420941591262817,Patch transformer,SNV + patches(16)
N,120,1,4,fc17b30b86ceb1f8655c9db11d7ce821,2.02866,2.282768,0.13102,-0.25410801109313974,Patch transformer,SNV + patches(16)
N,120,1,4,2060c6d3f228f6f93936240a6ba71361,0.52,0.3561888,0.13102,0.1638111960887909,Patch transformer,SNV + patches(16)
N,120,1,4,eb4961960138f6541633f3eab3582e37,0.0,-0.020990983,0.13102,0.02099098265171051,Patch transformer,SNV + patches(16)
N,120,1,4,0eeb39bc2910755db03181cf10c0c2ba,0.0,0.096148185,0.13102,-0.09614818543195724,Patch transformer,SNV + patches(16)
N,120,1,4,01fc386431af7ef46743dcb5fd1b13bd,1.05686,1.0519235,0.13102,0.004936486587524325,Patch transformer,SNV + patches(16)
N,120,1,4,d88174e63b46494814d55c01e91daaa4,0.19,0.1414602,0.13102,0.048539804816246035,Patch transformer,SNV + patches(16)
N,120,1,4,a54c94d278344e81ad0267025f57fa43,0.001,0.048124466,0.13102,-0.047124466091394424,Patch transformer,SNV + patches(16)
N,120,1,4,e9a496477ff32b111ac8ef1f6448dec9,0.05318,0.121389106,0.13102,-0.06820910591602325,Patch transformer,SNV + patches(16)
N,120,1,4,079007847c148f48771780a23bd5ed7a,0.0441,0.33989978,0.13102,-0.29579977836608884,Patch transformer,SNV + patches(16)
N,120,1,4,1565f3b97057f7672246e822e1bc19bf,0.12387,0.11408992,0.13102,0.009780078883171076,Patch transformer,SNV + patches(16)
N,120,1,4,f917123e0bedd68406229288befd3fb1,0.0,0.05567649,0.13102,-0.05567649006843567,Patch transformer,SNV + patches(16)
N,120,1,4,64099e20e95e43ef712465b5b12930f1,0.08699,0.14417456,0.13102,-0.05718456090450287,Patch transformer,SNV + patches(16)
N,120,1,4,00ad9f84382666ab26588a10f3c86dd3,0.15311,0.21926437,0.13102,-0.06615437318325043,Patch transformer,SNV + patches(16)
N,120,1,4,978c2fda07a9b6177057274456692be8,0.03702,0.2787628,0.13102,-0.24174278758049011,Patch transformer,SNV + patches(16)
N,120,1,4,b3eb9b66e11a3563e022be81feb41986,0.0525,0.07141235,0.13102,-0.0189123472571373,Patch transformer,SNV + patches(16)
N,120,1,4,8516cee2d21933ae7a35b62e39db7c95,0.04061,0.056745578,0.13102,-0.016135577603578567,Patch transformer,SNV + patches(16)
N,120,1,4,51c963bad01d047d23f6b6921cf5a237,0.15319,0.26766726,0.13102,-0.1144772637462616,Patch transformer,SNV + patches(16)
N,120,1,4,4892b9b68158e867edfedd9dd8512ad9,0.0971966406154598,0.5160633,0.13102,-0.41886663233757365,Patch transformer,SNV + patches(16)
N,120,1,4,8128d56631a7f6447e40e74dc11ff064,0.25415,0.28127813,0.13102,-0.027128133392333997,Patch transformer,SNV + patches(16)
N,120,1,4,4c2300ed191ef49b9b7f47e7a60a1bc2,0.15,0.24348761,0.13102,-0.09348761141300202,Patch transformer,SNV + patches(16)
N,120,1,4,932c33b500b4799942454d60604ed37f,0.10065,0.05154032,0.13102,0.049109681123495105,Patch transformer,SNV + patches(16)
N,120,1,4,47f2965e95d7c12e0d0ee0382f6fdbc0,0.05115,0.043221805,0.13102,0.007928194755315782,Patch transformer,SNV + patches(16)
N,120,1,4,930b7645ed893cab06e2207d2334a4a1,0.16,0.120569244,0.13102,0.03943075597286225,Patch transformer,SNV + patches(16)
P,120,1,4,a9fef1c7afb7ecd702b97eea9877847f,0.0,2.4692397,6.075715000000001,-2.4692397117614746,Patch transformer,SNV + patches(16)
P,120,1,4,fc17b30b86ceb1f8655c9db11d7ce821,37.2928,12.391287,6.075715000000001,24.901513150024414,Patch transformer,SNV + patches(16)
P,120,1,4,2060c6d3f228f6f93936240a6ba71361,0.0,4.372722,6.075715000000001,-4.372722148895264,Patch transformer,SNV + patches(16)
P,120,1,4,eb4961960138f6541633f3eab3582e37,0.69383,4.3101377,6.075715000000001,-3.6163077487182615,Patch transformer,SNV + patches(16)
P,120,1,4,0eeb39bc2910755db03181cf10c0c2ba,0.23135,2.5692267,6.075715000000001,-2.3378767417907715,Patch transformer,SNV + patches(16)
P,120,1,4,01fc386431af7ef46743dcb5fd1b13bd,22.68916,12.071538,6.075715000000001,10.617622028503419,Patch transformer,SNV + patches(16)
P,120,1,4,d88174e63b46494814d55c01e91daaa4,25.3,7.957636,6.075715000000001,17.3423641204834,Patch transformer,SNV + patches(16)
P,120,1,4,a54c94d278344e81ad0267025f57fa43,0.40792,3.2270732,6.075715000000001,-2.8191531925964357,Patch transformer,SNV + patches(16)
P,120,1,4,e9a496477ff32b111ac8ef1f6448dec9,0.92289,3.8331006,6.075715000000001,-2.9102105573272707,Patch transformer,SNV + patches(16)
P,120,1,4,079007847c148f48771780a23bd5ed7a,42.7773,9.708613,6.075715000000001,33.06868660430908,Patch transformer,SNV + patches(16)
P,120,1,4,1565f3b97057f7672246e822e1bc19bf,26.09425,2.8272805,6.075715000000001,23.266969478607177,Patch transformer,SNV + patches(16)
P,120,1,4,f917123e0bedd68406229288befd3fb1,1.57498,3.0415099,6.075715000000001,-1.4665298667144775,Patch transformer,SNV + patches(16)
P,120,1,4,64099e20e95e43ef712465b5b12930f1,1.57458,3.4274297,6.075715000000001,-1.8528496760559081,Patch transformer,SNV + patches(16)
P,120,1,4,00ad9f84382666ab26588a10f3c86dd3,0.69319,4.5036798,6.075715000000001,-3.8104897523498535,Patch transformer,SNV + patches(16)
P,120,1,4,978c2fda07a9b6177057274456692be8,4.33353,4.169351,6.075715000000001,0.1641788990783688,Patch transformer,SNV + patches(16)
P,120,1,4,b3eb9b66e11a3563e022be81feb41986,14.39667,2.933808,6.075715000000001,11.462861911697388,Patch transformer,SNV + patches(16)
P,120,1,4,8516cee2d21933ae7a35b62e39db7c95,0.73324,2.3940713,6.075715000000001,-1.6608313405609132,Patch transformer,SNV + patches(16)
P,120,1,4,51c963bad01d047d23f6b6921cf5a237,6.7511,3.675514,6.075715000000001,3.075586017227173,Patch transformer,SNV + patches(16)
P,120,1,4,4892b9b68158e867edfedd9dd8512ad9,0.571533653681768,4.711212,6.075715000000001,-4.139678504521357,Patch transformer,SNV + patches(16)
P,120,1,4,8128d56631a7f6447e40e74dc11ff064,4.12422,6.5215964,6.075715000000001,-2.3973764317321775,Patch transformer,SNV + patches(16)
P,120,1,4,4c2300ed191ef49b9b7f47e7a60a1bc2,13.5,9.734954,6.075715000000001,3.7650461196899414,Patch transformer,SNV + patches(16)
P,120,1,4,932c33b500b4799942454d60604ed37f,10.64742,2.3479047,6.075715000000001,8.299515317840577,Patch transformer,SNV + patches(16)
P,120,1,4,47f2965e95d7c12e0d0ee0382f6fdbc0,0.68807,2.4158487,6.075715000000001,-1.727778731994629,Patch transformer,SNV + patches(16)
P,120,1,4,930b7645ed893cab06e2207d2334a4a1,11.0,2.8727093,6.075715000000001,8.127290725708008,Patch transformer,SNV + patches(16)
K,120,1,4,a9fef1c7afb7ecd702b97eea9877847f,0.29413269220932,0.21009387,0.466865,0.08403882145030966,Patch transformer,SNV + patches(16)
K,120,1,4,fc17b30b86ceb1f8655c9db11d7ce821,15.13991,1.1729237,0.466865,13.966986315879822,Patch transformer,SNV + patches(16)
K,120,1,4,2060c6d3f228f6f93936240a6ba71361,2.33464627346667,0.6217696,0.466865,1.7128766663995618,Patch transformer,SNV + patches(16)
K,120,1,4,eb4961960138f6541633f3eab3582e37,0.09033,0.7164476,0.466865,-0.6261175917816162,Patch transformer,SNV + patches(16)
K,120,1,4,0eeb39bc2910755db03181cf10c0c2ba,0.06913,0.26519716,0.466865,-0.19606715785980225,Patch transformer,SNV + patches(16)
K,120,1,4,01fc386431af7ef46743dcb5fd1b13bd,0.39992,1.5432059,0.466865,-1.1432858572769165,Patch transformer,SNV + patches(16)
K,120,1,4,d88174e63b46494814d55c01e91daaa4,0.95145531740754,1.7683986,0.466865,-0.8169433251324381,Patch transformer,SNV + patches(16)
K,120,1,4,a54c94d278344e81ad0267025f57fa43,0.0,0.4569541,0.466865,-0.45695409178733826,Patch transformer,SNV + patches(16)
K,120,1,4,e9a496477ff32b111ac8ef1f6448dec9,0.4578,0.5936276,0.466865,-0.13582757205963136,Patch transformer,SNV + patches(16)
K,120,1,4,079007847c148f48771780a23bd5ed7a,12.51361,1.7856299,0.466865,10.727980131492615,Patch transformer,SNV + patches(16)
K,120,1,4,1565f3b97057f7672246e822e1bc19bf,0.17779,0.2710813,0.466865,-0.09329129858970642,Patch transformer,SNV + patches(16)
K,120,1,4,f917123e0bedd68406229288befd3fb1,1.36008,0.46001118,0.466865,0.9000688157844543,Patch transformer,SNV + patches(16)
K,120,1,4,64099e20e95e43ef712465b5b12930f1,3.8009,0.43766797,0.466865,3.363232034111023,Patch transformer,SNV + patches(16)
K,120,1,4,00ad9f84382666ab26588a10f3c86dd3,1.22904,0.82015306,0.466865,0.4088869424247741,Patch transformer,SNV + patches(16)
K,120,1,4,978c2fda07a9b6177057274456692be8,0.07354,0.5624571,0.466865,-0.4889170846557617,Patch transformer,SNV + patches(16)
K,120,1,4,b3eb9b66e11a3563e022be81feb41986,0.08678,0.37362966,0.466865,-0.2868496594142914,Patch transformer,SNV + patches(16)
K,120,1,4,8516cee2d21933ae7a35b62e39db7c95,0.24685,0.18308541,0.466865,0.06376458821296693,Patch transformer,SNV + patches(16)
K,120,1,4,51c963bad01d047d23f6b6921cf5a237,0.04287,0.37066528,0.466865,-0.3277952820110321,Patch transformer,SNV + patches(16)
K,120,1,4,4892b9b68158e867edfedd9dd8512ad9,0.22869983648869,0.58804166,0.466865,-0.3593418266811709,Patch transformer,SNV + patches(16)
K,120,1,4,8128d56631a7f6447e40e74dc11ff064,5.60899,1.2743431,0.466865,4.334646867027283,Patch transformer,SNV + patches(16)
K,120,1,4,4c2300ed191ef49b9b7f47e7a60a1bc2,2.08501713642642,2.1704502,0.466865,-0.085433074144869,Patch transformer,SNV + patches(16)
K,120,1,4,932c33b500b4799942454d60604ed37f,0.12317,0.18640456,0.466865,-0.06323455603599548,Patch transformer,SNV + patches(16)
K,120,1,4,47f2965e95d7c12e0d0ee0382f6fdbc0,0.02318,0.25976926,0.466865,-0.2365892608833313,Patch transformer,SNV + patches(16)
K,120,1,4,930b7645ed893cab06e2207d2334a4a1,0.993401196992173,0.30115536,0.466865,0.6922458384392403,Patch transformer,SNV + patches(16)
N,120,1,5,7a9bac2ad491995c7f729047a2e1c164,0.10812,0.19682486,0.12,-0.08870486355304719,Patch transformer,SNV + patches(16)
N,120,1,5,7b7f800e58efbc3a88f09e818729645c,0.11254,0.10471457,0.12,0.007825427570343019,Patch transformer,SNV + patches(16)
N,120,1,5,b06ef2ff977073c8a423f935c3707702,0.06205,0.18323995,0.12,-0.12118995172977448,Patch transformer,SNV + patches(16)
N,120,1,5,54b1112b81624617cbf716aa39370252,0.08,0.19856186,0.12,-0.11856186211109161,Patch transformer,SNV + patches(16)
N,120,1,5,186111e6da3c326211af261df886e7d0,1.26439,0.7916973,0.12,0.47269267667770376,Patch transformer,SNV + patches(16)
N,120,1,5,2276802536cc180302810c965a4c5830,0.01412,0.27891904,0.12,-0.2647990411567688,Patch transformer,SNV + patches(16)
N,120,1,5,0a28321e068f9a8574a41d937943e9f7,0.12,0.1894711,0.12,-0.06947109580039978,Patch transformer,SNV + patches(16)
N,120,1,5,de66f37dab67300a7f7ab742079357ec,0.15628,0.13280176,0.12,0.023478243737220766,Patch transformer,SNV + patches(16)
N,120,1,5,bf64cb8289dd48b77e9cdb4a7931195a,0.06039,0.082236744,0.12,-0.021846744463443757,Patch transformer,SNV + patches(16)
N,120,1,5,91856508a369ec5688e2685702e11344,0.11,0.15591004,0.12,-0.04591004490852356,Patch transformer,SNV + patches(16)
N,120,1,5,4ccdbf99991f857d8a412338b6fa9953,0.36991,0.33773768,0.12,0.03217232051849367,Patch transformer,SNV + patches(16)
N,120,1,5,59c704cc8e2b4ee050ea8a34bff1eadd,0.33,0.18596965,0.12,0.14403034925460817,Patch transformer,SNV + patches(16)
N,120,1,5,acb6294600446ab5967dc89680fa11b0,0.82324,0.40310502,0.12,0.4201349794769287,Patch transformer,SNV + patches(16)
N,120,1,5,067033af0210e9360e25de3dc9de9ccd,0.06407,0.0895663,0.12,-0.02549629782915115,Patch transformer,SNV + patches(16)
N,120,1,5,f06bd68c23c44d9438ebcce434d51810,2.54688,1.9130993,0.12,0.6337807110595701,Patch transformer,SNV + patches(16)
N,120,1,5,328c4887da84c3235af4cd24a7529fd2,0.02491,0.15151216,0.12,-0.12660216089725496,Patch transformer,SNV + patches(16)
N,120,1,5,29321834766f5f48a95b17f094cc336f,1.54945,1.3580009,0.12,0.19144912548065185,Patch transformer,SNV + patches(16)
N,120,1,5,2d38365df4243154e4b37a0277ff8dda,0.10839,0.20302258,0.12,-0.09463258431911468,Patch transformer,SNV + patches(16)
N,120,1,5,89665c00349498e053950cff51fef46b,0.20247,0.28607213,0.12,-0.08360213497161864,Patch transformer,SNV + patches(16)
N,120,1,5,8103b882b97ff175ecc061989ede5024,0.00834,0.17784958,0.12,-0.16950957587718962,Patch transformer,SNV + patches(16)
N,120,1,5,3113166f7ea9a3a4a023a38385430e49,0.90772,0.3032027,0.12,0.6045173113059997,Patch transformer,SNV + patches(16)
N,120,1,5,1ca5fbcad50377b3ef0efb63f3e6e73f,0.34311,0.8273706,0.12,-0.48426058401107785,Patch transformer,SNV + patches(16)
N,120,1,5,015d0847da9241dc820978eea55a4883,0.09935,0.16708681,0.12,-0.06773680987358094,Patch transformer,SNV + patches(16)
N,120,1,5,0264138a7644659aad5d4b1284513788,1.41907,0.6006776,0.12,0.8183923905563355,Patch transformer,SNV + patches(16)
P,120,1,5,7a9bac2ad491995c7f729047a2e1c164,101.44149,10.488715,4.351905,90.95277482818604,Patch transformer,SNV + patches(16)
P,120,1,5,7b7f800e58efbc3a88f09e818729645c,1.48386,2.4143505,4.351905,-0.9304905096435547,Patch transformer,SNV + patches(16)
P,120,1,5,b06ef2ff977073c8a423f935c3707702,8.76614,2.7389843,4.351905,6.0271556536102295,Patch transformer,SNV + patches(16)
P,120,1,5,54b1112b81624617cbf716aa39370252,0.0,5.414434,4.351905,-5.41443395614624,Patch transformer,SNV + patches(16)
P,120,1,5,186111e6da3c326211af261df886e7d0,124.68283,1.657704,4.351905,123.02512600429534,Patch transformer,SNV + patches(16)
P,120,1,5,2276802536cc180302810c965a4c5830,0.23879,5.522326,4.351905,-5.283535992584229,Patch transformer,SNV + patches(16)
P,120,1,5,0a28321e068f9a8574a41d937943e9f7,0.0,1.010276,4.351905,-1.010275959968567,Patch transformer,SNV + patches(16)
P,120,1,5,de66f37dab67300a7f7ab742079357ec,1.09279,1.8859133,4.351905,-0.7931232528305054,Patch transformer,SNV + patches(16)
P,120,1,5,bf64cb8289dd48b77e9cdb4a7931195a,0.10287,2.2639997,4.351905,-2.161129700546265,Patch transformer,SNV + patches(16)
P,120,1,5,91856508a369ec5688e2685702e11344,13.6,2.5399938,4.351905,11.060006237030029,Patch transformer,SNV + patches(16)
P,120,1,5,4ccdbf99991f857d8a412338b6fa9953,37.34343,9.843185,4.351905,27.50024457519531,Patch transformer,SNV + patches(16)
P,120,1,5,59c704cc8e2b4ee050ea8a34bff1eadd,84.4,5.257544,4.351905,79.14245595932007,Patch transformer,SNV + patches(16)
P,120,1,5,acb6294600446ab5967dc89680fa11b0,0.70999,5.285268,4.351905,-4.575277829895019,Patch transformer,SNV + patches(16)
P,120,1,5,067033af0210e9360e25de3dc9de9ccd,23.43699,4.282782,4.351905,19.154207922210695,Patch transformer,SNV + patches(16)
P,120,1,5,f06bd68c23c44d9438ebcce434d51810,0.61832,22.185444,4.351905,-21.567123878173827,Patch transformer,SNV + patches(16)
P,120,1,5,328c4887da84c3235af4cd24a7529fd2,7.64039,1.3879787,4.351905,6.252411327018738,Patch transformer,SNV + patches(16)
P,120,1,5,29321834766f5f48a95b17f094cc336f,9.31701,20.833376,4.351905,-11.516365930786133,Patch transformer,SNV + patches(16)
P,120,1,5,2d38365df4243154e4b37a0277ff8dda,2.53225,3.9372969,4.351905,-1.4050468673706056,Patch transformer,SNV + patches(16)
P,120,1,5,89665c00349498e053950cff51fef46b,20.4891,3.5617263,4.351905,16.927373668289185,Patch transformer,SNV + patches(16)
P,120,1,5,8103b882b97ff175ecc061989ede5024,4.12326,11.55475,4.351905,-7.431490442504883,Patch transformer,SNV + patches(16)
P,120,1,5,3113166f7ea9a3a4a023a38385430e49,15.47975,5.048017,4.351905,10.431732975006103,Patch transformer,SNV + patches(16)
P,120,1,5,1ca5fbcad50377b3ef0efb63f3e6e73f,16.26978,21.85299,4.351905,-5.583209196777343,Patch transformer,SNV + patches(16)
P,120,1,5,015d0847da9241dc820978eea55a4883,42.99017,2.7665598,4.351905,40.22361016075134,Patch transformer,SNV + patches(16)
P,120,1,5,0264138a7644659aad5d4b1284513788,40.53389,1.3327507,4.351905,39.20113932193756,Patch transformer,SNV + patches(16)
K,120,1,5,7a9bac2ad491995c7f729047a2e1c164,4.16829,1.635111,0.3940875768581515,2.533179025688171,Patch transformer,SNV + patches(16)
K,120,1,5,7b7f800e58efbc3a88f09e818729645c,0.39303,0.0936472,0.3940875768581515,0.29938280311107635,Patch transformer,SNV + patches(16)
K,120,1,5,b06ef2ff977073c8a423f935c3707702,4.67686,0.41488224,0.3940875768581515,4.261977757320404,Patch transformer,SNV + patches(16)
K,120,1,5,54b1112b81624617cbf716aa39370252,0.503862090132488,1.3618643,0.3940875768581515,-0.8580022382519115,Patch transformer,SNV + patches(16)
K,120,1,5,186111e6da3c326211af261df886e7d0,0.80504,0.52079785,0.3940875768581515,0.2842421512985229,Patch transformer,SNV + patches(16)
K,120,1,5,2276802536cc180302810c965a4c5830,0.0,0.25729612,0.3940875768581515,-0.2572961151599884,Patch transformer,SNV + patches(16)
K,120,1,5,0a28321e068f9a8574a41d937943e9f7,3.52805770116118,1.0964046,0.3940875768581515,2.431653148701463,Patch transformer,SNV + patches(16)
K,120,1,5,de66f37dab67300a7f7ab742079357ec,0.42156,0.5368178,0.3940875768581515,-0.1152577890777588,Patch transformer,SNV + patches(16)
K,120,1,5,bf64cb8289dd48b77e9cdb4a7931195a,0.15694,0.08825219,0.3940875768581515,0.06868781322479248,Patch transformer,SNV + patches(16)
K,120,1,5,91856508a369ec5688e2685702e11344,0.627653588418845,0.4991256,0.3940875768581515,0.12852798855769998,Patch transformer,SNV + patches(16)
K,120,1,5,4ccdbf99991f857d8a412338b6fa9953,0.83541,3.3180733,0.3940875768581515,-2.482663272705078,Patch transformer,SNV + patches(16)
K,120,1,5,59c704cc8e2b4ee050ea8a34bff1eadd,1.495728681774,2.7868612,0.3940875768581515,-1.2911324994851552,Patch transformer,SNV + patches(16)
K,120,1,5,acb6294600446ab5967dc89680fa11b0,0.17906,0.051685065,0.3940875768581515,0.12737493496894836,Patch transformer,SNV + patches(16)
K,120,1,5,067033af0210e9360e25de3dc9de9ccd,1.49811,0.854996,0.3940875768581515,0.6431139744377137,Patch transformer,SNV + patches(16)
K,120,1,5,f06bd68c23c44d9438ebcce434d51810,0.13809,2.643637,0.3940875768581515,-2.50554694190979,Patch transformer,SNV + patches(16)
K,120,1,5,328c4887da84c3235af4cd24a7529fd2,1.02496,0.47181126,0.3940875768581515,0.5531487352466584,Patch transformer,SNV + patches(16)
K,120,1,5,29321834766f5f48a95b17f094cc336f,0.66084,2.4593256,0.3940875768581515,-1.7984855519866945,Patch transformer,SNV + patches(16)
K,120,1,5,2d38365df4243154e4b37a0277ff8dda,0.39801,0.26699573,0.3940875768581515,0.13101427198410032,Patch transformer,SNV + patches(16)
K,120,1,5,89665c00349498e053950cff51fef46b,0.31267,0.16431542,0.3940875768581515,0.14835458259105683,Patch transformer,SNV + patches(16)
K,120,1,5,8103b882b97ff175ecc061989ede5024,3.01236,1.8265884,0.3940875768581515,1.1857716077423097,Patch transformer,SNV + patches(16)
K,120,1,5,3113166f7ea9a3a4a023a38385430e49,0.63403,0.16918012,0.3940875768581515,0.46484987500190733,Patch transformer,SNV + patches(16)
K,120,1,5,1ca5fbcad50377b3ef0efb63f3e6e73f,0.02306,3.1709754,0.3940875768581515,-3.1479154467010497,Patch transformer,SNV + patches(16)
K,120,1,5,015d0847da9241dc820978eea55a4883,2.94586,2.276471,0.3940875768581515,0.669389100418091,Patch transformer,SNV + patches(16)
K,120,1,5,0264138a7644659aad5d4b1284513788,2.32864,0.59832364,0.3940875768581515,1.73031635679245,Patch transformer,SNV + patches(16)
N,180,1,1,6f3380bee1fb7f08cf65b548f4dd0d7e,0.01104,0.056762535,0.14679999999999999,-0.045722535125017165,Patch transformer,SNV + patches(16)
N,180,1,1,2a70fd5d10ad11d40aa7dc7c2bd08c6b,0.15,0.23474966,0.14679999999999999,-0.08474965989589692,Patch transformer,SNV + patches(16)
N,180,1,1,4901fbbecccbc8523b1ffc26d1b5d9a4,3.44367,0.2542208,0.14679999999999999,3.189449186487198,Patch transformer,SNV + patches(16)
N,180,1,1,a9fef1c7afb7ecd702b97eea9877847f,0.12,0.02070552,0.14679999999999999,0.09929448075592517,Patch transformer,SNV + patches(16)
N,180,1,1,b8d55a953c01cd342b1be147769776b5,0.0,0.09519927,0.14679999999999999,-0.09519927203655243,Patch transformer,SNV + patches(16)
N,180,1,1,7fef387ff08f0b2326a8afa69c3985fc,0.04545,0.1733238,0.14679999999999999,-0.12787379519939424,Patch transformer,SNV + patches(16)
N,180,1,1,8beacf87fc55813738d600c1ea2a9c7d,0.12,0.14333479,0.14679999999999999,-0.023334791064262395,Patch transformer,SNV + patches(16)
N,180,1,1,7b7f800e58efbc3a88f09e818729645c,0.11254,0.10508511,0.14679999999999999,0.007454887845516206,Patch transformer,SNV + patches(16)
N,180,1,1,76f2ff22173a5bfeecb15c686f829c68,0.35,0.34392002,0.14679999999999999,0.006079977750778176,Patch transformer,SNV + patches(16)
N,180,1,1,b1b2c0a1acf771644dc87780ec149627,0.50081,0.13494925,0.14679999999999999,0.3658607479906082,Patch transformer,SNV + patches(16)
N,180,1,1,162b3559316de7b2dc7ac29c3e59a718,0.04864,0.0138827525,0.14679999999999999,0.03475724749207497,Patch transformer,SNV + patches(16)
N,180,1,1,04fcaa7329b712aecb2ac794c961ad79,0.0132,0.04104281,0.14679999999999999,-0.027842808443307877,Patch transformer,SNV + patches(16)
N,180,1,1,186111e6da3c326211af261df886e7d0,1.26439,1.2460455,0.14679999999999999,0.01834452976226797,Patch transformer,SNV + patches(16)
N,180,1,1,de66f37dab67300a7f7ab742079357ec,0.15628,0.07942413,0.14679999999999999,0.07685587206363678,Patch transformer,SNV + patches(16)
N,180,1,1,734e3062f32e019691b61a48756e3313,0.25558,0.034148574,0.14679999999999999,0.22143142612457273,Patch transformer,SNV + patches(16)
N,180,1,1,b3eb9b66e11a3563e022be81feb41986,0.0525,0.053253286,0.14679999999999999,-0.0007532855868339558,Patch transformer,SNV + patches(16)
N,180,1,1,bf64cb8289dd48b77e9cdb4a7931195a,0.06039,0.019964954,0.14679999999999999,0.040425046115517616,Patch transformer,SNV + patches(16)
N,180,1,1,2fc52618db0f54af64e6f7c3fcbd5f80,0.17051,0.09395454,0.14679999999999999,0.07655545921087265,Patch transformer,SNV + patches(16)
N,180,1,1,06a2bbf134abb8e37007c1f682da8209,0.02394,0.010664633,0.14679999999999999,0.013275367456078529,Patch transformer,SNV + patches(16)
N,180,1,1,4892b9b68158e867edfedd9dd8512ad9,0.0971966406154598,0.15916874,0.14679999999999999,-0.06197209453106273,Patch transformer,SNV + patches(16)
N,180,1,1,29321834766f5f48a95b17f094cc336f,1.54945,0.31627643,0.14679999999999999,1.2331735689163208,Patch transformer,SNV + patches(16)
N,180,1,1,edfa59d93d208f307042a23d2cd9708a,0.19,0.11546801,0.14679999999999999,0.07453198969364166,Patch transformer,SNV + patches(16)
N,180,1,1,4c2300ed191ef49b9b7f47e7a60a1bc2,0.15,0.18284349,0.14679999999999999,-0.03284349143505097,Patch transformer,SNV + patches(16)
N,180,1,1,930b7645ed893cab06e2207d2334a4a1,0.16,0.04055824,0.14679999999999999,0.11944175869226456,Patch transformer,SNV + patches(16)
N,180,1,1,d09cee4a1c44977d7d98d49fa4624661,0.05139,0.0501047,0.14679999999999999,0.0012852999711036664,Patch transformer,SNV + patches(16)
N,180,1,1,b4caee112f48cd4910f34619452c46b2,0.18674,0.09919832,0.14679999999999999,0.08754168098211287,Patch transformer,SNV + patches(16)
N,180,1,1,fe9816b5ad430765c8bd5a6bda62a95e,0.54197,0.12435433,0.14679999999999999,0.41761566731452937,Patch transformer,SNV + patches(16)
N,180,1,1,4120f2755c44173c540a48976ff898a8,0.1665,0.027664023,0.14679999999999999,0.1388359774798155,Patch transformer,SNV + patches(16)
N,180,1,1,2a56a36cc5f31ed2e1f4dd2e493b9add,0.11134,0.053820692,0.14679999999999999,0.05751930799722671,Patch transformer,SNV + patches(16)
N,180,1,1,ea03b67bbcafb6c248af3d6d57b2d224,1.03331,0.45634174,0.14679999999999999,0.5769682565307617,Patch transformer,SNV + patches(16)
N,180,1,1,7c2d51bd5b17188a6e95c55131279055,0.09221,0.03759354,0.14679999999999999,0.0546164601957798,Patch transformer,SNV + patches(16)
N,180,1,1,33b25ac85df7fa8a46cec7cde157114c,0.40307,0.22803736,0.14679999999999999,0.17503264266967772,Patch transformer,SNV + patches(16)
N,180,1,1,34009f6906da53820c2143e77ce35ab7,1.12076,0.25323522,0.14679999999999999,0.8675247790908813,Patch transformer,SNV + patches(16)
N,180,1,1,40dc35546eb0ecd8851a80cf181c1e4c,0.45149,0.081461966,0.14679999999999999,0.37002803396224976,Patch transformer,SNV + patches(16)
N,180,1,1,7f8f66fda75a3083c8528c860ff5b181,0.11408,0.08338444,0.14679999999999999,0.0306955606508255,Patch transformer,SNV + patches(16)
N,180,1,1,3c097418672845f860ca9fdf5c1cd67c,1.02629,0.9388624,0.14679999999999999,0.08742761663436882,Patch transformer,SNV + patches(16)
P,180,1,1,6f3380bee1fb7f08cf65b548f4dd0d7e,1.54624,3.4583235,5.660465,-1.9120834786987304,Patch transformer,SNV + patches(16)
P,180,1,1,2a70fd5d10ad11d40aa7dc7c2bd08c6b,47.8,5.869491,5.660465,41.93050889968872,Patch transformer,SNV + patches(16)
P,180,1,1,4901fbbecccbc8523b1ffc26d1b5d9a4,1.32669,6.001783,5.660465,-4.675092894134521,Patch transformer,SNV + patches(16)
P,180,1,1,a9fef1c7afb7ecd702b97eea9877847f,0.0,3.1982937,5.660465,-3.198293685913086,Patch transformer,SNV + patches(16)
P,180,1,1,b8d55a953c01cd342b1be147769776b5,0.5166,3.7802749,5.660465,-3.2636748680114747,Patch transformer,SNV + patches(16)
P,180,1,1,7fef387ff08f0b2326a8afa69c3985fc,3.32276,5.8776064,5.660465,-2.554846391906738,Patch transformer,SNV + patches(16)
P,180,1,1,8beacf87fc55813738d600c1ea2a9c7d,10.1,4.6587625,5.660465,5.441237545013427,Patch transformer,SNV + patches(16)
P,180,1,1,7b7f800e58efbc3a88f09e818729645c,1.48386,3.9047027,5.660465,-2.420842663421631,Patch transformer,SNV + patches(16)
P,180,1,1,76f2ff22173a5bfeecb15c686f829c68,67.6,6.721957,5.660465,60.87804279327392,Patch transformer,SNV + patches(16)
P,180,1,1,b1b2c0a1acf771644dc87780ec149627,5.61784,4.605548,5.660465,1.0122920950317384,Patch transformer,SNV + patches(16)
P,180,1,1,162b3559316de7b2dc7ac29c3e59a718,3.3208,3.5092847,5.660465,-0.18848473472595195,Patch transformer,SNV + patches(16)
P,180,1,1,04fcaa7329b712aecb2ac794c961ad79,2.8997,4.0261064,5.660465,-1.1264063575744627,Patch transformer,SNV + patches(16)
P,180,1,1,186111e6da3c326211af261df886e7d0,124.68283,13.634187,5.660465,111.04864325531005,Patch transformer,SNV + patches(16)
P,180,1,1,de66f37dab67300a7f7ab742079357ec,1.09279,4.3188157,5.660465,-3.2260257081604005,Patch transformer,SNV + patches(16)
P,180,1,1,734e3062f32e019691b61a48756e3313,52.69437,3.3938591,5.660465,49.30051085197449,Patch transformer,SNV + patches(16)
P,180,1,1,b3eb9b66e11a3563e022be81feb41986,14.39667,3.8748074,5.660465,10.521862642211914,Patch transformer,SNV + patches(16)
P,180,1,1,bf64cb8289dd48b77e9cdb4a7931195a,0.10287,3.22195,5.660465,-3.1190800541687014,Patch transformer,SNV + patches(16)
P,180,1,1,2fc52618db0f54af64e6f7c3fcbd5f80,59.79796,5.1859827,5.660465,54.611977295837406,Patch transformer,SNV + patches(16)
P,180,1,1,06a2bbf134abb8e37007c1f682da8209,1.45079,3.3853443,5.660465,-1.9345542668914795,Patch transformer,SNV + patches(16)
P,180,1,1,4892b9b68158e867edfedd9dd8512ad9,0.571533653681768,5.316687,5.660465,-4.745153453404414,Patch transformer,SNV + patches(16)
P,180,1,1,29321834766f5f48a95b17f094cc336f,9.31701,6.621467,5.660465,2.6955428865051267,Patch transformer,SNV + patches(16)
P,180,1,1,edfa59d93d208f307042a23d2cd9708a,10.7,5.0122113,5.660465,5.6877886772155755,Patch transformer,SNV + patches(16)
P,180,1,1,4c2300ed191ef49b9b7f47e7a60a1bc2,13.5,5.902008,5.660465,7.597991943359375,Patch transformer,SNV + patches(16)
P,180,1,1,930b7645ed893cab06e2207d2334a4a1,11.0,3.7388577,5.660465,7.261142253875732,Patch transformer,SNV + patches(16)
P,180,1,1,d09cee4a1c44977d7d98d49fa4624661,21.49851,3.9315615,5.660465,17.56694852996826,Patch transformer,SNV + patches(16)
P,180,1,1,b4caee112f48cd4910f34619452c46b2,0.61292,3.9029489,5.660465,-3.29002885635376,Patch transformer,SNV + patches(16)
P,180,1,1,fe9816b5ad430765c8bd5a6bda62a95e,42.56622,4.1990666,5.660465,38.36715336105347,Patch transformer,SNV + patches(16)
P,180,1,1,4120f2755c44173c540a48976ff898a8,23.15034,3.2186372,5.660465,19.931702771987915,Patch transformer,SNV + patches(16)
P,180,1,1,2a56a36cc5f31ed2e1f4dd2e493b9add,5.25815,4.4519453,5.660465,0.8062046951293942,Patch transformer,SNV + patches(16)
P,180,1,1,ea03b67bbcafb6c248af3d6d57b2d224,1.85439,7.1882677,5.660465,-5.333877707824707,Patch transformer,SNV + patches(16)
P,180,1,1,7c2d51bd5b17188a6e95c55131279055,2.20085,3.6691525,5.660465,-1.4683024982452393,Patch transformer,SNV + patches(16)
P,180,1,1,33b25ac85df7fa8a46cec7cde157114c,76.86898,7.1955314,5.660465,69.67344863174438,Patch transformer,SNV + patches(16)
P,180,1,1,34009f6906da53820c2143e77ce35ab7,0.86799,6.595058,5.660465,-5.727067964324951,Patch transformer,SNV + patches(16)
P,180,1,1,40dc35546eb0ecd8851a80cf181c1e4c,20.7131,3.9975379,5.660465,16.715562148666383,Patch transformer,SNV + patches(16)
P,180,1,1,7f8f66fda75a3083c8528c860ff5b181,22.17096,4.425803,5.660465,17.745156815490724,Patch transformer,SNV + patches(16)
P,180,1,1,3c097418672845f860ca9fdf5c1cd67c,3.03678,11.390911,5.660465,-8.354131102294922,Patch transformer,SNV + patches(16)
K,180,1,1,6f3380bee1fb7f08cf65b548f4dd0d7e,0.07117,0.16511478,0.500441045066244,-0.09394477530002594,Patch transformer,SNV + patches(16)
K,180,1,1,2a70fd5d10ad11d40aa7dc7c2bd08c6b,0.234283083533685,0.75882906,0.500441045066244,-0.5245459736829593,Patch transformer,SNV + patches(16)
K,180,1,1,4901fbbecccbc8523b1ffc26d1b5d9a4,0.0,0.83898914,0.500441045066244,-0.8389891386032104,Patch transformer,SNV + patches(16)
K,180,1,1,a9fef1c7afb7ecd702b97eea9877847f,0.29413269220932,0.035213586,0.500441045066244,0.25891910626633635,Patch transformer,SNV + patches(16)
K,180,1,1,b8d55a953c01cd342b1be147769776b5,0.18911,0.18583596,0.500441045066244,0.003274042472839356,Patch transformer,SNV + patches(16)
K,180,1,1,7fef387ff08f0b2326a8afa69c3985fc,0.07773,0.82604617,0.500441045066244,-0.7483161688041687,Patch transformer,SNV + patches(16)
K,180,1,1,8beacf87fc55813738d600c1ea2a9c7d,0.316128702235408,0.6997401,0.500441045066244,-0.38361140959244233,Patch transformer,SNV + patches(16)
K,180,1,1,7b7f800e58efbc3a88f09e818729645c,0.39303,0.24603361,0.500441045066244,0.14699639108657836,Patch transformer,SNV + patches(16)
K,180,1,1,76f2ff22173a5bfeecb15c686f829c68,0.388255153716303,0.8585932,0.500441045066244,-0.470338071762823,Patch transformer,SNV + patches(16)
K,180,1,1,b1b2c0a1acf771644dc87780ec149627,0.2594,0.57804656,0.500441045066244,-0.31864656028747557,Patch transformer,SNV + patches(16)
K,180,1,1,162b3559316de7b2dc7ac29c3e59a718,0.21139,0.3330525,0.500441045066244,-0.12166248618125916,Patch transformer,SNV + patches(16)
K,180,1,1,04fcaa7329b712aecb2ac794c961ad79,0.5053,0.5515618,0.500441045066244,-0.04626177282333377,Patch transformer,SNV + patches(16)
K,180,1,1,186111e6da3c326211af261df886e7d0,0.80504,1.948712,0.500441045066244,-1.1436719913101197,Patch transformer,SNV + patches(16)
K,180,1,1,de66f37dab67300a7f7ab742079357ec,0.42156,0.62149125,0.500441045066244,-0.1999312533760071,Patch transformer,SNV + patches(16)
K,180,1,1,734e3062f32e019691b61a48756e3313,2.49707,0.32923782,0.500441045066244,2.1678321812820434,Patch transformer,SNV + patches(16)
K,180,1,1,b3eb9b66e11a3563e022be81feb41986,0.08678,0.5027728,0.500441045066244,-0.4159928080749512,Patch transformer,SNV + patches(16)
K,180,1,1,bf64cb8289dd48b77e9cdb4a7931195a,0.15694,0.14348412,0.500441045066244,0.013455884399414059,Patch transformer,SNV + patches(16)
K,180,1,1,2fc52618db0f54af64e6f7c3fcbd5f80,2.14356,0.78671443,0.500441045066244,1.3568455653762816,Patch transformer,SNV + patches(16)
K,180,1,1,06a2bbf134abb8e37007c1f682da8209,0.56508,0.30833688,0.500441045066244,0.2567431162166596,Patch transformer,SNV + patches(16)
K,180,1,1,4892b9b68158e867edfedd9dd8512ad9,0.22869983648869,1.0437808,0.500441045066244,-0.81508096719173,Patch transformer,SNV + patches(16)
K,180,1,1,29321834766f5f48a95b17f094cc336f,0.66084,1.3078794,0.500441045066244,-0.6470394479370117,Patch transformer,SNV + patches(16)
K,180,1,1,edfa59d93d208f307042a23d2cd9708a,4.7501150954013,0.8551013,0.500441045066244,3.8950138080363406,Patch transformer,SNV + patches(16)
K,180,1,1,4c2300ed191ef49b9b7f47e7a60a1bc2,2.08501713642642,1.1349195,0.500441045066244,0.95009761223361,Patch transformer,SNV + patches(16)
K,180,1,1,930b7645ed893cab06e2207d2334a4a1,0.993401196992173,0.44360274,0.500441045066244,0.5497984562275551,Patch transformer,SNV + patches(16)
K,180,1,1,d09cee4a1c44977d7d98d49fa4624661,0.05748,0.37148553,0.500441045066244,-0.31400553133010867,Patch transformer,SNV + patches(16)
K,180,1,1,b4caee112f48cd4910f34619452c46b2,0.2473,0.33859268,0.500441045066244,-0.09129267830848695,Patch transformer,SNV + patches(16)
K,180,1,1,fe9816b5ad430765c8bd5a6bda62a95e,2.41349,0.4295903,0.500441045066244,1.9838996853733062,Patch transformer,SNV + patches(16)
K,180,1,1,4120f2755c44173c540a48976ff898a8,0.14679,0.09868139,0.500441045066244,0.04810860971450806,Patch transformer,SNV + patches(16)
K,180,1,1,2a56a36cc5f31ed2e1f4dd2e493b9add,0.4341,0.7801902,0.500441045066244,-0.34609022941589357,Patch transformer,SNV + patches(16)
K,180,1,1,ea03b67bbcafb6c248af3d6d57b2d224,0.14072,0.9628567,0.500441045066244,-0.8221367099571228,Patch transformer,SNV + patches(16)
K,180,1,1,7c2d51bd5b17188a6e95c55131279055,0.31029,0.25606707,0.500441045066244,0.05422293261528016,Patch transformer,SNV + patches(16)
K,180,1,1,33b25ac85df7fa8a46cec7cde157114c,1.11034,1.2341008,0.500441045066244,-0.1237608186340331,Patch transformer,SNV + patches(16)
K,180,1,1,34009f6906da53820c2143e77ce35ab7,0.16838,0.9382891,0.500441045066244,-0.7699091058921814,Patch transformer,SNV + patches(16)
K,180,1,1,40dc35546eb0ecd8851a80cf181c1e4c,2.12338,0.52371067,0.500441045066244,1.5996693319129944,Patch transformer,SNV + patches(16)
K,180,1,1,7f8f66fda75a3083c8528c860ff5b181,0.56486,0.6777153,0.500441045066244,-0.11285530151367185,Patch transformer,SNV + patches(16)
K,180,1,1,3c097418672845f860ca9fdf5c1cd67c,3.41499,1.7850462,0.500441045066244,1.6299437801742553,Patch transformer,SNV + patches(16)
N,180,1,2,e12ed1de4ae395e58114affd9feb299d,0.33,0.049909953,0.152335,0.2800900469720364,Patch transformer,SNV + patches(16)
N,180,1,2,2060c6d3f228f6f93936240a6ba71361,0.52,0.56036055,0.152335,-0.04036055088043211,Patch transformer,SNV + patches(16)
N,180,1,2,eb4961960138f6541633f3eab3582e37,0.0,-0.0466525,0.152335,0.046652499586343765,Patch transformer,SNV + patches(16)
N,180,1,2,9e69bb72cbea5a83216fdf89f7bc688b,0.07727,0.18674721,0.152335,-0.109477208237648,Patch transformer,SNV + patches(16)
N,180,1,2,5db409bd7e44e43453b43ed15d6c220b,0.0,0.054120697,0.152335,-0.05412069708108902,Patch transformer,SNV + patches(16)
N,180,1,2,d2c3ecadc93aab25e7fa34de2435f03b,0.47639,0.25398144,0.152335,0.22240855874061582,Patch transformer,SNV + patches(16)
N,180,1,2,bb2b9ee9ac79c823e1dc36e624f6baa3,0.02,0.22625174,0.152335,-0.20625173628330232,Patch transformer,SNV + patches(16)
N,180,1,2,5e679b2fd98577dbf032a322e04b7cc1,0.04545,-0.013630431,0.152335,0.05908043114542961,Patch transformer,SNV + patches(16)
N,180,1,2,171f1950c34fade461d8f31ec7b541aa,0.09,0.12659027,0.152335,-0.03659026682376862,Patch transformer,SNV + patches(16)
N,180,1,2,9f4339b931b43a42fdc3ae24748e93c4,0.80472,0.16263852,0.152335,0.6420814847660065,Patch transformer,SNV + patches(16)
N,180,1,2,a54c94d278344e81ad0267025f57fa43,0.001,-0.01867143,0.152335,0.0196714306473732,Patch transformer,SNV + patches(16)
N,180,1,2,528c525f69e9c41adb90f71d886f5cbd,0.07094,0.1639673,0.152335,-0.0930272964811325,Patch transformer,SNV + patches(16)
N,180,1,2,bb4c7754e2857cd8e7b6fea4c3f2e3b4,0.17,0.23944849,0.152335,-0.06944848775863646,Patch transformer,SNV + patches(16)
N,180,1,2,65751894b2651a4ea9150d001b6b269a,1.23418,0.17398648,0.152335,1.060193520359993,Patch transformer,SNV + patches(16)
N,180,1,2,c114fd7deae42087498cb7edadae9168,0.10388,0.0013884399,0.152335,0.1024915600913763,Patch transformer,SNV + patches(16)
N,180,1,2,4b5527f2f6619045c4fcbd25d4e42ad4,0.19,0.1370633,0.152335,0.05293670535087586,Patch transformer,SNV + patches(16)
N,180,1,2,f917123e0bedd68406229288befd3fb1,0.0,-0.034932595,0.152335,0.03493259474635124,Patch transformer,SNV + patches(16)
N,180,1,2,412f2f1d138f9c0f1ba8e2da980c5ea9,1.43221,0.39260623,0.152335,1.0396037714099884,Patch transformer,SNV + patches(16)
N,180,1,2,bc720b9a91a11919f13be41af81568b3,0.01011,0.040777173,0.152335,-0.03066717289328575,Patch transformer,SNV + patches(16)
N,180,1,2,8516cee2d21933ae7a35b62e39db7c95,0.04061,0.0047358903,0.152335,0.03587410968974233,Patch transformer,SNV + patches(16)
N,180,1,2,12eabe86c6939f157f4d47945debbe71,0.0,0.17364633,0.152335,-0.17364633083343506,Patch transformer,SNV + patches(16)
N,180,1,2,51c963bad01d047d23f6b6921cf5a237,0.15319,0.15927431,0.152335,-0.00608430987358094,Patch transformer,SNV + patches(16)
N,180,1,2,2d38365df4243154e4b37a0277ff8dda,0.10839,0.032596104,0.152335,0.07579389615297318,Patch transformer,SNV + patches(16)
N,180,1,2,0a93017d626f4095956e86db556c0ced,0.12,0.009257074,0.152335,0.11074292555451393,Patch transformer,SNV + patches(16)
N,180,1,2,3113166f7ea9a3a4a023a38385430e49,0.90772,0.14179046,0.152335,0.7659295354795456,Patch transformer,SNV + patches(16)
N,180,1,2,6a01a50ec5c840206413f752d8222fa0,0.01502,0.098278366,0.152335,-0.08325836602926254,Patch transformer,SNV + patches(16)
N,180,1,2,1ca5fbcad50377b3ef0efb63f3e6e73f,0.34311,0.4118708,0.152335,-0.06876080740928647,Patch transformer,SNV + patches(16)
N,180,1,2,89dc66b8bc31070a6770a8388238c48b,1.44048,0.76229364,0.152335,0.6781863632011413,Patch transformer,SNV + patches(16)
N,180,1,2,9453f1f17dd36bfa9c4e50dfcf35adcb,0.07234,-0.04989101,0.152335,0.12223100992679596,Patch transformer,SNV + patches(16)
N,180,1,2,482f5898758113a5bcc30e6f3304d3a8,0.20836,0.066733524,0.152335,0.1416264757966995,Patch transformer,SNV + patches(16)
N,180,1,2,835faa4734d7161a1f458abd6e263e44,0.74609,0.16097729,0.152335,0.5851127109193802,Patch transformer,SNV + patches(16)
N,180,1,2,67196c55bbf3b9549498e1187ccf73f5,2.48469,1.5649818,0.152335,0.9197081818008424,Patch transformer,SNV + patches(16)
N,180,1,2,8002e7ca727acbcc3c403f2bbef73738,0.0,0.07786147,0.152335,-0.0778614729642868,Patch transformer,SNV + patches(16)
N,180,1,2,9693aafcf7311fc46484eb7fc37fd897,0.34119,0.2742038,0.152335,0.06698619288444518,Patch transformer,SNV + patches(16)
N,180,1,2,5e5aad2f39784526c92d9e9f3d6a1004,0.09324,0.07868024,0.152335,0.014559760382175449,Patch transformer,SNV + patches(16)
N,180,1,2,4f91e748e08d3dca1356b09bbf1c7ca6,0.50179,0.05674657,0.152335,0.445043431469202,Patch transformer,SNV + patches(16)
P,180,1,2,e12ed1de4ae395e58114affd9feb299d,15.9,3.539707,5.519565,12.360293054580689,Patch transformer,SNV + patches(16)
P,180,1,2,2060c6d3f228f6f93936240a6ba71361,0.0,13.343866,5.519565,-13.343866348266602,Patch transformer,SNV + patches(16)
P,180,1,2,eb4961960138f6541633f3eab3582e37,0.69383,4.7231007,5.519565,-4.029270662231445,Patch transformer,SNV + patches(16)
P,180,1,2,9e69bb72cbea5a83216fdf89f7bc688b,0.82201,7.8767495,5.519565,-7.054739515533448,Patch transformer,SNV + patches(16)
P,180,1,2,5db409bd7e44e43453b43ed15d6c220b,14.69233,2.9829807,5.519565,11.709349271850586,Patch transformer,SNV + patches(16)
P,180,1,2,d2c3ecadc93aab25e7fa34de2435f03b,61.68966,10.453195,5.519565,51.236465381774906,Patch transformer,SNV + patches(16)
P,180,1,2,bb2b9ee9ac79c823e1dc36e624f6baa3,0.0,4.231745,5.519565,-4.231744766235352,Patch transformer,SNV + patches(16)
P,180,1,2,5e679b2fd98577dbf032a322e04b7cc1,0.45407,3.5246623,5.519565,-3.070592256240845,Patch transformer,SNV + patches(16)
P,180,1,2,171f1950c34fade461d8f31ec7b541aa,0.0,5.1011157,5.519565,-5.101115703582764,Patch transformer,SNV + patches(16)
P,180,1,2,9f4339b931b43a42fdc3ae24748e93c4,23.34116,4.898764,5.519565,18.44239586654663,Patch transformer,SNV + patches(16)
P,180,1,2,a54c94d278344e81ad0267025f57fa43,0.40792,4.633484,5.519565,-4.22556388671875,Patch transformer,SNV + patches(16)
P,180,1,2,528c525f69e9c41adb90f71d886f5cbd,6.53359,9.330349,5.519565,-2.796758968505859,Patch transformer,SNV + patches(16)
P,180,1,2,bb4c7754e2857cd8e7b6fea4c3f2e3b4,0.0,9.695789,5.519565,-9.695789337158203,Patch transformer,SNV + patches(16)
P,180,1,2,65751894b2651a4ea9150d001b6b269a,7.39982,4.4314404,5.519565,2.9683796466064454,Patch transformer,SNV + patches(16)
P,180,1,2,c114fd7deae42087498cb7edadae9168,4.60117,2.8125901,5.519565,1.7885798777770994,Patch transformer,SNV + patches(16)
P,180,1,2,4b5527f2f6619045c4fcbd25d4e42ad4,0.0,6.9394565,5.519565,-6.939456462860107,Patch transformer,SNV + patches(16)
P,180,1,2,f917123e0bedd68406229288befd3fb1,1.57498,4.0294824,5.519565,-2.454502364654541,Patch transformer,SNV + patches(16)
P,180,1,2,412f2f1d138f9c0f1ba8e2da980c5ea9,8.70727,7.039367,5.519565,1.6679028010559076,Patch transformer,SNV + patches(16)
P,180,1,2,bc720b9a91a11919f13be41af81568b3,0.96564,3.017659,5.519565,-2.0520189488983154,Patch transformer,SNV + patches(16)
P,180,1,2,8516cee2d21933ae7a35b62e39db7c95,0.73324,3.6813114,5.519565,-2.948071368942261,Patch transformer,SNV + patches(16)
P,180,1,2,12eabe86c6939f157f4d47945debbe71,0.97687,6.5871725,5.519565,-5.610302508239746,Patch transformer,SNV + patches(16)
P,180,1,2,51c963bad01d047d23f6b6921cf5a237,6.7511,5.049092,5.519565,1.7020081840515138,Patch transformer,SNV + patches(16)
P,180,1,2,2d38365df4243154e4b37a0277ff8dda,2.53225,3.7216227,5.519565,-1.1893727054595948,Patch transformer,SNV + patches(16)
P,180,1,2,0a93017d626f4095956e86db556c0ced,65.9,2.3942165,5.519565,63.50578346252442,Patch transformer,SNV + patches(16)
P,180,1,2,3113166f7ea9a3a4a023a38385430e49,15.47975,3.8136687,5.519565,11.666081272125243,Patch transformer,SNV + patches(16)
P,180,1,2,6a01a50ec5c840206413f752d8222fa0,0.59482,4.5382524,5.519565,-3.943432353668213,Patch transformer,SNV + patches(16)
P,180,1,2,1ca5fbcad50377b3ef0efb63f3e6e73f,16.26978,11.411197,5.519565,4.858583291320802,Patch transformer,SNV + patches(16)
P,180,1,2,89dc66b8bc31070a6770a8388238c48b,35.1897,11.74336,5.519565,23.44634043426514,Patch transformer,SNV + patches(16)
P,180,1,2,9453f1f17dd36bfa9c4e50dfcf35adcb,0.0,3.3620634,5.519565,-3.362063407897949,Patch transformer,SNV + patches(16)
P,180,1,2,482f5898758113a5bcc30e6f3304d3a8,33.11378,5.872587,5.519565,27.241192796020506,Patch transformer,SNV + patches(16)
P,180,1,2,835faa4734d7161a1f458abd6e263e44,176.4886,6.425139,5.519565,170.0634610496521,Patch transformer,SNV + patches(16)
P,180,1,2,67196c55bbf3b9549498e1187ccf73f5,17.89559,16.505816,5.519565,1.3897744940185532,Patch transformer,SNV + patches(16)
P,180,1,2,8002e7ca727acbcc3c403f2bbef73738,2.02724,4.1645465,5.519565,-2.1373064897155762,Patch transformer,SNV + patches(16)
P,180,1,2,9693aafcf7311fc46484eb7fc37fd897,63.68609,10.050251,5.519565,53.63583899291992,Patch transformer,SNV + patches(16)
P,180,1,2,5e5aad2f39784526c92d9e9f3d6a1004,7.31611,6.6966953,5.519565,0.619414672241211,Patch transformer,SNV + patches(16)
P,180,1,2,4f91e748e08d3dca1356b09bbf1c7ca6,8.9197,2.7629225,5.519565,6.156777474594117,Patch transformer,SNV + patches(16)
K,180,1,2,e12ed1de4ae395e58114affd9feb299d,0.337101642027725,0.4669441,0.508985,-0.1298424564448702,Patch transformer,SNV + patches(16)
K,180,1,2,2060c6d3f228f6f93936240a6ba71361,2.33464627346667,1.9780445,0.508985,0.35660176357897466,Patch transformer,SNV + patches(16)
K,180,1,2,eb4961960138f6541633f3eab3582e37,0.09033,0.5961101,0.508985,-0.5057801055145263,Patch transformer,SNV + patches(16)
K,180,1,2,9e69bb72cbea5a83216fdf89f7bc688b,0.0,1.1784555,0.508985,-1.1784554719924927,Patch transformer,SNV + patches(16)
K,180,1,2,5db409bd7e44e43453b43ed15d6c220b,0.1184,0.32295325,0.508985,-0.2045532539844513,Patch transformer,SNV + patches(16)
K,180,1,2,d2c3ecadc93aab25e7fa34de2435f03b,5.92081,1.6474848,0.508985,4.27332522064209,Patch transformer,SNV + patches(16)
K,180,1,2,bb2b9ee9ac79c823e1dc36e624f6baa3,0.159087421351476,0.551035,0.508985,-0.3919475656213328,Patch transformer,SNV + patches(16)
K,180,1,2,5e679b2fd98577dbf032a322e04b7cc1,0.21227,0.41993657,0.508985,-0.20766656754493715,Patch transformer,SNV + patches(16)
K,180,1,2,171f1950c34fade461d8f31ec7b541aa,0.459870070080311,0.7454228,0.508985,-0.28555271043345243,Patch transformer,SNV + patches(16)
K,180,1,2,9f4339b931b43a42fdc3ae24748e93c4,2.16142,0.6784422,0.508985,1.4829778198432924,Patch transformer,SNV + patches(16)
K,180,1,2,a54c94d278344e81ad0267025f57fa43,0.0,0.6377734,0.508985,-0.6377733945846558,Patch transformer,SNV + patches(16)
K,180,1,2,528c525f69e9c41adb90f71d886f5cbd,0.09732,1.5298359,0.508985,-1.4325159394073486,Patch transformer,SNV + patches(16)
K,180,1,2,bb4c7754e2857cd8e7b6fea4c3f2e3b4,1.33612972530564,1.5439029,0.508985,-0.20777314868728003,Patch transformer,SNV + patches(16)
K,180,1,2,65751894b2651a4ea9150d001b6b269a,0.46026,0.6084104,0.508985,-0.14815041803359985,Patch transformer,SNV + patches(16)
K,180,1,2,c114fd7deae42087498cb7edadae9168,0.15672,0.284039,0.508985,-0.1273189907360077,Patch transformer,SNV + patches(16)
K,180,1,2,4b5527f2f6619045c4fcbd25d4e42ad4,1.65993145429434,1.1253914,0.508985,0.5345400901967448,Patch transformer,SNV + patches(16)
K,180,1,2,f917123e0bedd68406229288befd3fb1,1.36008,0.5909571,0.508985,0.7691228948402404,Patch transformer,SNV + patches(16)
K,180,1,2,412f2f1d138f9c0f1ba8e2da980c5ea9,0.18582,1.0706671,0.508985,-0.8848471476364136,Patch transformer,SNV + patches(16)
K,180,1,2,bc720b9a91a11919f13be41af81568b3,0.14689,0.36852035,0.508985,-0.2216303492641449,Patch transformer,SNV + patches(16)
K,180,1,2,8516cee2d21933ae7a35b62e39db7c95,0.24685,0.43500328,0.508985,-0.18815328063964842,Patch transformer,SNV + patches(16)
K,180,1,2,12eabe86c6939f157f4d47945debbe71,0.26553,1.0230651,0.508985,-0.7575350901794433,Patch transformer,SNV + patches(16)
K,180,1,2,51c963bad01d047d23f6b6921cf5a237,0.04287,0.74883264,0.508985,-0.705962643032074,Patch transformer,SNV + patches(16)
K,180,1,2,2d38365df4243154e4b37a0277ff8dda,0.39801,0.5076823,0.508985,-0.10967232345581057,Patch transformer,SNV + patches(16)
K,180,1,2,0a93017d626f4095956e86db556c0ced,0.19489487953348,0.22768493,0.508985,-0.03279005043344657,Patch transformer,SNV + patches(16)
K,180,1,2,3113166f7ea9a3a4a023a38385430e49,0.63403,0.46768388,0.508985,0.166346118478775,Patch transformer,SNV + patches(16)
K,180,1,2,6a01a50ec5c840206413f752d8222fa0,0.0,0.5809449,0.508985,-0.5809448957443237,Patch transformer,SNV + patches(16)
K,180,1,2,1ca5fbcad50377b3ef0efb63f3e6e73f,0.02306,1.7604623,0.508985,-1.7374022840881347,Patch transformer,SNV + patches(16)
K,180,1,2,89dc66b8bc31070a6770a8388238c48b,0.65385,1.6455907,0.508985,-0.9917406629562378,Patch transformer,SNV + patches(16)
K,180,1,2,9453f1f17dd36bfa9c4e50dfcf35adcb,0.2258,0.4521676,0.508985,-0.2263676003932953,Patch transformer,SNV + patches(16)
K,180,1,2,482f5898758113a5bcc30e6f3304d3a8,1.84126,0.90917325,0.508985,0.9320867498016356,Patch transformer,SNV + patches(16)
K,180,1,2,835faa4734d7161a1f458abd6e263e44,3.99456,0.9916465,0.508985,3.0029134717559813,Patch transformer,SNV + patches(16)
K,180,1,2,67196c55bbf3b9549498e1187ccf73f5,0.74173,1.8442062,0.508985,-1.1024762139511108,Patch transformer,SNV + patches(16)
K,180,1,2,8002e7ca727acbcc3c403f2bbef73738,0.0952,0.5392239,0.508985,-0.44402390937805175,Patch transformer,SNV + patches(16)
K,180,1,2,9693aafcf7311fc46484eb7fc37fd897,0.12934,1.5741706,0.508985,-1.4448305894470215,Patch transformer,SNV + patches(16)
K,180,1,2,5e5aad2f39784526c92d9e9f3d6a1004,0.81111,1.0656576,0.508985,-0.2545476156616211,Patch transformer,SNV + patches(16)
K,180,1,2,4f91e748e08d3dca1356b09bbf1c7ca6,0.42809,0.26931322,0.508985,0.1587767837905884,Patch transformer,SNV + patches(16)
N,180,1,3,7a9bac2ad491995c7f729047a2e1c164,0.10812,0.10610791,0.154735,0.0020120870423316894,Patch transformer,SNV + patches(16)
N,180,1,3,9e4373497959b939f4f7b4124dec6a45,0.15156,0.1386859,0.154735,0.01287410300731659,Patch transformer,SNV + patches(16)
N,180,1,3,b06ef2ff977073c8a423f935c3707702,0.06205,0.044477805,0.154735,0.017572194504737855,Patch transformer,SNV + patches(16)
N,180,1,3,d88174e63b46494814d55c01e91daaa4,0.19,0.28415087,0.154735,-0.0941508686542511,Patch transformer,SNV + patches(16)
N,180,1,3,8faafffca19a188f3f01a1a80045ee3e,0.03417,0.38948798,0.154735,-0.35531798179626467,Patch transformer,SNV + patches(16)
N,180,1,3,3ca44ead31d5008f64e0eaa2fb229b3b,0.58748,0.04297563,0.154735,0.5445043693888187,Patch transformer,SNV + patches(16)
N,180,1,3,d246ecb2db1de88b809710d98456b02c,0.97178,0.84735626,0.154735,0.12442374017715452,Patch transformer,SNV + patches(16)
N,180,1,3,e9a496477ff32b111ac8ef1f6448dec9,0.05318,0.12185894,0.154735,-0.06867893952846527,Patch transformer,SNV + patches(16)
N,180,1,3,079007847c148f48771780a23bd5ed7a,0.0441,0.16854495,0.154735,-0.1244449481010437,Patch transformer,SNV + patches(16)
N,180,1,3,4289af3d036f7da61dcf2aceb651ad36,1.32755,1.6811681,0.154735,-0.3536180793762207,Patch transformer,SNV + patches(16)
N,180,1,3,0a28321e068f9a8574a41d937943e9f7,0.12,0.23441285,0.154735,-0.11441284894943238,Patch transformer,SNV + patches(16)
N,180,1,3,b126dd4e0d98b6b6fb3513d7fd0b0e54,0.05034,0.10232242,0.154735,-0.05198242196798324,Patch transformer,SNV + patches(16)
N,180,1,3,978c2fda07a9b6177057274456692be8,0.03702,0.21151052,0.154735,-0.17449052415370941,Patch transformer,SNV + patches(16)
N,180,1,3,e784b262bfa3de6b8cd330d659ebf5df,2.43981,2.136137,0.154735,0.30367299133300785,Patch transformer,SNV + patches(16)
N,180,1,3,91856508a369ec5688e2685702e11344,0.11,0.12173173,0.154735,-0.011731728315353393,Patch transformer,SNV + patches(16)
N,180,1,3,4ccdbf99991f857d8a412338b6fa9953,0.36991,0.07829628,0.154735,0.29161371860265733,Patch transformer,SNV + patches(16)
N,180,1,3,067033af0210e9360e25de3dc9de9ccd,0.06407,0.07088382,0.154735,-0.006813817970752714,Patch transformer,SNV + patches(16)
N,180,1,3,f1e6f9a39db8847f9d921dd6d79d1e1b,2.67729,2.0249264,0.154735,0.6523635759735109,Patch transformer,SNV + patches(16)
N,180,1,3,328c4887da84c3235af4cd24a7529fd2,0.02491,0.07970347,0.154735,-0.054793472554683684,Patch transformer,SNV + patches(16)
N,180,1,3,9bd8d4d5efc849ccca622c214e38d240,0.80567,1.5078266,0.154735,-0.702156566696167,Patch transformer,SNV + patches(16)
N,180,1,3,8128d56631a7f6447e40e74dc11ff064,0.25415,0.2210509,0.154735,0.03309909679889678,Patch transformer,SNV + patches(16)
N,180,1,3,db31232f97981b49ca2c8c2957caf340,0.31662,0.18133493,0.154735,0.1352850723218918,Patch transformer,SNV + patches(16)
N,180,1,3,015d0847da9241dc820978eea55a4883,0.09935,0.49547252,0.154735,-0.3961225205898285,Patch transformer,SNV + patches(16)
N,180,1,3,22c715f706441403720a9cb73e8cfb59,0.16604,0.20755686,0.154735,-0.041516858658790595,Patch transformer,SNV + patches(16)
N,180,1,3,ac9c0c9a47b3a9b990facc143484820e,0.02002,0.12945496,0.154735,-0.10943495545864106,Patch transformer,SNV + patches(16)
N,180,1,3,8daf73eec2547589fe10f40775740202,0.02003,0.09494374,0.154735,-0.07491373947381974,Patch transformer,SNV + patches(16)
N,180,1,3,602ae701fbefa56dafe6dbdca1e75ccc,0.29515,0.17139372,0.154735,0.12375627770423892,Patch transformer,SNV + patches(16)
N,180,1,3,6b2b1feff51712d72da0ba274cba6bad,0.60882,1.5076268,0.154735,-0.8988067719268799,Patch transformer,SNV + patches(16)
N,180,1,3,b40e079751b59225cd8a0fdcf646e5d5,0.63714,1.0466367,0.154735,-0.40949670063018795,Patch transformer,SNV + patches(16)
N,180,1,3,2e821520c82f3003ef30fa4ce2d5d62f,0.67914,1.4995631,0.154735,-0.8204230979537964,Patch transformer,SNV + patches(16)
N,180,1,3,8d9599912269312b6363bb7be5efb7c5,0.03948,0.08598446,0.154735,-0.04650446100950241,Patch transformer,SNV + patches(16)
N,180,1,3,3e902c9e02a828df1bf213a5ca1e89f4,0.08421,0.1557864,0.154735,-0.07157639507293702,Patch transformer,SNV + patches(16)
N,180,1,3,f853e809c26dcde2f67fe948180eee31,0.10191,0.1248033,0.154735,-0.022893297221660613,Patch transformer,SNV + patches(16)
N,180,1,3,d5951edf1450b1cf3ec2f257f14b7b83,0.03787,0.21889555,0.154735,-0.1810255545425415,Patch transformer,SNV + patches(16)
N,180,1,3,564495f729adafaf675ee60508af6972,0.01136,0.082566716,0.154735,-0.07120671577692032,Patch transformer,SNV + patches(16)
N,180,1,3,fbcc4c6effaa7272a5f83fa6d42086aa,0.08878,0.14334889,0.154735,-0.05456888756275177,Patch transformer,SNV + patches(16)
P,180,1,3,7a9bac2ad491995c7f729047a2e1c164,101.44149,4.780095,4.92966,96.66139489959717,Patch transformer,SNV + patches(16)
P,180,1,3,9e4373497959b939f4f7b4124dec6a45,24.06916,4.4696946,4.92966,19.5994653855896,Patch transformer,SNV + patches(16)
P,180,1,3,b06ef2ff977073c8a423f935c3707702,8.76614,2.9041448,4.92966,5.861995236053467,Patch transformer,SNV + patches(16)
P,180,1,3,d88174e63b46494814d55c01e91daaa4,25.3,19.816856,4.92966,5.483143615722657,Patch transformer,SNV + patches(16)
P,180,1,3,8faafffca19a188f3f01a1a80045ee3e,0.97178,40.38333,4.92966,-39.41155129882812,Patch transformer,SNV + patches(16)
P,180,1,3,3ca44ead31d5008f64e0eaa2fb229b3b,13.58879,2.1361856,4.92966,11.45260435394287,Patch transformer,SNV + patches(16)
P,180,1,3,d246ecb2db1de88b809710d98456b02c,10.01707,34.269146,4.92966,-24.25207596557617,Patch transformer,SNV + patches(16)
P,180,1,3,e9a496477ff32b111ac8ef1f6448dec9,0.92289,6.60646,4.92966,-5.6835700944519045,Patch transformer,SNV + patches(16)
P,180,1,3,079007847c148f48771780a23bd5ed7a,42.7773,10.204709,4.92966,32.572590946960446,Patch transformer,SNV + patches(16)
P,180,1,3,4289af3d036f7da61dcf2aceb651ad36,5.20023,7.7941675,4.92966,-2.5939375186157223,Patch transformer,SNV + patches(16)
P,180,1,3,0a28321e068f9a8574a41d937943e9f7,0.0,12.491725,4.92966,-12.491724967956543,Patch transformer,SNV + patches(16)
P,180,1,3,b126dd4e0d98b6b6fb3513d7fd0b0e54,28.69688,2.6078303,4.92966,26.089049713974,Patch transformer,SNV + patches(16)
P,180,1,3,978c2fda07a9b6177057274456692be8,4.33353,8.249895,4.92966,-3.9163650958251957,Patch transformer,SNV + patches(16)
P,180,1,3,e784b262bfa3de6b8cd330d659ebf5df,3.98972,9.503159,4.92966,-5.513438569335937,Patch transformer,SNV + patches(16)
P,180,1,3,91856508a369ec5688e2685702e11344,13.6,4.695789,4.92966,8.904211139678955,Patch transformer,SNV + patches(16)
P,180,1,3,4ccdbf99991f857d8a412338b6fa9953,37.34343,2.377411,4.92966,34.96601911132812,Patch transformer,SNV + patches(16)
P,180,1,3,067033af0210e9360e25de3dc9de9ccd,23.43699,3.020702,4.92966,20.416288114776613,Patch transformer,SNV + patches(16)
P,180,1,3,f1e6f9a39db8847f9d921dd6d79d1e1b,39.92523,8.175685,4.92966,31.749545071105956,Patch transformer,SNV + patches(16)
P,180,1,3,328c4887da84c3235af4cd24a7529fd2,7.64039,2.3654366,4.92966,5.274953446044922,Patch transformer,SNV + patches(16)
P,180,1,3,9bd8d4d5efc849ccca622c214e38d240,36.81465,12.527078,4.92966,24.287572325134278,Patch transformer,SNV + patches(16)
P,180,1,3,8128d56631a7f6447e40e74dc11ff064,4.12422,12.699776,4.92966,-8.57555569580078,Patch transformer,SNV + patches(16)
P,180,1,3,db31232f97981b49ca2c8c2957caf340,2.69396,9.732087,4.92966,-7.038127135314941,Patch transformer,SNV + patches(16)
P,180,1,3,015d0847da9241dc820978eea55a4883,42.99017,51.27036,4.92966,-8.280189039306642,Patch transformer,SNV + patches(16)
P,180,1,3,22c715f706441403720a9cb73e8cfb59,46.17486,11.552796,4.92966,34.622063636169436,Patch transformer,SNV + patches(16)
P,180,1,3,ac9c0c9a47b3a9b990facc143484820e,0.46548,4.475186,4.92966,-4.009705871124267,Patch transformer,SNV + patches(16)
P,180,1,3,8daf73eec2547589fe10f40775740202,5.89964,2.1239476,4.92966,3.775692379608154,Patch transformer,SNV + patches(16)
P,180,1,3,602ae701fbefa56dafe6dbdca1e75ccc,4.76923,7.7050886,4.92966,-2.93585861541748,Patch transformer,SNV + patches(16)
P,180,1,3,6b2b1feff51712d72da0ba274cba6bad,2.43009,9.8882,4.92966,-7.458109806213379,Patch transformer,SNV + patches(16)
P,180,1,3,b40e079751b59225cd8a0fdcf646e5d5,17.13148,44.77223,4.92966,-27.640748240966797,Patch transformer,SNV + patches(16)
P,180,1,3,2e821520c82f3003ef30fa4ce2d5d62f,35.33599,7.906772,4.92966,27.42921786331177,Patch transformer,SNV + patches(16)
P,180,1,3,8d9599912269312b6363bb7be5efb7c5,0.2207,1.8469027,4.92966,-1.6262027280807496,Patch transformer,SNV + patches(16)
P,180,1,3,3e902c9e02a828df1bf213a5ca1e89f4,5.97009,7.804823,4.92966,-1.8347329217529298,Patch transformer,SNV + patches(16)
P,180,1,3,f853e809c26dcde2f67fe948180eee31,0.0,6.060089,4.92966,-6.060089111328125,Patch transformer,SNV + patches(16)
P,180,1,3,d5951edf1450b1cf3ec2f257f14b7b83,1.02045,20.193903,4.92966,-19.17345296936035,Patch transformer,SNV + patches(16)
P,180,1,3,564495f729adafaf675ee60508af6972,4.85062,4.652281,4.92966,0.19833919250488297,Patch transformer,SNV + patches(16)
P,180,1,3,fbcc4c6effaa7272a5f83fa6d42086aa,0.16104,5.571427,4.92966,-5.410386868438721,Patch transformer,SNV + patches(16)
K,180,1,3,7a9bac2ad491995c7f729047a2e1c164,4.16829,1.0067583,0.4205093979231675,3.1615316677474974,Patch transformer,SNV + patches(16)
K,180,1,3,9e4373497959b939f4f7b4124dec6a45,0.57669,0.3462109,0.4205093979231675,0.23047910303115848,Patch transformer,SNV + patches(16)
K,180,1,3,b06ef2ff977073c8a423f935c3707702,4.67686,0.5901215,0.4205093979231675,4.086738492355346,Patch transformer,SNV + patches(16)
K,180,1,3,d88174e63b46494814d55c01e91daaa4,0.95145531740754,1.5064406,0.4205093979231675,-0.5549853220883096,Patch transformer,SNV + patches(16)
K,180,1,3,8faafffca19a188f3f01a1a80045ee3e,0.63937,2.1472812,0.4205093979231675,-1.5079111698913574,Patch transformer,SNV + patches(16)
K,180,1,3,3ca44ead31d5008f64e0eaa2fb229b3b,0.93749,0.5130285,0.4205093979231675,0.4244614975357056,Patch transformer,SNV + patches(16)
K,180,1,3,d246ecb2db1de88b809710d98456b02c,4.54015,1.63777,0.4205093979231675,2.9023799432754513,Patch transformer,SNV + patches(16)
K,180,1,3,e9a496477ff32b111ac8ef1f6448dec9,0.4578,1.0035894,0.4205093979231675,-0.545789391708374,Patch transformer,SNV + patches(16)
K,180,1,3,079007847c148f48771780a23bd5ed7a,12.51361,1.380021,0.4205093979231675,11.13358902393341,Patch transformer,SNV + patches(16)
K,180,1,3,4289af3d036f7da61dcf2aceb651ad36,0.24695,0.7832374,0.4205093979231675,-0.5362873976707458,Patch transformer,SNV + patches(16)
K,180,1,3,0a28321e068f9a8574a41d937943e9f7,3.52805770116118,1.395067,0.4205093979231675,2.1329907246139386,Patch transformer,SNV + patches(16)
K,180,1,3,b126dd4e0d98b6b6fb3513d7fd0b0e54,0.0686,0.18018731,0.4205093979231675,-0.11158731474876404,Patch transformer,SNV + patches(16)
K,180,1,3,978c2fda07a9b6177057274456692be8,0.07354,0.9432404,0.4205093979231675,-0.8697004041290284,Patch transformer,SNV + patches(16)
K,180,1,3,e784b262bfa3de6b8cd330d659ebf5df,5.32119,1.2628497,0.4205093979231675,4.058340311470031,Patch transformer,SNV + patches(16)
K,180,1,3,91856508a369ec5688e2685702e11344,0.627653588418845,0.83086216,0.4205093979231675,-0.2032085760785305,Patch transformer,SNV + patches(16)
K,180,1,3,4ccdbf99991f857d8a412338b6fa9953,0.83541,0.85109174,0.4205093979231675,-0.01568174251556398,Patch transformer,SNV + patches(16)
K,180,1,3,067033af0210e9360e25de3dc9de9ccd,1.49811,0.5370828,0.4205093979231675,0.9610272086715699,Patch transformer,SNV + patches(16)
K,180,1,3,f1e6f9a39db8847f9d921dd6d79d1e1b,2.38386,1.3568159,0.4205093979231675,1.0270440658187865,Patch transformer,SNV + patches(16)
K,180,1,3,328c4887da84c3235af4cd24a7529fd2,1.02496,0.60655284,0.4205093979231675,0.4184071607208253,Patch transformer,SNV + patches(16)
K,180,1,3,9bd8d4d5efc849ccca622c214e38d240,6.1041,1.3392464,0.4205093979231675,4.764853607749939,Patch transformer,SNV + patches(16)
K,180,1,3,8128d56631a7f6447e40e74dc11ff064,5.60899,1.6736156,0.4205093979231675,3.9353744251632694,Patch transformer,SNV + patches(16)
K,180,1,3,db31232f97981b49ca2c8c2957caf340,0.90174,1.4211847,0.4205093979231675,-0.5194446590042114,Patch transformer,SNV + patches(16)
K,180,1,3,015d0847da9241dc820978eea55a4883,2.94586,1.8836727,0.4205093979231675,1.0621872857666017,Patch transformer,SNV + patches(16)
K,180,1,3,22c715f706441403720a9cb73e8cfb59,1.65342,0.9430178,0.4205093979231675,0.7104022192192077,Patch transformer,SNV + patches(16)
K,180,1,3,ac9c0c9a47b3a9b990facc143484820e,0.37497,0.40629962,0.4205093979231675,-0.03132962086677549,Patch transformer,SNV + patches(16)
K,180,1,3,8daf73eec2547589fe10f40775740202,0.15867,0.2457695,0.4205093979231675,-0.08709950073242187,Patch transformer,SNV + patches(16)
K,180,1,3,602ae701fbefa56dafe6dbdca1e75ccc,0.04269,0.605773,0.4205093979231675,-0.5630829721069336,Patch transformer,SNV + patches(16)
K,180,1,3,6b2b1feff51712d72da0ba274cba6bad,0.15744,0.55856115,0.4205093979231675,-0.40112114625930784,Patch transformer,SNV + patches(16)
K,180,1,3,b40e079751b59225cd8a0fdcf646e5d5,1.64217,1.5146,0.4205093979231675,0.12756996147155752,Patch transformer,SNV + patches(16)
K,180,1,3,2e821520c82f3003ef30fa4ce2d5d62f,1.04024,0.6134375,0.4205093979231675,0.42680252622604375,Patch transformer,SNV + patches(16)
K,180,1,3,8d9599912269312b6363bb7be5efb7c5,0.1872,0.23551913,0.4205093979231675,-0.04831912605762481,Patch transformer,SNV + patches(16)
K,180,1,3,3e902c9e02a828df1bf213a5ca1e89f4,0.33477,1.3565394,0.4205093979231675,-1.0217693686294556,Patch transformer,SNV + patches(16)
K,180,1,3,f853e809c26dcde2f67fe948180eee31,0.51267,0.7836587,0.4205093979231675,-0.27098868330001835,Patch transformer,SNV + patches(16)
K,180,1,3,d5951edf1450b1cf3ec2f257f14b7b83,0.75014,1.7268153,0.4205093979231675,-0.9766753429031372,Patch transformer,SNV + patches(16)
K,180,1,3,564495f729adafaf675ee60508af6972,2.9393,0.8510201,0.4205093979231675,2.088279902267456,Patch transformer,SNV + patches(16)
K,180,1,3,fbcc4c6effaa7272a5f83fa6d42086aa,0.22771,0.95991,0.4205093979231675,-0.7321999755287171,Patch transformer,SNV + patches(16)
N,180,1,4,836e490b36d38c7ede978670a87f373c,0.11,0.085526645,0.12193499999999999,0.024473354816436768,Patch transformer,SNV + patches(16)
N,180,1,4,9bf40fbc33c25dcf39d7b57bd6fc29b0,0.01018,0.114679426,0.12193499999999999,-0.10449942595481873,Patch transformer,SNV + patches(16)
N,180,1,4,98f2650032d8e2784cfef807bd8eb1db,0.07,0.030024901,0.12193499999999999,0.03997509896755219,Patch transformer,SNV + patches(16)
N,180,1,4,01fc386431af7ef46743dcb5fd1b13bd,1.05686,1.2173712,0.12193499999999999,-0.16051122535705575,Patch transformer,SNV + patches(16)
N,180,1,4,81228fd19ca25eb008810fdd04a25070,0.04,0.0658673,0.12193499999999999,-0.02586729735136032,Patch transformer,SNV + patches(16)
N,180,1,4,93d8af16cc306e2d3077e97a5d39e234,2.72532,1.8266205,0.12193499999999999,0.8986995404434204,Patch transformer,SNV + patches(16)
N,180,1,4,d0d71d3eccc407738b0ae371f32a31a0,0.30446,0.11466178,0.12193499999999999,0.1897982170200348,Patch transformer,SNV + patches(16)
N,180,1,4,4398ab81f3375b3c43861282040717d5,0.03458,0.07488742,0.12193499999999999,-0.04030741725683212,Patch transformer,SNV + patches(16)
N,180,1,4,4859dec60a5e518c6ae010e360aaa43f,0.03016,0.066299744,0.12193499999999999,-0.036139743950366975,Patch transformer,SNV + patches(16)
N,180,1,4,ffbc4e924a3077f384897fd6871fc289,2.57356,1.5407495,0.12193499999999999,1.0328104501342774,Patch transformer,SNV + patches(16)
N,180,1,4,f02d4e1a64456f33400e40f783eb26d5,0.85314,1.3468804,0.12193499999999999,-0.4937404359436035,Patch transformer,SNV + patches(16)
N,180,1,4,bc9350958e979068ecea1ca1db7a83d1,1.16226,0.061952945,0.12193499999999999,1.100307055155039,Patch transformer,SNV + patches(16)
N,180,1,4,7a0bcf7b6758d64ae465ec2de6bb2557,0.0240063300376648,0.071188316,0.12193499999999999,-0.047181985711503595,Patch transformer,SNV + patches(16)
N,180,1,4,6f24783cbf17d29281c411994b2b8667,0.02018,0.10564456,0.12193499999999999,-0.08546456135034561,Patch transformer,SNV + patches(16)
N,180,1,4,00ad9f84382666ab26588a10f3c86dd3,0.15311,0.03364351,0.12193499999999999,0.11946648980736732,Patch transformer,SNV + patches(16)
N,180,1,4,412cbf2c090f0135a2dd7d26a16ac46b,0.25,0.1330954,0.12193499999999999,0.1169046014547348,Patch transformer,SNV + patches(16)
N,180,1,4,f06bd68c23c44d9438ebcce434d51810,2.54688,1.8972995,0.12193499999999999,0.6495804718780516,Patch transformer,SNV + patches(16)
N,180,1,4,277863bfb0bccfdf32cbf71d40f4adda,0.3046,0.23954228,0.12193499999999999,0.06505772433280943,Patch transformer,SNV + patches(16)
N,180,1,4,7feb20905e9f4efc12ce8a1557489993,1.24672,1.2935592,0.12193499999999999,-0.04683919361114497,Patch transformer,SNV + patches(16)
N,180,1,4,dea143ad50e70eee95b6c98591c145f7,0.07818,0.10644519,0.12193499999999999,-0.02826519329071045,Patch transformer,SNV + patches(16)
N,180,1,4,89665c00349498e053950cff51fef46b,0.20247,0.24219789,0.12193499999999999,-0.0397278861093521,Patch transformer,SNV + patches(16)
N,180,1,4,2763015fcb5add9733f51b583da845a7,0.2698,0.19035567,0.12193499999999999,0.07944432656764983,Patch transformer,SNV + patches(16)
N,180,1,4,0264138a7644659aad5d4b1284513788,1.41907,1.6229526,0.12193499999999999,-0.20388258045196528,Patch transformer,SNV + patches(16)
N,180,1,4,16086e9e9b15d8bc7c4389c147cca76a,0.01541,0.008874582,0.12193499999999999,0.006535417873263359,Patch transformer,SNV + patches(16)
N,180,1,4,a31d352f1721ec6c85212615b482d380,0.2037,0.320754,0.12193499999999999,-0.11705399160385133,Patch transformer,SNV + patches(16)
N,180,1,4,fac936a0280a8651275c3535754482cc,0.19222,0.02817934,0.12193499999999999,0.1640406599354744,Patch transformer,SNV + patches(16)
N,180,1,4,11cd06e062f9b0d24d6aa2e33f794262,0.86703,0.5677893,0.12193499999999999,0.2992406838226318,Patch transformer,SNV + patches(16)
N,180,1,4,2715e22241ff0bbea31ba46239f09e6e,0.09125,0.04315341,0.12193499999999999,0.04809659108519554,Patch transformer,SNV + patches(16)
N,180,1,4,a2a76efe45d6f7b6587d20f73b279f40,0.37338,0.033486817,0.12193499999999999,0.3398931829679012,Patch transformer,SNV + patches(16)
N,180,1,4,0b8f88e9a2d3336d7afc197291e928a0,0.01008,0.0636672,0.12193499999999999,-0.05358720050573349,Patch transformer,SNV + patches(16)
N,180,1,4,7f58a753ed28597074848ce4f7858b3e,0.24,0.2164427,0.12193499999999999,0.023557295799255362,Patch transformer,SNV + patches(16)
N,180,1,4,bcbcaac310de1aeefcdf0b9d9055ebe1,0.43833,0.06533764,0.12193499999999999,0.3729923569726944,Patch transformer,SNV + patches(16)
N,180,1,4,150125e53673d96a235ce58eb2271728,0.2276,0.04533355,0.12193499999999999,0.18226645061969757,Patch transformer,SNV + patches(16)
N,180,1,4,6943256023af3f32868a8d33550aeae9,0.0833,0.09245677,0.12193499999999999,-0.009156772923469544,Patch transformer,SNV + patches(16)
N,180,1,4,b094a57054220e1285c9fa037c85881c,0.08137,0.019012079,0.12193499999999999,0.062357921357154844,Patch transformer,SNV + patches(16)
N,180,1,4,a269ef5b2e8943e92cbc4064db60fb50,0.33118,0.117543355,0.12193499999999999,0.2136366453695297,Patch transformer,SNV + patches(16)
P,180,1,4,836e490b36d38c7ede978670a87f373c,0.0,2.5975645,6.25184,-2.597564458847046,Patch transformer,SNV + patches(16)
P,180,1,4,9bf40fbc33c25dcf39d7b57bd6fc29b0,0.0,4.0716796,6.25184,-4.071679592132568,Patch transformer,SNV + patches(16)
P,180,1,4,98f2650032d8e2784cfef807bd8eb1db,0.0,2.146434,6.25184,-2.1464340686798096,Patch transformer,SNV + patches(16)
P,180,1,4,01fc386431af7ef46743dcb5fd1b13bd,22.68916,13.108657,6.25184,9.580503116760255,Patch transformer,SNV + patches(16)
P,180,1,4,81228fd19ca25eb008810fdd04a25070,16.5,1.8496275,6.25184,14.650372505187988,Patch transformer,SNV + patches(16)
P,180,1,4,93d8af16cc306e2d3077e97a5d39e234,6.95761,12.0677395,6.25184,-5.110129486694336,Patch transformer,SNV + patches(16)
P,180,1,4,d0d71d3eccc407738b0ae371f32a31a0,11.57805,5.228377,6.25184,6.349673134613036,Patch transformer,SNV + patches(16)
P,180,1,4,4398ab81f3375b3c43861282040717d5,2.80889,3.0043607,6.25184,-0.1954706758117677,Patch transformer,SNV + patches(16)
P,180,1,4,4859dec60a5e518c6ae010e360aaa43f,2.1068,2.5539029,6.25184,-0.447102864456177,Patch transformer,SNV + patches(16)
P,180,1,4,ffbc4e924a3077f384897fd6871fc289,49.3044,12.086366,6.25184,37.218034300231935,Patch transformer,SNV + patches(16)
P,180,1,4,f02d4e1a64456f33400e40f783eb26d5,0.98723,11.884779,6.25184,-10.89754897644043,Patch transformer,SNV + patches(16)
P,180,1,4,bc9350958e979068ecea1ca1db7a83d1,2.842,1.7701962,6.25184,1.0718038005828858,Patch transformer,SNV + patches(16)
P,180,1,4,7a0bcf7b6758d64ae465ec2de6bb2557,0.0748644130571245,3.7268224,6.25184,-3.6519579631940964,Patch transformer,SNV + patches(16)
P,180,1,4,6f24783cbf17d29281c411994b2b8667,10.8351,6.977255,6.25184,3.8578451324462897,Patch transformer,SNV + patches(16)
P,180,1,4,00ad9f84382666ab26588a10f3c86dd3,0.69319,1.7834911,6.25184,-1.0903011346435547,Patch transformer,SNV + patches(16)
P,180,1,4,412cbf2c090f0135a2dd7d26a16ac46b,0.0,3.9470184,6.25184,-3.9470183849334717,Patch transformer,SNV + patches(16)
P,180,1,4,f06bd68c23c44d9438ebcce434d51810,0.61832,12.19608,6.25184,-11.577760207824706,Patch transformer,SNV + patches(16)
P,180,1,4,277863bfb0bccfdf32cbf71d40f4adda,10.04155,8.410314,6.25184,1.6312363937377938,Patch transformer,SNV + patches(16)
P,180,1,4,7feb20905e9f4efc12ce8a1557489993,4.10143,11.758798,6.25184,-7.657367645568848,Patch transformer,SNV + patches(16)
P,180,1,4,dea143ad50e70eee95b6c98591c145f7,0.88329,5.0733576,6.25184,-4.1900675820922855,Patch transformer,SNV + patches(16)
P,180,1,4,89665c00349498e053950cff51fef46b,20.4891,10.176615,6.25184,10.312485238647461,Patch transformer,SNV + patches(16)
P,180,1,4,2763015fcb5add9733f51b583da845a7,17.03142,6.314571,6.25184,10.716849096221924,Patch transformer,SNV + patches(16)
P,180,1,4,0264138a7644659aad5d4b1284513788,40.53389,12.46296,6.25184,28.070929756774902,Patch transformer,SNV + patches(16)
P,180,1,4,16086e9e9b15d8bc7c4389c147cca76a,7.10108,4.212171,6.25184,2.888908922271728,Patch transformer,SNV + patches(16)
P,180,1,4,a31d352f1721ec6c85212615b482d380,2.66839,13.952932,6.25184,-11.284542357788085,Patch transformer,SNV + patches(16)
P,180,1,4,fac936a0280a8651275c3535754482cc,2.12555,2.3087056,6.25184,-0.18315556831359858,Patch transformer,SNV + patches(16)
P,180,1,4,11cd06e062f9b0d24d6aa2e33f794262,5.91986,13.084217,6.25184,-7.164357071533203,Patch transformer,SNV + patches(16)
P,180,1,4,2715e22241ff0bbea31ba46239f09e6e,0.64005,2.3981745,6.25184,-1.758124524307251,Patch transformer,SNV + patches(16)
P,180,1,4,a2a76efe45d6f7b6587d20f73b279f40,1.29892,2.2728755,6.25184,-0.9739555474090575,Patch transformer,SNV + patches(16)
P,180,1,4,0b8f88e9a2d3336d7afc197291e928a0,0.95471,2.1569118,6.25184,-1.202201849975586,Patch transformer,SNV + patches(16)
P,180,1,4,7f58a753ed28597074848ce4f7858b3e,0.0,6.7794957,6.25184,-6.779495716094971,Patch transformer,SNV + patches(16)
P,180,1,4,bcbcaac310de1aeefcdf0b9d9055ebe1,6.2358,3.0577435,6.25184,3.1780564506530764,Patch transformer,SNV + patches(16)
P,180,1,4,150125e53673d96a235ce58eb2271728,16.24421,2.0225096,6.25184,14.221700425109862,Patch transformer,SNV + patches(16)
P,180,1,4,6943256023af3f32868a8d33550aeae9,0.91276,2.9850905,6.25184,-2.0723304941558838,Patch transformer,SNV + patches(16)
P,180,1,4,b094a57054220e1285c9fa037c85881c,1.27554,2.176227,6.25184,-0.90068709274292,Patch transformer,SNV + patches(16)
P,180,1,4,a269ef5b2e8943e92cbc4064db60fb50,16.35847,6.7692323,6.25184,9.589237726898194,Patch transformer,SNV + patches(16)
K,180,1,4,836e490b36d38c7ede978670a87f373c,2.96076525653486,0.8467348,0.46083233771548404,2.1140304347384427,Patch transformer,SNV + patches(16)
K,180,1,4,9bf40fbc33c25dcf39d7b57bd6fc29b0,0.0,0.53577006,0.46083233771548404,-0.535770058631897,Patch transformer,SNV + patches(16)
K,180,1,4,98f2650032d8e2784cfef807bd8eb1db,0.419458795846335,0.15808211,0.46083233771548404,0.26137668317639023,Patch transformer,SNV + patches(16)
K,180,1,4,01fc386431af7ef46743dcb5fd1b13bd,0.39992,0.854192,0.46083233771548404,-0.45427201850891114,Patch transformer,SNV + patches(16)
K,180,1,4,81228fd19ca25eb008810fdd04a25070,1.17755383907105,0.62517554,0.46083233771548404,0.5523783033921865,Patch transformer,SNV + patches(16)
K,180,1,4,93d8af16cc306e2d3077e97a5d39e234,0.13713,1.3840469,0.46083233771548404,-1.2469169121932984,Patch transformer,SNV + patches(16)
K,180,1,4,d0d71d3eccc407738b0ae371f32a31a0,1.4833,0.12161139,0.46083233771548404,1.3616886134624482,Patch transformer,SNV + patches(16)
K,180,1,4,4398ab81f3375b3c43861282040717d5,0.02356,0.107742265,0.46083233771548404,-0.08418226486682892,Patch transformer,SNV + patches(16)
K,180,1,4,4859dec60a5e518c6ae010e360aaa43f,0.0,-0.030955888,0.46083233771548404,0.030955888330936432,Patch transformer,SNV + patches(16)
K,180,1,4,ffbc4e924a3077f384897fd6871fc289,2.10904,1.0302271,0.46083233771548404,1.078812934913635,Patch transformer,SNV + patches(16)
K,180,1,4,f02d4e1a64456f33400e40f783eb26d5,0.26567,0.68733984,0.46083233771548404,-0.4216698423194885,Patch transformer,SNV + patches(16)
K,180,1,4,bc9350958e979068ecea1ca1db7a83d1,1.64686,0.86273205,0.46083233771548404,0.7841279471969604,Patch transformer,SNV + patches(16)
K,180,1,4,7a0bcf7b6758d64ae465ec2de6bb2557,0.0891813238371841,0.13940123,0.46083233771548404,-0.05021990339860996,Patch transformer,SNV + patches(16)
K,180,1,4,6f24783cbf17d29281c411994b2b8667,1.76538,0.535211,0.46083233771548404,1.2301689733314514,Patch transformer,SNV + patches(16)
K,180,1,4,00ad9f84382666ab26588a10f3c86dd3,1.22904,1.1911535,0.46083233771548404,0.03788647369384757,Patch transformer,SNV + patches(16)
K,180,1,4,412cbf2c090f0135a2dd7d26a16ac46b,1.23740344774669,0.095464244,0.46083233771548404,1.1419392032617885,Patch transformer,SNV + patches(16)
K,180,1,4,f06bd68c23c44d9438ebcce434d51810,0.13809,1.327182,0.46083233771548404,-1.1890920545196533,Patch transformer,SNV + patches(16)
K,180,1,4,277863bfb0bccfdf32cbf71d40f4adda,0.21115,0.17391033,0.46083233771548404,0.03723966529369355,Patch transformer,SNV + patches(16)
K,180,1,4,7feb20905e9f4efc12ce8a1557489993,1.59386,0.79568887,0.46083233771548404,0.7981711324310303,Patch transformer,SNV + patches(16)
K,180,1,4,dea143ad50e70eee95b6c98591c145f7,0.64382,0.15949751,0.46083233771548404,0.48432248563289637,Patch transformer,SNV + patches(16)
K,180,1,4,89665c00349498e053950cff51fef46b,0.31267,0.45470738,0.46083233771548404,-0.14203738410949707,Patch transformer,SNV + patches(16)
K,180,1,4,2763015fcb5add9733f51b583da845a7,1.82402,0.43936315,0.46083233771548404,1.3846568482112884,Patch transformer,SNV + patches(16)
K,180,1,4,0264138a7644659aad5d4b1284513788,2.32864,1.2083107,0.46083233771548404,1.1203292766952515,Patch transformer,SNV + patches(16)
K,180,1,4,16086e9e9b15d8bc7c4389c147cca76a,0.30965,0.5431606,0.46083233771548404,-0.233510617351532,Patch transformer,SNV + patches(16)
K,180,1,4,a31d352f1721ec6c85212615b482d380,1.36207,1.1884857,0.46083233771548404,0.17358425838470448,Patch transformer,SNV + patches(16)
K,180,1,4,fac936a0280a8651275c3535754482cc,1.65532,0.530848,0.46083233771548404,1.1244719737243651,Patch transformer,SNV + patches(16)
K,180,1,4,11cd06e062f9b0d24d6aa2e33f794262,2.75353,1.3898548,0.46083233771548404,1.3636752112197876,Patch transformer,SNV + patches(16)
K,180,1,4,2715e22241ff0bbea31ba46239f09e6e,0.29349,0.36963147,0.46083233771548404,-0.07614146924972537,Patch transformer,SNV + patches(16)
K,180,1,4,a2a76efe45d6f7b6587d20f73b279f40,0.04598,0.006563713,0.46083233771548404,0.03941628715723753,Patch transformer,SNV + patches(16)
K,180,1,4,0b8f88e9a2d3336d7afc197291e928a0,0.15885,0.43539658,0.46083233771548404,-0.27654658188819886,Patch transformer,SNV + patches(16)
K,180,1,4,7f58a753ed28597074848ce4f7858b3e,0.292086551741777,0.14103878,0.46083233771548404,0.15104777629774624,Patch transformer,SNV + patches(16)
K,180,1,4,bcbcaac310de1aeefcdf0b9d9055ebe1,1.39061,-0.005171411,0.46083233771548404,1.395781411205083,Patch transformer,SNV + patches(16)
K,180,1,4,150125e53673d96a235ce58eb2271728,1.7087,0.4195458,0.46083233771548404,1.2891542005062104,Patch transformer,SNV + patches(16)
K,180,1,4,6943256023af3f32868a8d33550aeae9,0.18996,-0.064854495,0.46083233771548404,0.2548144952273369,Patch transformer,SNV + patches(16)
K,180,1,4,b094a57054220e1285c9fa037c85881c,0.24863,0.21908055,0.46083233771548404,0.029549447541236867,Patch transformer,SNV + patches(16)
K,180,1,4,a269ef5b2e8943e92cbc4064db60fb50,1.03329,0.5936927,0.46083233771548404,0.4395972800636292,Patch transformer,SNV + patches(16)
N,180,1,5,fc17b30b86ceb1f8655c9db11d7ce821,2.02866,1.941305,0.152335,0.08735495868682852,Patch transformer,SNV + patches(16)
N,180,1,5,0c262891e616e18f18531bfc1e1c6da1,1.42082,1.9648217,0.152335,-0.5440016962814331,Patch transformer,SNV + patches(16)
N,180,1,5,0eeb39bc2910755db03181cf10c0c2ba,0.0,0.108462915,0.152335,-0.10846291482448578,Patch transformer,SNV + patches(16)
N,180,1,5,f9891181b6ea77c29ec998e834de145b,0.0264,0.1617178,0.152335,-0.13531780228614806,Patch transformer,SNV + patches(16)
N,180,1,5,523b42168d37da22d1ed0c7c944dd149,0.24852,0.056505986,0.152335,0.192014014441967,Patch transformer,SNV + patches(16)
N,180,1,5,64df4001f982c283885865a09fd6eff3,0.01982,-0.019023985,0.152335,0.03884398467063904,Patch transformer,SNV + patches(16)
N,180,1,5,54b1112b81624617cbf716aa39370252,0.08,0.13215487,0.152335,-0.05215486705303192,Patch transformer,SNV + patches(16)
N,180,1,5,7696cf4581ce7e708547572ae05362fe,0.61,0.4364541,0.152335,0.17354591250419615,Patch transformer,SNV + patches(16)
N,180,1,5,1565f3b97057f7672246e822e1bc19bf,0.12387,0.04152043,0.152335,0.08234956836223602,Patch transformer,SNV + patches(16)
N,180,1,5,2276802536cc180302810c965a4c5830,0.01412,0.1267449,0.152335,-0.11262489617347718,Patch transformer,SNV + patches(16)
N,180,1,5,64099e20e95e43ef712465b5b12930f1,0.08699,0.0133182015,0.152335,0.07367179847300052,Patch transformer,SNV + patches(16)
N,180,1,5,240c629cc1d23ba8c3f97fee48b615a2,0.23835,0.14838323,0.152335,0.089966770029068,Patch transformer,SNV + patches(16)
N,180,1,5,ad19edaab55210bf64a259c2181e3ede,0.14204,0.04350772,0.152335,0.09853227872490883,Patch transformer,SNV + patches(16)
N,180,1,5,2f4777b391f272e05496ed9099bcec35,0.526107186118841,0.23257095,0.152335,0.29353623990225775,Patch transformer,SNV + patches(16)
N,180,1,5,59c704cc8e2b4ee050ea8a34bff1eadd,0.33,0.20424436,0.152335,0.12575563967227937,Patch transformer,SNV + patches(16)
N,180,1,5,acb6294600446ab5967dc89680fa11b0,0.82324,0.3060497,0.152335,0.5171902954483032,Patch transformer,SNV + patches(16)
N,180,1,5,275a3116c289cc0f7710af34cfd8e8d1,0.0,0.13423678,0.152335,-0.13423678278923035,Patch transformer,SNV + patches(16)
N,180,1,5,8731720b1072c100b4ab9728cf84bfab,0.01911,0.097244136,0.152335,-0.07813413603544235,Patch transformer,SNV + patches(16)
N,180,1,5,af2035e02288855f1c88caed05e971f3,0.05097,0.14022972,0.152335,-0.0892597168970108,Patch transformer,SNV + patches(16)
N,180,1,5,8103b882b97ff175ecc061989ede5024,0.00834,0.12775439,0.152335,-0.11941439023971558,Patch transformer,SNV + patches(16)
N,180,1,5,932c33b500b4799942454d60604ed37f,0.10065,0.029392673,0.152335,0.0712573272973299,Patch transformer,SNV + patches(16)
N,180,1,5,47f2965e95d7c12e0d0ee0382f6fdbc0,0.05115,0.045821995,0.152335,0.0053280054569244395,Patch transformer,SNV + patches(16)
N,180,1,5,6077494301dad9ac26c3c08933e03b53,1.18802,2.0223546,0.152335,-0.8343346028137206,Patch transformer,SNV + patches(16)
N,180,1,5,8ebb24e5650137d830013e39431bb72f,2.28,2.018132,0.152335,0.2618680286407469,Patch transformer,SNV + patches(16)
N,180,1,5,85dd08cc078e18c4d025f95ed10ac17a,1.05399,0.45502913,0.152335,0.5989608700180054,Patch transformer,SNV + patches(16)
N,180,1,5,2f27bd23d4523bb14a09b69976fb5980,0.37747,0.57899827,0.152335,-0.20152826765060422,Patch transformer,SNV + patches(16)
N,180,1,5,35ec662104b460940a363f825351e109,0.19,0.052873403,0.152335,0.1371265971660614,Patch transformer,SNV + patches(16)
N,180,1,5,e698b52d2c065293b77fd39de18b4128,0.0242,0.05090586,0.152335,-0.026705860960483552,Patch transformer,SNV + patches(16)
N,180,1,5,e0750673861ea436b0e69bcf746ebc04,1.59034,1.8570225,0.152335,-0.2666825238800048,Patch transformer,SNV + patches(16)
N,180,1,5,2ca9c91d1d6af1cd44c72858f83c01c0,0.10133,0.007765577,0.152335,0.09356442282527686,Patch transformer,SNV + patches(16)
N,180,1,5,32f69b4168bbfd25cc69f8b75f425f0f,2.3,2.0831966,0.152335,0.21680335998535138,Patch transformer,SNV + patches(16)
N,180,1,5,32bc667fb9bb120f30a1198007bbd575,0.06053,0.15431768,0.152335,-0.09378767702102661,Patch transformer,SNV + patches(16)
N,180,1,5,2ef6218d5d2723bea486f32168ac377a,0.07181,0.17870057,0.152335,-0.10689056629180908,Patch transformer,SNV + patches(16)
N,180,1,5,4498b77faad0f41e4d301625f46bfd0e,0.18812,0.002034884,0.152335,0.18608511605381967,Patch transformer,SNV + patches(16)
N,180,1,5,10932e3ec6a286328b29c7185161062e,1.00231,1.8816488,0.152335,-0.8793387789154052,Patch transformer,SNV + patches(16)
N,180,1,5,df6c0e56d8c3d68bcdc66084d3b2ca4e,0.07079,0.110757105,0.152335,-0.039967105052471155,Patch transformer,SNV + patches(16)
P,180,1,5,fc17b30b86ceb1f8655c9db11d7ce821,37.2928,14.067382,5.22919,23.225418141174316,Patch transformer,SNV + patches(16)
P,180,1,5,0c262891e616e18f18531bfc1e1c6da1,14.71031,14.03096,5.22919,0.6793499169921873,Patch transformer,SNV + patches(16)
P,180,1,5,0eeb39bc2910755db03181cf10c0c2ba,0.23135,4.210377,5.22919,-3.9790272163391114,Patch transformer,SNV + patches(16)
P,180,1,5,f9891181b6ea77c29ec998e834de145b,4.27259,5.677596,5.22919,-1.405006092224121,Patch transformer,SNV + patches(16)
P,180,1,5,523b42168d37da22d1ed0c7c944dd149,24.46915,4.3101664,5.22919,20.158983641052245,Patch transformer,SNV + patches(16)
P,180,1,5,64df4001f982c283885865a09fd6eff3,0.40878,3.422855,5.22919,-3.0140749003601073,Patch transformer,SNV + patches(16)
P,180,1,5,54b1112b81624617cbf716aa39370252,0.0,5.19291,5.22919,-5.192910194396973,Patch transformer,SNV + patches(16)
P,180,1,5,7696cf4581ce7e708547572ae05362fe,10.5,6.6364512,5.22919,3.863548755645752,Patch transformer,SNV + patches(16)
P,180,1,5,1565f3b97057f7672246e822e1bc19bf,26.09425,3.332335,5.22919,22.761915004730223,Patch transformer,SNV + patches(16)
P,180,1,5,2276802536cc180302810c965a4c5830,0.23879,4.546187,5.22919,-4.307396923980713,Patch transformer,SNV + patches(16)
P,180,1,5,64099e20e95e43ef712465b5b12930f1,1.57458,3.7283125,5.22919,-2.1537324923706054,Patch transformer,SNV + patches(16)
P,180,1,5,240c629cc1d23ba8c3f97fee48b615a2,64.31502,4.7206507,5.22919,59.594369327087406,Patch transformer,SNV + patches(16)
P,180,1,5,ad19edaab55210bf64a259c2181e3ede,23.63223,3.2351642,5.22919,20.397065834503174,Patch transformer,SNV + patches(16)
P,180,1,5,2f4777b391f272e05496ed9099bcec35,20.5083844671796,5.184671,5.22919,15.323713542039219,Patch transformer,SNV + patches(16)
P,180,1,5,59c704cc8e2b4ee050ea8a34bff1eadd,84.4,5.76738,5.22919,78.63261976242066,Patch transformer,SNV + patches(16)
P,180,1,5,acb6294600446ab5967dc89680fa11b0,0.70999,5.835865,5.22919,-5.125875020751953,Patch transformer,SNV + patches(16)
P,180,1,5,275a3116c289cc0f7710af34cfd8e8d1,0.33786,4.122283,5.22919,-3.7844229818725585,Patch transformer,SNV + patches(16)
P,180,1,5,8731720b1072c100b4ab9728cf84bfab,1.52704,3.8204207,5.22919,-2.293380742034912,Patch transformer,SNV + patches(16)
P,180,1,5,af2035e02288855f1c88caed05e971f3,4.37028,5.5774612,5.22919,-1.207181242675781,Patch transformer,SNV + patches(16)
P,180,1,5,8103b882b97ff175ecc061989ede5024,4.12326,5.2227483,5.22919,-1.099488279571533,Patch transformer,SNV + patches(16)
P,180,1,5,932c33b500b4799942454d60604ed37f,10.64742,3.3531983,5.22919,7.2942217101287845,Patch transformer,SNV + patches(16)
P,180,1,5,47f2965e95d7c12e0d0ee0382f6fdbc0,0.68807,3.5228682,5.22919,-2.8347981564331057,Patch transformer,SNV + patches(16)
P,180,1,5,6077494301dad9ac26c3c08933e03b53,2.75976,14.661294,5.22919,-11.901533983459473,Patch transformer,SNV + patches(16)
P,180,1,5,8ebb24e5650137d830013e39431bb72f,49.5,14.627244,5.22919,34.872756004333496,Patch transformer,SNV + patches(16)
P,180,1,5,85dd08cc078e18c4d025f95ed10ac17a,9.01337,6.5319777,5.22919,2.481392346496582,Patch transformer,SNV + patches(16)
P,180,1,5,2f27bd23d4523bb14a09b69976fb5980,9.9746,8.23448,5.22919,1.740120095825196,Patch transformer,SNV + patches(16)
P,180,1,5,35ec662104b460940a363f825351e109,0.0,4.3197036,5.22919,-4.319703578948975,Patch transformer,SNV + patches(16)
P,180,1,5,e698b52d2c065293b77fd39de18b4128,16.81832,3.7680979,5.22919,13.050222122497559,Patch transformer,SNV + patches(16)
P,180,1,5,e0750673861ea436b0e69bcf746ebc04,6.55517,13.576529,5.22919,-7.0213585491943356,Patch transformer,SNV + patches(16)
P,180,1,5,2ca9c91d1d6af1cd44c72858f83c01c0,5.42129,3.629915,5.22919,1.7913750009918212,Patch transformer,SNV + patches(16)
P,180,1,5,32f69b4168bbfd25cc69f8b75f425f0f,59.9,14.62264,5.22919,45.277360343933104,Patch transformer,SNV + patches(16)
P,180,1,5,32bc667fb9bb120f30a1198007bbd575,1.3585,5.077806,5.22919,-3.719305995941162,Patch transformer,SNV + patches(16)
P,180,1,5,2ef6218d5d2723bea486f32168ac377a,27.68535,5.5499225,5.22919,22.135427533721924,Patch transformer,SNV + patches(16)
P,180,1,5,4498b77faad0f41e4d301625f46bfd0e,69.76589,3.7752566,5.22919,65.99063336624145,Patch transformer,SNV + patches(16)
P,180,1,5,10932e3ec6a286328b29c7185161062e,0.0,13.522262,5.22919,-13.522261619567871,Patch transformer,SNV + patches(16)
P,180,1,5,df6c0e56d8c3d68bcdc66084d3b2ca4e,23.17285,3.8715987,5.22919,19.301251279449463,Patch transformer,SNV + patches(16)
K,180,1,5,fc17b30b86ceb1f8655c9db11d7ce821,15.13991,1.5940524,0.44594999999999996,13.54585756603241,Patch transformer,SNV + patches(16)
K,180,1,5,0c262891e616e18f18531bfc1e1c6da1,0.0,1.3753116,0.44594999999999996,-1.3753116130828857,Patch transformer,SNV + patches(16)
K,180,1,5,0eeb39bc2910755db03181cf10c0c2ba,0.06913,0.72408175,0.44594999999999996,-0.6549517546844482,Patch transformer,SNV + patches(16)
K,180,1,5,f9891181b6ea77c29ec998e834de145b,4.28215,1.6104033,0.44594999999999996,2.6717467006683346,Patch transformer,SNV + patches(16)
K,180,1,5,523b42168d37da22d1ed0c7c944dd149,2.85259,1.0726331,0.44594999999999996,1.7799568527603151,Patch transformer,SNV + patches(16)
K,180,1,5,64df4001f982c283885865a09fd6eff3,0.49202,0.6070376,0.44594999999999996,-0.11501760385513304,Patch transformer,SNV + patches(16)
K,180,1,5,54b1112b81624617cbf716aa39370252,0.503862090132488,1.3197552,0.44594999999999996,-0.8158931064388621,Patch transformer,SNV + patches(16)
K,180,1,5,7696cf4581ce7e708547572ae05362fe,1.00516650468055,0.73147756,0.44594999999999996,0.27368894606772654,Patch transformer,SNV + patches(16)
K,180,1,5,1565f3b97057f7672246e822e1bc19bf,0.17779,0.28315112,0.44594999999999996,-0.10536111994743347,Patch transformer,SNV + patches(16)
K,180,1,5,2276802536cc180302810c965a4c5830,0.0,0.68324476,0.44594999999999996,-0.6832447648048401,Patch transformer,SNV + patches(16)
K,180,1,5,64099e20e95e43ef712465b5b12930f1,3.8009,0.63846636,0.44594999999999996,3.1624336418151855,Patch transformer,SNV + patches(16)
K,180,1,5,240c629cc1d23ba8c3f97fee48b615a2,0.67496,0.7701252,0.44594999999999996,-0.09516521028518676,Patch transformer,SNV + patches(16)
K,180,1,5,ad19edaab55210bf64a259c2181e3ede,0.47347,0.22160248,0.44594999999999996,0.2518675154161453,Patch transformer,SNV + patches(16)
K,180,1,5,2f4777b391f272e05496ed9099bcec35,0.316158946234623,0.5997773,0.44594999999999996,-0.2836183350497093,Patch transformer,SNV + patches(16)
K,180,1,5,59c704cc8e2b4ee050ea8a34bff1eadd,1.495728681774,1.7279155,0.44594999999999996,-0.23218684366240128,Patch transformer,SNV + patches(16)
K,180,1,5,acb6294600446ab5967dc89680fa11b0,0.17906,0.72034824,0.44594999999999996,-0.5412882389450073,Patch transformer,SNV + patches(16)
K,180,1,5,275a3116c289cc0f7710af34cfd8e8d1,0.0,0.35861877,0.44594999999999996,-0.35861876606941223,Patch transformer,SNV + patches(16)
K,180,1,5,8731720b1072c100b4ab9728cf84bfab,0.12813,0.33159193,0.44594999999999996,-0.203461933965683,Patch transformer,SNV + patches(16)
K,180,1,5,af2035e02288855f1c88caed05e971f3,0.1798,1.628543,0.44594999999999996,-1.4487430192947388,Patch transformer,SNV + patches(16)
K,180,1,5,8103b882b97ff175ecc061989ede5024,3.01236,1.3788111,0.44594999999999996,1.6335488790130617,Patch transformer,SNV + patches(16)
K,180,1,5,932c33b500b4799942454d60604ed37f,0.12317,0.41349158,0.44594999999999996,-0.2903215769100189,Patch transformer,SNV + patches(16)
K,180,1,5,47f2965e95d7c12e0d0ee0382f6fdbc0,0.02318,0.43234396,0.44594999999999996,-0.40916395980834963,Patch transformer,SNV + patches(16)
K,180,1,5,6077494301dad9ac26c3c08933e03b53,0.49702,1.5730195,0.44594999999999996,-1.0759995045471191,Patch transformer,SNV + patches(16)
K,180,1,5,8ebb24e5650137d830013e39431bb72f,0.461404675430968,1.502849,0.44594999999999996,-1.0414443073800062,Patch transformer,SNV + patches(16)
K,180,1,5,85dd08cc078e18c4d025f95ed10ac17a,0.43062,0.55122536,0.44594999999999996,-0.12060536420822143,Patch transformer,SNV + patches(16)
K,180,1,5,2f27bd23d4523bb14a09b69976fb5980,0.45468,1.3491832,0.44594999999999996,-0.894503201789856,Patch transformer,SNV + patches(16)
K,180,1,5,35ec662104b460940a363f825351e109,1.78116527699627,0.95716465,0.44594999999999996,0.8240006318012627,Patch transformer,SNV + patches(16)
K,180,1,5,e698b52d2c065293b77fd39de18b4128,0.30889,0.4810934,0.44594999999999996,-0.1722034066772461,Patch transformer,SNV + patches(16)
K,180,1,5,e0750673861ea436b0e69bcf746ebc04,1.83039,1.4701147,0.44594999999999996,0.3602752920532226,Patch transformer,SNV + patches(16)
K,180,1,5,2ca9c91d1d6af1cd44c72858f83c01c0,0.80856,0.5652072,0.44594999999999996,0.24335281663894648,Patch transformer,SNV + patches(16)
K,180,1,5,32f69b4168bbfd25cc69f8b75f425f0f,3.04005319965216,1.4825722,0.44594999999999996,1.5574810017380365,Patch transformer,SNV + patches(16)
K,180,1,5,32bc667fb9bb120f30a1198007bbd575,0.36971,0.93748426,0.44594999999999996,-0.5677742643737793,Patch transformer,SNV + patches(16)
K,180,1,5,2ef6218d5d2723bea486f32168ac377a,4.63306,1.2522959,0.44594999999999996,3.380764148292542,Patch transformer,SNV + patches(16)
K,180,1,5,4498b77faad0f41e4d301625f46bfd0e,0.90991,0.786213,0.44594999999999996,0.1236970192527771,Patch transformer,SNV + patches(16)
K,180,1,5,10932e3ec6a286328b29c7185161062e,7.80837,1.3964642,0.44594999999999996,6.411905771369934,Patch transformer,SNV + patches(16)
K,180,1,5,df6c0e56d8c3d68bcdc66084d3b2ca4e,0.89425,0.4792005,0.44594999999999996,0.41504948782920836,Patch transformer,SNV + patches(16)
N,240,1,1,2a70fd5d10ad11d40aa7dc7c2bd08c6b,0.15,0.34436518,0.15315,-0.1943651795387268,Patch transformer,SNV + patches(16)
N,240,1,1,4901fbbecccbc8523b1ffc26d1b5d9a4,3.44367,1.009421,0.15315,2.4342490090560913,Patch transformer,SNV + patches(16)
N,240,1,1,836e490b36d38c7ede978670a87f373c,0.11,0.14313726,0.15315,-0.033137261271476745,Patch transformer,SNV + patches(16)
N,240,1,1,0c262891e616e18f18531bfc1e1c6da1,1.42082,2.3654993,0.15315,-0.9446792580413819,Patch transformer,SNV + patches(16)
N,240,1,1,f9891181b6ea77c29ec998e834de145b,0.0264,0.11735513,0.15315,-0.09095513061285018,Patch transformer,SNV + patches(16)
N,240,1,1,523b42168d37da22d1ed0c7c944dd149,0.24852,0.11140628,0.15315,0.13711371840953826,Patch transformer,SNV + patches(16)
N,240,1,1,98f2650032d8e2784cfef807bd8eb1db,0.07,0.046667296,0.15315,0.02333270356059075,Patch transformer,SNV + patches(16)
N,240,1,1,b06ef2ff977073c8a423f935c3707702,0.06205,0.021925913,0.15315,0.04012408683001995,Patch transformer,SNV + patches(16)
N,240,1,1,81228fd19ca25eb008810fdd04a25070,0.04,0.07102168,0.15315,-0.031021683514118194,Patch transformer,SNV + patches(16)
N,240,1,1,76f2ff22173a5bfeecb15c686f829c68,0.35,1.1037834,0.15315,-0.7537833690643311,Patch transformer,SNV + patches(16)
N,240,1,1,9f4339b931b43a42fdc3ae24748e93c4,0.80472,0.22736366,0.15315,0.5773563390684128,Patch transformer,SNV + patches(16)
N,240,1,1,64df4001f982c283885865a09fd6eff3,0.01982,0.042220056,0.15315,-0.022400056056976318,Patch transformer,SNV + patches(16)
N,240,1,1,04fcaa7329b712aecb2ac794c961ad79,0.0132,0.11508138,0.15315,-0.10188137732744217,Patch transformer,SNV + patches(16)
N,240,1,1,079007847c148f48771780a23bd5ed7a,0.0441,0.37648433,0.15315,-0.3323843344688415,Patch transformer,SNV + patches(16)
N,240,1,1,7696cf4581ce7e708547572ae05362fe,0.61,0.72584414,0.15315,-0.115844144821167,Patch transformer,SNV + patches(16)
N,240,1,1,de66f37dab67300a7f7ab742079357ec,0.15628,0.116461724,0.15315,0.039818275957107546,Patch transformer,SNV + patches(16)
N,240,1,1,978c2fda07a9b6177057274456692be8,0.03702,0.113574505,0.15315,-0.07655450485229492,Patch transformer,SNV + patches(16)
N,240,1,1,b3eb9b66e11a3563e022be81feb41986,0.0525,0.03680942,0.15315,0.015690581649541853,Patch transformer,SNV + patches(16)
N,240,1,1,91856508a369ec5688e2685702e11344,0.11,0.07700871,0.15315,0.03299129068851471,Patch transformer,SNV + patches(16)
N,240,1,1,4ccdbf99991f857d8a412338b6fa9953,0.36991,0.24196056,0.15315,0.12794944468498232,Patch transformer,SNV + patches(16)
N,240,1,1,2fc52618db0f54af64e6f7c3fcbd5f80,0.17051,0.16387624,0.15315,0.006633764514923091,Patch transformer,SNV + patches(16)
N,240,1,1,277863bfb0bccfdf32cbf71d40f4adda,0.3046,0.44979855,0.15315,-0.14519855418205263,Patch transformer,SNV + patches(16)
N,240,1,1,89665c00349498e053950cff51fef46b,0.20247,0.3009325,0.15315,-0.09846249678611754,Patch transformer,SNV + patches(16)
N,240,1,1,932c33b500b4799942454d60604ed37f,0.10065,0.045563143,0.15315,0.05508685725331307,Patch transformer,SNV + patches(16)
N,240,1,1,db31232f97981b49ca2c8c2957caf340,0.31662,0.2658096,0.15315,0.05081040441513063,Patch transformer,SNV + patches(16)
N,240,1,1,6a01a50ec5c840206413f752d8222fa0,0.01502,0.007235771,0.15315,0.007784228954911232,Patch transformer,SNV + patches(16)
N,240,1,1,6077494301dad9ac26c3c08933e03b53,1.18802,2.4988518,0.15315,-1.3108317761230468,Patch transformer,SNV + patches(16)
N,240,1,1,85dd08cc078e18c4d025f95ed10ac17a,1.05399,0.6803782,0.15315,0.37361180137634276,Patch transformer,SNV + patches(16)
N,240,1,1,482f5898758113a5bcc30e6f3304d3a8,0.20836,0.07556402,0.15315,0.13279598061800002,Patch transformer,SNV + patches(16)
N,240,1,1,2f27bd23d4523bb14a09b69976fb5980,0.37747,0.6927118,0.15315,-0.31524177053451535,Patch transformer,SNV + patches(16)
N,240,1,1,e698b52d2c065293b77fd39de18b4128,0.0242,0.048955783,0.15315,-0.024755783247947694,Patch transformer,SNV + patches(16)
N,240,1,1,e0750673861ea436b0e69bcf746ebc04,1.59034,2.4193854,0.15315,-0.8290454331970214,Patch transformer,SNV + patches(16)
N,240,1,1,2ca9c91d1d6af1cd44c72858f83c01c0,0.10133,0.07247572,0.15315,0.028854283528327945,Patch transformer,SNV + patches(16)
N,240,1,1,32bc667fb9bb120f30a1198007bbd575,0.06053,0.08167638,0.15315,-0.021146378846168518,Patch transformer,SNV + patches(16)
N,240,1,1,34009f6906da53820c2143e77ce35ab7,1.12076,0.610249,0.15315,0.5105110170936584,Patch transformer,SNV + patches(16)
N,240,1,1,7f8f66fda75a3083c8528c860ff5b181,0.11408,0.08188183,0.15315,0.03219817139387131,Patch transformer,SNV + patches(16)
N,240,1,1,2a1c524fa24ba9868f76860af8003a22,0.47086,0.41638398,0.15315,0.05447601829528809,Patch transformer,SNV + patches(16)
N,240,1,1,df9184e37736faa206f42b5c0f31c4a6,0.00709,0.054384004,0.15315,-0.04729400432467461,Patch transformer,SNV + patches(16)
N,240,1,1,80323f54e416a173059874b11516a72b,0.09633,0.04978585,0.15315,0.04654415129303932,Patch transformer,SNV + patches(16)
N,240,1,1,48b634cda25574a222cc7317618578e3,0.43847,0.6592256,0.15315,-0.22075558307647702,Patch transformer,SNV + patches(16)
N,240,1,1,ae8fcfada4845108055ebcfe0cdd02e4,0.39,0.7927773,0.15315,-0.40277729988098143,Patch transformer,SNV + patches(16)
N,240,1,1,db007383b57de630a9a940fbba7d8295,0.41,0.16543603,0.15315,0.24456397056579587,Patch transformer,SNV + patches(16)
N,240,1,1,2bd8efb0ed603ea05eb3cb356ee24c86,0.115874467049547,0.48210543,0.15315,-0.36623096689134044,Patch transformer,SNV + patches(16)
N,240,1,1,8d261f2366860390398a8b296dc70bc2,0.38694,0.7554788,0.15315,-0.3685387993431091,Patch transformer,SNV + patches(16)
N,240,1,1,3d332786462a4019013e1d7404302fb4,0.30074,0.3818383,0.15315,-0.08109829188346862,Patch transformer,SNV + patches(16)
N,240,1,1,11ccc178396aa3aeaeac8a385bfa1dd8,0.21647,0.54248315,0.15315,-0.3260131509590149,Patch transformer,SNV + patches(16)
N,240,1,1,08516523faf54b704cefe75b568024b8,0.02519,0.06801683,0.15315,-0.042826827106475826,Patch transformer,SNV + patches(16)
N,240,1,1,455f401321ca53b008a3d0d829078c9a,0.09081,0.037215702,0.15315,0.0535942977643013,Patch transformer,SNV + patches(16)
P,240,1,1,2a70fd5d10ad11d40aa7dc7c2bd08c6b,47.8,3.1598551,5.33896,44.6401448726654,Patch transformer,SNV + patches(16)
P,240,1,1,4901fbbecccbc8523b1ffc26d1b5d9a4,1.32669,16.709356,5.33896,-15.3826663079834,Patch transformer,SNV + patches(16)
P,240,1,1,836e490b36d38c7ede978670a87f373c,0.0,0.4787101,5.33896,-0.4787100851535797,Patch transformer,SNV + patches(16)
P,240,1,1,0c262891e616e18f18531bfc1e1c6da1,14.71031,20.293566,5.33896,-5.5832557501220705,Patch transformer,SNV + patches(16)
P,240,1,1,f9891181b6ea77c29ec998e834de145b,4.27259,13.648869,5.33896,-9.376278560791015,Patch transformer,SNV + patches(16)
P,240,1,1,523b42168d37da22d1ed0c7c944dd149,24.46915,6.9373937,5.33896,17.53175633468628,Patch transformer,SNV + patches(16)
P,240,1,1,98f2650032d8e2784cfef807bd8eb1db,0.0,2.1724021,5.33896,-2.1724021434783936,Patch transformer,SNV + patches(16)
P,240,1,1,b06ef2ff977073c8a423f935c3707702,8.76614,4.257466,5.33896,4.508674160614014,Patch transformer,SNV + patches(16)
P,240,1,1,81228fd19ca25eb008810fdd04a25070,16.5,1.3483312,5.33896,15.151668787002563,Patch transformer,SNV + patches(16)
P,240,1,1,76f2ff22173a5bfeecb15c686f829c68,67.6,8.188375,5.33896,59.41162452697753,Patch transformer,SNV + patches(16)
P,240,1,1,9f4339b931b43a42fdc3ae24748e93c4,23.34116,8.810782,5.33896,14.530377567443846,Patch transformer,SNV + patches(16)
P,240,1,1,64df4001f982c283885865a09fd6eff3,0.40878,3.3053217,5.33896,-2.89654169342041,Patch transformer,SNV + patches(16)
P,240,1,1,04fcaa7329b712aecb2ac794c961ad79,2.8997,7.1182766,5.33896,-4.218576596069336,Patch transformer,SNV + patches(16)
P,240,1,1,079007847c148f48771780a23bd5ed7a,42.7773,34.481186,5.33896,8.29611408691406,Patch transformer,SNV + patches(16)
P,240,1,1,7696cf4581ce7e708547572ae05362fe,10.5,16.412365,5.33896,-5.912364959716797,Patch transformer,SNV + patches(16)
P,240,1,1,de66f37dab67300a7f7ab742079357ec,1.09279,0.39173844,5.33896,0.7010515554332732,Patch transformer,SNV + patches(16)
P,240,1,1,978c2fda07a9b6177057274456692be8,4.33353,1.7542021,5.33896,2.5793278725433346,Patch transformer,SNV + patches(16)
P,240,1,1,b3eb9b66e11a3563e022be81feb41986,14.39667,3.793326,5.33896,10.603344098968506,Patch transformer,SNV + patches(16)
P,240,1,1,91856508a369ec5688e2685702e11344,13.6,2.0866752,5.33896,11.51332483291626,Patch transformer,SNV + patches(16)
P,240,1,1,4ccdbf99991f857d8a412338b6fa9953,37.34343,17.63977,5.33896,19.703659492187498,Patch transformer,SNV + patches(16)
P,240,1,1,2fc52618db0f54af64e6f7c3fcbd5f80,59.79796,8.069529,5.33896,51.72843142028809,Patch transformer,SNV + patches(16)
P,240,1,1,277863bfb0bccfdf32cbf71d40f4adda,10.04155,19.357723,5.33896,-9.316173236083984,Patch transformer,SNV + patches(16)
P,240,1,1,89665c00349498e053950cff51fef46b,20.4891,7.937534,5.33896,12.551566144561768,Patch transformer,SNV + patches(16)
P,240,1,1,932c33b500b4799942454d60604ed37f,10.64742,3.0271883,5.33896,7.6202316989135745,Patch transformer,SNV + patches(16)
P,240,1,1,db31232f97981b49ca2c8c2957caf340,2.69396,26.494003,5.33896,-23.800043295898437,Patch transformer,SNV + patches(16)
P,240,1,1,6a01a50ec5c840206413f752d8222fa0,0.59482,0.36801845,5.33896,0.2268015516471863,Patch transformer,SNV + patches(16)
P,240,1,1,6077494301dad9ac26c3c08933e03b53,2.75976,19.918575,5.33896,-17.158815286865234,Patch transformer,SNV + patches(16)
P,240,1,1,85dd08cc078e18c4d025f95ed10ac17a,9.01337,16.066088,5.33896,-7.05271772277832,Patch transformer,SNV + patches(16)
P,240,1,1,482f5898758113a5bcc30e6f3304d3a8,33.11378,8.495504,5.33896,24.618275620727538,Patch transformer,SNV + patches(16)
P,240,1,1,2f27bd23d4523bb14a09b69976fb5980,9.9746,14.518839,5.33896,-4.5442388824462885,Patch transformer,SNV + patches(16)
P,240,1,1,e698b52d2c065293b77fd39de18b4128,16.81832,2.842223,5.33896,13.976097070999145,Patch transformer,SNV + patches(16)
P,240,1,1,e0750673861ea436b0e69bcf746ebc04,6.55517,15.810398,5.33896,-9.25522810180664,Patch transformer,SNV + patches(16)
P,240,1,1,2ca9c91d1d6af1cd44c72858f83c01c0,5.42129,2.9616442,5.33896,2.459645827331543,Patch transformer,SNV + patches(16)
P,240,1,1,32bc667fb9bb120f30a1198007bbd575,1.3585,5.8576856,5.33896,-4.499185565948486,Patch transformer,SNV + patches(16)
P,240,1,1,34009f6906da53820c2143e77ce35ab7,0.86799,12.435945,5.33896,-11.56795455718994,Patch transformer,SNV + patches(16)
P,240,1,1,7f8f66fda75a3083c8528c860ff5b181,22.17096,1.724606,5.33896,20.44635396286011,Patch transformer,SNV + patches(16)
P,240,1,1,2a1c524fa24ba9868f76860af8003a22,2.02999,20.918663,5.33896,-18.888673024902342,Patch transformer,SNV + patches(16)
P,240,1,1,df9184e37736faa206f42b5c0f31c4a6,0.45618,0.822771,5.33896,-0.36659101278305056,Patch transformer,SNV + patches(16)
P,240,1,1,80323f54e416a173059874b11516a72b,2.85289,3.7457142,5.33896,-0.8928241876220704,Patch transformer,SNV + patches(16)
P,240,1,1,48b634cda25574a222cc7317618578e3,28.91199,12.461435,5.33896,16.450554682006835,Patch transformer,SNV + patches(16)
P,240,1,1,ae8fcfada4845108055ebcfe0cdd02e4,0.0,31.327864,5.33896,-31.327863693237305,Patch transformer,SNV + patches(16)
P,240,1,1,db007383b57de630a9a940fbba7d8295,11.4,1.0243496,5.33896,10.375650429725647,Patch transformer,SNV + patches(16)
P,240,1,1,2bd8efb0ed603ea05eb3cb356ee24c86,1.95315933450144,18.788958,5.33896,-16.835798261323756,Patch transformer,SNV + patches(16)
P,240,1,1,8d261f2366860390398a8b296dc70bc2,5.4191,12.780108,5.33896,-7.3610084518432615,Patch transformer,SNV + patches(16)
P,240,1,1,3d332786462a4019013e1d7404302fb4,7.79508,5.773816,5.33896,2.0212638912963863,Patch transformer,SNV + patches(16)
P,240,1,1,11ccc178396aa3aeaeac8a385bfa1dd8,2.16257,20.936663,5.33896,-18.774092673950197,Patch transformer,SNV + patches(16)
P,240,1,1,08516523faf54b704cefe75b568024b8,17.41266,2.4484136,5.33896,14.964246389541625,Patch transformer,SNV + patches(16)
P,240,1,1,455f401321ca53b008a3d0d829078c9a,3.76026,2.2083497,5.33896,1.5519102952575685,Patch transformer,SNV + patches(16)
K,240,1,1,2a70fd5d10ad11d40aa7dc7c2bd08c6b,0.234283083533685,0.511428,0.44594999999999996,-0.27714491500910066,Patch transformer,SNV + patches(16)
K,240,1,1,4901fbbecccbc8523b1ffc26d1b5d9a4,0.0,1.2196007,0.44594999999999996,-1.2196006774902344,Patch transformer,SNV + patches(16)
K,240,1,1,836e490b36d38c7ede978670a87f373c,2.96076525653486,0.9814461,0.44594999999999996,1.9793191691744778,Patch transformer,SNV + patches(16)
K,240,1,1,0c262891e616e18f18531bfc1e1c6da1,0.0,1.3375657,0.44594999999999996,-1.3375656604766846,Patch transformer,SNV + patches(16)
K,240,1,1,f9891181b6ea77c29ec998e834de145b,4.28215,1.4203932,0.44594999999999996,2.861756771469116,Patch transformer,SNV + patches(16)
K,240,1,1,523b42168d37da22d1ed0c7c944dd149,2.85259,0.9689085,0.44594999999999996,1.8836815112495424,Patch transformer,SNV + patches(16)
K,240,1,1,98f2650032d8e2784cfef807bd8eb1db,0.419458795846335,0.17759666,0.44594999999999996,0.24186213737808854,Patch transformer,SNV + patches(16)
K,240,1,1,b06ef2ff977073c8a423f935c3707702,4.67686,0.5352719,0.44594999999999996,4.141588116989135,Patch transformer,SNV + patches(16)
K,240,1,1,81228fd19ca25eb008810fdd04a25070,1.17755383907105,0.5920084,0.44594999999999996,0.5855454271867422,Patch transformer,SNV + patches(16)
K,240,1,1,76f2ff22173a5bfeecb15c686f829c68,0.388255153716303,0.5318944,0.44594999999999996,-0.14363923209836377,Patch transformer,SNV + patches(16)
K,240,1,1,9f4339b931b43a42fdc3ae24748e93c4,2.16142,0.52660847,0.44594999999999996,1.6348115328979493,Patch transformer,SNV + patches(16)
K,240,1,1,64df4001f982c283885865a09fd6eff3,0.49202,0.30717954,0.44594999999999996,0.18484045960426332,Patch transformer,SNV + patches(16)
K,240,1,1,04fcaa7329b712aecb2ac794c961ad79,0.5053,1.1698464,0.44594999999999996,-0.6645464155197144,Patch transformer,SNV + patches(16)
K,240,1,1,079007847c148f48771780a23bd5ed7a,12.51361,2.552672,0.44594999999999996,9.960938090667725,Patch transformer,SNV + patches(16)
K,240,1,1,7696cf4581ce7e708547572ae05362fe,1.00516650468055,0.8128456,0.44594999999999996,0.1923209169501423,Patch transformer,SNV + patches(16)
K,240,1,1,de66f37dab67300a7f7ab742079357ec,0.42156,0.7225472,0.44594999999999996,-0.30098717350006104,Patch transformer,SNV + patches(16)
K,240,1,1,978c2fda07a9b6177057274456692be8,0.07354,0.34029177,0.44594999999999996,-0.26675176831245423,Patch transformer,SNV + patches(16)
K,240,1,1,b3eb9b66e11a3563e022be81feb41986,0.08678,0.49910533,0.44594999999999996,-0.4123253342819214,Patch transformer,SNV + patches(16)
K,240,1,1,91856508a369ec5688e2685702e11344,0.627653588418845,0.5439807,0.44594999999999996,0.08367287075984842,Patch transformer,SNV + patches(16)
K,240,1,1,4ccdbf99991f857d8a412338b6fa9953,0.83541,1.6673346,0.44594999999999996,-0.8319245565795899,Patch transformer,SNV + patches(16)
K,240,1,1,2fc52618db0f54af64e6f7c3fcbd5f80,2.14356,0.70172375,0.44594999999999996,1.4418362455940246,Patch transformer,SNV + patches(16)
K,240,1,1,277863bfb0bccfdf32cbf71d40f4adda,0.21115,0.7494469,0.44594999999999996,-0.5382969285011292,Patch transformer,SNV + patches(16)
K,240,1,1,89665c00349498e053950cff51fef46b,0.31267,0.39531147,0.44594999999999996,-0.08264147480010986,Patch transformer,SNV + patches(16)
K,240,1,1,932c33b500b4799942454d60604ed37f,0.12317,0.20209551,0.44594999999999996,-0.07892550857543945,Patch transformer,SNV + patches(16)
K,240,1,1,db31232f97981b49ca2c8c2957caf340,0.90174,2.070377,0.44594999999999996,-1.1686371114349365,Patch transformer,SNV + patches(16)
K,240,1,1,6a01a50ec5c840206413f752d8222fa0,0.0,0.051186457,0.44594999999999996,-0.0511864572763443,Patch transformer,SNV + patches(16)
K,240,1,1,6077494301dad9ac26c3c08933e03b53,0.49702,2.2792928,0.44594999999999996,-1.7822728218841553,Patch transformer,SNV + patches(16)
K,240,1,1,85dd08cc078e18c4d025f95ed10ac17a,0.43062,0.81585824,0.44594999999999996,-0.38523824489593506,Patch transformer,SNV + patches(16)
K,240,1,1,482f5898758113a5bcc30e6f3304d3a8,1.84126,1.0186882,0.44594999999999996,0.822571798095703,Patch transformer,SNV + patches(16)
K,240,1,1,2f27bd23d4523bb14a09b69976fb5980,0.45468,0.7042267,0.44594999999999996,-0.24954667264938357,Patch transformer,SNV + patches(16)
K,240,1,1,e698b52d2c065293b77fd39de18b4128,0.30889,0.22117512,0.44594999999999996,0.08771488071918487,Patch transformer,SNV + patches(16)
K,240,1,1,e0750673861ea436b0e69bcf746ebc04,1.83039,2.2141585,0.44594999999999996,-0.38376853500366215,Patch transformer,SNV + patches(16)
K,240,1,1,2ca9c91d1d6af1cd44c72858f83c01c0,0.80856,0.26286766,0.44594999999999996,0.5456923406696319,Patch transformer,SNV + patches(16)
K,240,1,1,32bc667fb9bb120f30a1198007bbd575,0.36971,0.6808464,0.44594999999999996,-0.31113639310836794,Patch transformer,SNV + patches(16)
K,240,1,1,34009f6906da53820c2143e77ce35ab7,0.16838,0.56240094,0.44594999999999996,-0.3940209370803833,Patch transformer,SNV + patches(16)
K,240,1,1,7f8f66fda75a3083c8528c860ff5b181,0.56486,0.7004301,0.44594999999999996,-0.13557009519577023,Patch transformer,SNV + patches(16)
K,240,1,1,2a1c524fa24ba9868f76860af8003a22,0.45219,1.4806995,0.44594999999999996,-1.0285095391845704,Patch transformer,SNV + patches(16)
K,240,1,1,df9184e37736faa206f42b5c0f31c4a6,0.0697,0.16405249,0.44594999999999996,-0.09435248641967774,Patch transformer,SNV + patches(16)
K,240,1,1,80323f54e416a173059874b11516a72b,0.49969,0.64614797,0.44594999999999996,-0.14645796638488767,Patch transformer,SNV + patches(16)
K,240,1,1,48b634cda25574a222cc7317618578e3,0.0,0.6446728,0.44594999999999996,-0.6446728110313416,Patch transformer,SNV + patches(16)
K,240,1,1,ae8fcfada4845108055ebcfe0cdd02e4,0.836871451225127,1.6856008,0.44594999999999996,-0.84872930637375,Patch transformer,SNV + patches(16)
K,240,1,1,db007383b57de630a9a940fbba7d8295,1.43434446774771,1.0637494,0.44594999999999996,0.3705950351839282,Patch transformer,SNV + patches(16)
K,240,1,1,2bd8efb0ed603ea05eb3cb356ee24c86,0.284452914046928,1.2337579,0.44594999999999996,-0.9493049394610675,Patch transformer,SNV + patches(16)
K,240,1,1,8d261f2366860390398a8b296dc70bc2,3.62015,0.6065032,0.44594999999999996,3.0136468113899233,Patch transformer,SNV + patches(16)
K,240,1,1,3d332786462a4019013e1d7404302fb4,0.12096,1.85986,0.44594999999999996,-1.7388999433898926,Patch transformer,SNV + patches(16)
K,240,1,1,11ccc178396aa3aeaeac8a385bfa1dd8,0.0,1.6336693,0.44594999999999996,-1.6336692571640015,Patch transformer,SNV + patches(16)
K,240,1,1,08516523faf54b704cefe75b568024b8,0.16999,0.16355623,0.44594999999999996,0.006433766951560976,Patch transformer,SNV + patches(16)
K,240,1,1,455f401321ca53b008a3d0d829078c9a,0.067,0.18132678,0.44594999999999996,-0.11432677674293518,Patch transformer,SNV + patches(16)
N,240,1,2,9e4373497959b939f4f7b4124dec6a45,0.15156,0.20153731,0.15315,-0.04997731107711792,Patch transformer,SNV + patches(16)
N,240,1,2,e12ed1de4ae395e58114affd9feb299d,0.33,0.19212851,0.15315,0.13787149071693422,Patch transformer,SNV + patches(16)
N,240,1,2,2060c6d3f228f6f93936240a6ba71361,0.52,0.2565526,0.15315,0.26344739317893984,Patch transformer,SNV + patches(16)
N,240,1,2,eb4961960138f6541633f3eab3582e37,0.0,0.09625474,0.15315,-0.09625474363565445,Patch transformer,SNV + patches(16)
N,240,1,2,7fef387ff08f0b2326a8afa69c3985fc,0.04545,0.28025588,0.15315,-0.23480588393211366,Patch transformer,SNV + patches(16)
N,240,1,2,7b7f800e58efbc3a88f09e818729645c,0.11254,0.19500603,0.15315,-0.08246602781772613,Patch transformer,SNV + patches(16)
N,240,1,2,d88174e63b46494814d55c01e91daaa4,0.19,0.08578877,0.15315,0.1042112284898758,Patch transformer,SNV + patches(16)
N,240,1,2,d2c3ecadc93aab25e7fa34de2435f03b,0.47639,0.3121422,0.15315,0.16424780668258665,Patch transformer,SNV + patches(16)
N,240,1,2,b1b2c0a1acf771644dc87780ec149627,0.50081,0.31102982,0.15315,0.18978017836570737,Patch transformer,SNV + patches(16)
N,240,1,2,a54c94d278344e81ad0267025f57fa43,0.001,0.10148239,0.15315,-0.10048239135742187,Patch transformer,SNV + patches(16)
N,240,1,2,4398ab81f3375b3c43861282040717d5,0.03458,0.13194816,0.15315,-0.09736815814495087,Patch transformer,SNV + patches(16)
N,240,1,2,ffbc4e924a3077f384897fd6871fc289,2.57356,1.5029752,0.15315,1.0705847745513917,Patch transformer,SNV + patches(16)
N,240,1,2,b126dd4e0d98b6b6fb3513d7fd0b0e54,0.05034,0.10637122,0.15315,-0.05603121647596359,Patch transformer,SNV + patches(16)
N,240,1,2,e784b262bfa3de6b8cd330d659ebf5df,2.43981,1.863516,0.15315,0.5762940269088745,Patch transformer,SNV + patches(16)
N,240,1,2,2f4777b391f272e05496ed9099bcec35,0.526107186118841,0.46100155,0.15315,0.06510564092802984,Patch transformer,SNV + patches(16)
N,240,1,2,067033af0210e9360e25de3dc9de9ccd,0.06407,0.07761723,0.15315,-0.013547228031158445,Patch transformer,SNV + patches(16)
N,240,1,2,328c4887da84c3235af4cd24a7529fd2,0.02491,0.058891878,0.15315,-0.03398187753200531,Patch transformer,SNV + patches(16)
N,240,1,2,dea143ad50e70eee95b6c98591c145f7,0.07818,0.23366733,0.15315,-0.15548732895374298,Patch transformer,SNV + patches(16)
N,240,1,2,1ca5fbcad50377b3ef0efb63f3e6e73f,0.34311,0.61177737,0.15315,-0.2686673652076721,Patch transformer,SNV + patches(16)
N,240,1,2,015d0847da9241dc820978eea55a4883,0.09935,0.24422802,0.15315,-0.14487802031040192,Patch transformer,SNV + patches(16)
N,240,1,2,8daf73eec2547589fe10f40775740202,0.02003,0.09280372,0.15315,-0.0727737166595459,Patch transformer,SNV + patches(16)
N,240,1,2,4498b77faad0f41e4d301625f46bfd0e,0.18812,0.059492208,0.15315,0.12862779193639756,Patch transformer,SNV + patches(16)
N,240,1,2,10932e3ec6a286328b29c7185161062e,1.00231,1.7397642,0.15315,-0.7374542135620117,Patch transformer,SNV + patches(16)
N,240,1,2,33b25ac85df7fa8a46cec7cde157114c,0.40307,0.27090296,0.15315,0.13216703850746153,Patch transformer,SNV + patches(16)
N,240,1,2,2e821520c82f3003ef30fa4ce2d5d62f,0.67914,1.2361482,0.15315,-0.5570082381820679,Patch transformer,SNV + patches(16)
N,240,1,2,6943256023af3f32868a8d33550aeae9,0.0833,0.19614685,0.15315,-0.11284684581756592,Patch transformer,SNV + patches(16)
N,240,1,2,8d9599912269312b6363bb7be5efb7c5,0.03948,0.09729762,0.15315,-0.05781761630296707,Patch transformer,SNV + patches(16)
N,240,1,2,4f91e748e08d3dca1356b09bbf1c7ca6,0.50179,0.18502662,0.15315,0.31676338414192196,Patch transformer,SNV + patches(16)
N,240,1,2,f853e809c26dcde2f67fe948180eee31,0.10191,0.22173487,0.15315,-0.11982486649990082,Patch transformer,SNV + patches(16)
N,240,1,2,9548ce376d3eef78228e448d91fd2982,0.01796,0.087478414,0.15315,-0.06951841417789459,Patch transformer,SNV + patches(16)
N,240,1,2,f373704bc5e76613392f1db6b4b47f44,0.16576,0.19660065,0.15315,-0.030840645780563364,Patch transformer,SNV + patches(16)
N,240,1,2,9316dfe84939f71203208c82382c3a62,2.0945,1.5362965,0.15315,0.5582035131454468,Patch transformer,SNV + patches(16)
N,240,1,2,6edb7c8088d386ffa53e9552bc6a71cd,0.06229,0.07297647,0.15315,-0.01068646999359131,Patch transformer,SNV + patches(16)
N,240,1,2,45025be0b24ddb196a635f0a823cd3b4,0.1563,0.20408711,0.15315,-0.04778710837364197,Patch transformer,SNV + patches(16)
N,240,1,2,6770686c244b82e6a180c6e74f699ad6,0.20789,0.10646235,0.15315,0.10142764802217483,Patch transformer,SNV + patches(16)
N,240,1,2,a876390403673411d1fae50324ec5e4f,0.09061,0.12015108,0.15315,-0.02954108019113541,Patch transformer,SNV + patches(16)
N,240,1,2,1509e93572589439fca17c9d84fa189c,0.15509,0.22056724,0.15315,-0.0654772413110733,Patch transformer,SNV + patches(16)
N,240,1,2,de649a2003ee2e5ade4cda71db53ee32,0.29782,0.17486599,0.15315,0.12295400912284848,Patch transformer,SNV + patches(16)
N,240,1,2,c2e4a148cd8a065512a4c9783b57788f,0.94813,0.92576724,0.15315,0.022362757091522245,Patch transformer,SNV + patches(16)
N,240,1,2,706ed5ba587e13162bb61ecefcdc27f7,0.08608,0.13649397,0.15315,-0.050413965983390804,Patch transformer,SNV + patches(16)
N,240,1,2,2f2094747b4b62d53b208ebe0f78bd5f,0.08389,0.1723395,0.15315,-0.08844949899673461,Patch transformer,SNV + patches(16)
N,240,1,2,7057566eb5370310b79ff15f3a652d34,1.97089,1.7904235,0.15315,0.18046648754119876,Patch transformer,SNV + patches(16)
N,240,1,2,8ed876de30785a39bb86749cbd780b79,0.01614,0.08441385,0.15315,-0.06827384881734848,Patch transformer,SNV + patches(16)
N,240,1,2,87681b18f01e369ceb4f1f7bdad0abaa,0.0,0.0557666,0.15315,-0.055766601115465164,Patch transformer,SNV + patches(16)
N,240,1,2,152e0e3d76a2df9236b55bc35d890379,0.22552,0.14594911,0.15315,0.0795708896112442,Patch transformer,SNV + patches(16)
N,240,1,2,0b90849d880311505e4372a6898d6199,0.27052,0.19994596,0.15315,0.07057404353141783,Patch transformer,SNV + patches(16)
N,240,1,2,8038ceffffb186b3ffa20196ed1bf07d,0.02033,0.1785459,0.15315,-0.15821590713977812,Patch transformer,SNV + patches(16)
N,240,1,2,3910964fff237758d4fd16af77ce64fe,0.19269,0.11472364,0.15315,0.07796636229991913,Patch transformer,SNV + patches(16)
P,240,1,2,9e4373497959b939f4f7b4124dec6a45,24.06916,6.1836953,5.338625,17.885464683685303,Patch transformer,SNV + patches(16)
P,240,1,2,e12ed1de4ae395e58114affd9feb299d,15.9,3.8618186,5.338625,12.038181447982788,Patch transformer,SNV + patches(16)
P,240,1,2,2060c6d3f228f6f93936240a6ba71361,0.0,7.9644446,5.338625,-7.964444637298584,Patch transformer,SNV + patches(16)
P,240,1,2,eb4961960138f6541633f3eab3582e37,0.69383,4.1374097,5.338625,-3.443579687042236,Patch transformer,SNV + patches(16)
P,240,1,2,7fef387ff08f0b2326a8afa69c3985fc,3.32276,6.9172535,5.338625,-3.594493494262695,Patch transformer,SNV + patches(16)
P,240,1,2,7b7f800e58efbc3a88f09e818729645c,1.48386,3.7825663,5.338625,-2.2987063089752198,Patch transformer,SNV + patches(16)
P,240,1,2,d88174e63b46494814d55c01e91daaa4,25.3,4.370167,5.338625,20.929833221435548,Patch transformer,SNV + patches(16)
P,240,1,2,d2c3ecadc93aab25e7fa34de2435f03b,61.68966,9.476313,5.338625,52.2133473626709,Patch transformer,SNV + patches(16)
P,240,1,2,b1b2c0a1acf771644dc87780ec149627,5.61784,6.355486,5.338625,-0.7376459161376951,Patch transformer,SNV + patches(16)
P,240,1,2,a54c94d278344e81ad0267025f57fa43,0.40792,4.78271,5.338625,-4.374790075378418,Patch transformer,SNV + patches(16)
P,240,1,2,4398ab81f3375b3c43861282040717d5,2.80889,3.6910305,5.338625,-0.882140502319336,Patch transformer,SNV + patches(16)
P,240,1,2,ffbc4e924a3077f384897fd6871fc289,49.3044,11.012529,5.338625,38.291870626831056,Patch transformer,SNV + patches(16)
P,240,1,2,b126dd4e0d98b6b6fb3513d7fd0b0e54,28.69688,3.3044653,5.338625,25.392414706115723,Patch transformer,SNV + patches(16)
P,240,1,2,e784b262bfa3de6b8cd330d659ebf5df,3.98972,13.759739,5.338625,-9.77001892211914,Patch transformer,SNV + patches(16)
P,240,1,2,2f4777b391f272e05496ed9099bcec35,20.5083844671796,5.6890817,5.338625,14.81930279832584,Patch transformer,SNV + patches(16)
P,240,1,2,067033af0210e9360e25de3dc9de9ccd,23.43699,4.7723613,5.338625,18.664628721466066,Patch transformer,SNV + patches(16)
P,240,1,2,328c4887da84c3235af4cd24a7529fd2,7.64039,5.165037,5.338625,2.475352844848633,Patch transformer,SNV + patches(16)
P,240,1,2,dea143ad50e70eee95b6c98591c145f7,0.88329,4.9651074,5.338625,-4.081817440948487,Patch transformer,SNV + patches(16)
P,240,1,2,1ca5fbcad50377b3ef0efb63f3e6e73f,16.26978,11.118926,5.338625,5.150853951721192,Patch transformer,SNV + patches(16)
P,240,1,2,015d0847da9241dc820978eea55a4883,42.99017,8.477189,5.338625,34.51298093597412,Patch transformer,SNV + patches(16)
P,240,1,2,8daf73eec2547589fe10f40775740202,5.89964,3.7517877,5.338625,2.1478523374938963,Patch transformer,SNV + patches(16)
P,240,1,2,4498b77faad0f41e4d301625f46bfd0e,69.76589,3.892165,5.338625,65.87372505439758,Patch transformer,SNV + patches(16)
P,240,1,2,10932e3ec6a286328b29c7185161062e,0.0,12.360516,5.338625,-12.360515594482422,Patch transformer,SNV + patches(16)
P,240,1,2,33b25ac85df7fa8a46cec7cde157114c,76.86898,7.896513,5.338625,68.9724670147705,Patch transformer,SNV + patches(16)
P,240,1,2,2e821520c82f3003ef30fa4ce2d5d62f,35.33599,8.645129,5.338625,26.690860796203616,Patch transformer,SNV + patches(16)
P,240,1,2,6943256023af3f32868a8d33550aeae9,0.91276,3.4773204,5.338625,-2.564560432662964,Patch transformer,SNV + patches(16)
P,240,1,2,8d9599912269312b6363bb7be5efb7c5,0.2207,3.2841833,5.338625,-3.0634832637786866,Patch transformer,SNV + patches(16)
P,240,1,2,4f91e748e08d3dca1356b09bbf1c7ca6,8.9197,4.0518456,5.338625,4.867854449462891,Patch transformer,SNV + patches(16)
P,240,1,2,f853e809c26dcde2f67fe948180eee31,0.0,6.5902824,5.338625,-6.590282440185547,Patch transformer,SNV + patches(16)
P,240,1,2,9548ce376d3eef78228e448d91fd2982,10.25447,5.5298076,5.338625,4.724662432403564,Patch transformer,SNV + patches(16)
P,240,1,2,f373704bc5e76613392f1db6b4b47f44,25.53047,3.906849,5.338625,21.623621092529298,Patch transformer,SNV + patches(16)
P,240,1,2,9316dfe84939f71203208c82382c3a62,3.84431,10.89211,5.338625,-7.047799870910644,Patch transformer,SNV + patches(16)
P,240,1,2,6edb7c8088d386ffa53e9552bc6a71cd,7.03243,4.6864696,5.338625,2.3459604450988767,Patch transformer,SNV + patches(16)
P,240,1,2,45025be0b24ddb196a635f0a823cd3b4,7.19345,7.9557095,5.338625,-0.7622594573974606,Patch transformer,SNV + patches(16)
P,240,1,2,6770686c244b82e6a180c6e74f699ad6,1.68904,4.7281833,5.338625,-3.039143269500732,Patch transformer,SNV + patches(16)
P,240,1,2,a876390403673411d1fae50324ec5e4f,2.17904,3.3191154,5.338625,-1.140075400314331,Patch transformer,SNV + patches(16)
P,240,1,2,1509e93572589439fca17c9d84fa189c,5.03579,5.3513536,5.338625,-0.3155636453247066,Patch transformer,SNV + patches(16)
P,240,1,2,de649a2003ee2e5ade4cda71db53ee32,64.60586,5.447565,5.338625,59.158294921264655,Patch transformer,SNV + patches(16)
P,240,1,2,c2e4a148cd8a065512a4c9783b57788f,30.53946,7.9413767,5.338625,22.598083313903807,Patch transformer,SNV + patches(16)
P,240,1,2,706ed5ba587e13162bb61ecefcdc27f7,12.79123,5.0525446,5.338625,7.738685406188965,Patch transformer,SNV + patches(16)
P,240,1,2,2f2094747b4b62d53b208ebe0f78bd5f,29.27957,3.964107,5.338625,25.315462963409423,Patch transformer,SNV + patches(16)
P,240,1,2,7057566eb5370310b79ff15f3a652d34,23.91067,13.986206,5.338625,9.9244639453125,Patch transformer,SNV + patches(16)
P,240,1,2,8ed876de30785a39bb86749cbd780b79,2.94656,3.6324155,5.338625,-0.685855533065796,Patch transformer,SNV + patches(16)
P,240,1,2,87681b18f01e369ceb4f1f7bdad0abaa,1.41134,3.9496357,5.338625,-2.5382957440948486,Patch transformer,SNV + patches(16)
P,240,1,2,152e0e3d76a2df9236b55bc35d890379,1.9557,3.750048,5.338625,-1.7943479221343994,Patch transformer,SNV + patches(16)
P,240,1,2,0b90849d880311505e4372a6898d6199,82.4033,6.70097,5.338625,75.70232982711792,Patch transformer,SNV + patches(16)
P,240,1,2,8038ceffffb186b3ffa20196ed1bf07d,1.39324,7.498385,5.338625,-6.1051449525451655,Patch transformer,SNV + patches(16)
P,240,1,2,3910964fff237758d4fd16af77ce64fe,7.32427,3.73638,5.338625,3.587889899749756,Patch transformer,SNV + patches(16)
K,240,1,2,9e4373497959b939f4f7b4124dec6a45,0.57669,0.7961313,0.443145,-0.21944131284713742,Patch transformer,SNV + patches(16)
K,240,1,2,e12ed1de4ae395e58114affd9feb299d,0.337101642027725,0.2120994,0.443145,0.12500223888479595,Patch transformer,SNV + patches(16)
K,240,1,2,2060c6d3f228f6f93936240a6ba71361,2.33464627346667,1.3168424,0.443145,1.0178038366762037,Patch transformer,SNV + patches(16)
K,240,1,2,eb4961960138f6541633f3eab3582e37,0.09033,0.46978617,0.443145,-0.37945616714477537,Patch transformer,SNV + patches(16)
K,240,1,2,7fef387ff08f0b2326a8afa69c3985fc,0.07773,0.86928105,0.443145,-0.7915510535430909,Patch transformer,SNV + patches(16)
K,240,1,2,7b7f800e58efbc3a88f09e818729645c,0.39303,0.14703938,0.443145,0.24599061635017394,Patch transformer,SNV + patches(16)
K,240,1,2,d88174e63b46494814d55c01e91daaa4,0.95145531740754,0.626666,0.443145,0.324789307981423,Patch transformer,SNV + patches(16)
K,240,1,2,d2c3ecadc93aab25e7fa34de2435f03b,5.92081,1.6486961,0.443145,4.272113935050965,Patch transformer,SNV + patches(16)
K,240,1,2,b1b2c0a1acf771644dc87780ec149627,0.2594,0.6430481,0.443145,-0.38364810762405394,Patch transformer,SNV + patches(16)
K,240,1,2,a54c94d278344e81ad0267025f57fa43,0.0,0.67503893,0.443145,-0.6750389337539673,Patch transformer,SNV + patches(16)
K,240,1,2,4398ab81f3375b3c43861282040717d5,0.02356,0.262264,0.443145,-0.23870401329040528,Patch transformer,SNV + patches(16)
K,240,1,2,ffbc4e924a3077f384897fd6871fc289,2.10904,0.727763,0.443145,1.3812770028495787,Patch transformer,SNV + patches(16)
K,240,1,2,b126dd4e0d98b6b6fb3513d7fd0b0e54,0.0686,0.17310546,0.443145,-0.10450546338558198,Patch transformer,SNV + patches(16)
K,240,1,2,e784b262bfa3de6b8cd330d659ebf5df,5.32119,1.2019285,0.443145,4.119261503639221,Patch transformer,SNV + patches(16)
K,240,1,2,2f4777b391f272e05496ed9099bcec35,0.316158946234623,0.26733583,0.443145,0.04882311411563495,Patch transformer,SNV + patches(16)
K,240,1,2,067033af0210e9360e25de3dc9de9ccd,1.49811,0.7770878,0.443145,0.7210221923446656,Patch transformer,SNV + patches(16)
K,240,1,2,328c4887da84c3235af4cd24a7529fd2,1.02496,1.0978105,0.443145,-0.07285050682067862,Patch transformer,SNV + patches(16)
K,240,1,2,dea143ad50e70eee95b6c98591c145f7,0.64382,0.374412,0.443145,0.2694079998207092,Patch transformer,SNV + patches(16)
K,240,1,2,1ca5fbcad50377b3ef0efb63f3e6e73f,0.02306,1.4308876,0.443145,-1.4078275799179076,Patch transformer,SNV + patches(16)
K,240,1,2,015d0847da9241dc820978eea55a4883,2.94586,1.5455116,0.443145,1.4003483966445924,Patch transformer,SNV + patches(16)
K,240,1,2,8daf73eec2547589fe10f40775740202,0.15867,0.36177304,0.443145,-0.2031030438709259,Patch transformer,SNV + patches(16)
K,240,1,2,4498b77faad0f41e4d301625f46bfd0e,0.90991,0.5392349,0.443145,0.37067512336730957,Patch transformer,SNV + patches(16)
K,240,1,2,10932e3ec6a286328b29c7185161062e,7.80837,0.9586515,0.443145,6.849718516941071,Patch transformer,SNV + patches(16)
K,240,1,2,33b25ac85df7fa8a46cec7cde157114c,1.11034,1.2183686,0.443145,-0.10802864948272695,Patch transformer,SNV + patches(16)
K,240,1,2,2e821520c82f3003ef30fa4ce2d5d62f,1.04024,0.3889911,0.443145,0.6512489123249054,Patch transformer,SNV + patches(16)
K,240,1,2,6943256023af3f32868a8d33550aeae9,0.18996,0.071485646,0.443145,0.11847435393095015,Patch transformer,SNV + patches(16)
K,240,1,2,8d9599912269312b6363bb7be5efb7c5,0.1872,0.1958031,0.443145,-0.008603105831146235,Patch transformer,SNV + patches(16)
K,240,1,2,4f91e748e08d3dca1356b09bbf1c7ca6,0.42809,0.24136028,0.443145,0.18672972306251528,Patch transformer,SNV + patches(16)
K,240,1,2,f853e809c26dcde2f67fe948180eee31,0.51267,0.87619317,0.443145,-0.3635231657791138,Patch transformer,SNV + patches(16)
K,240,1,2,9548ce376d3eef78228e448d91fd2982,0.38025,1.0094583,0.443145,-0.6292083034515381,Patch transformer,SNV + patches(16)
K,240,1,2,f373704bc5e76613392f1db6b4b47f44,0.04581,0.17588232,0.443145,-0.13007232457637788,Patch transformer,SNV + patches(16)
K,240,1,2,9316dfe84939f71203208c82382c3a62,0.09841,0.70121783,0.443145,-0.6028078301811218,Patch transformer,SNV + patches(16)
K,240,1,2,6edb7c8088d386ffa53e9552bc6a71cd,0.87677,0.7554503,0.443145,0.12131969167709356,Patch transformer,SNV + patches(16)
K,240,1,2,45025be0b24ddb196a635f0a823cd3b4,0.84347,1.4694275,0.443145,-0.625957466392517,Patch transformer,SNV + patches(16)
K,240,1,2,6770686c244b82e6a180c6e74f699ad6,1.10416,0.6777169,0.443145,0.4264430891609192,Patch transformer,SNV + patches(16)
K,240,1,2,a876390403673411d1fae50324ec5e4f,0.63871,0.15462266,0.443145,0.4840873409128189,Patch transformer,SNV + patches(16)
K,240,1,2,1509e93572589439fca17c9d84fa189c,0.25509,0.5148886,0.443145,-0.25979858461380007,Patch transformer,SNV + patches(16)
K,240,1,2,de649a2003ee2e5ade4cda71db53ee32,0.50098,0.69950306,0.443145,-0.19852306415557863,Patch transformer,SNV + patches(16)
K,240,1,2,c2e4a148cd8a065512a4c9783b57788f,0.99313,0.40594158,0.443145,0.5871884242343902,Patch transformer,SNV + patches(16)
K,240,1,2,706ed5ba587e13162bb61ecefcdc27f7,0.1572,0.6566376,0.443145,-0.49943760900497436,Patch transformer,SNV + patches(16)
K,240,1,2,2f2094747b4b62d53b208ebe0f78bd5f,1.96804,0.2561577,0.443145,1.7118823037528992,Patch transformer,SNV + patches(16)
K,240,1,2,7057566eb5370310b79ff15f3a652d34,1.30518,1.2429078,0.443145,0.062272237472534187,Patch transformer,SNV + patches(16)
K,240,1,2,8ed876de30785a39bb86749cbd780b79,0.06965,0.3499135,0.443145,-0.28026350769996644,Patch transformer,SNV + patches(16)
K,240,1,2,87681b18f01e369ceb4f1f7bdad0abaa,0.29139,0.59907496,0.443145,-0.30768495975494387,Patch transformer,SNV + patches(16)
K,240,1,2,152e0e3d76a2df9236b55bc35d890379,0.56937,0.2399048,0.443145,0.32946519398212437,Patch transformer,SNV + patches(16)
K,240,1,2,0b90849d880311505e4372a6898d6199,1.01281,1.0091404,0.443145,0.0036696277236938357,Patch transformer,SNV + patches(16)
K,240,1,2,8038ceffffb186b3ffa20196ed1bf07d,0.2586,1.4084339,0.443145,-1.1498339141845704,Patch transformer,SNV + patches(16)
K,240,1,2,3910964fff237758d4fd16af77ce64fe,0.40376,0.30207694,0.443145,0.10168306423187257,Patch transformer,SNV + patches(16)
N,240,1,3,7a9bac2ad491995c7f729047a2e1c164,0.10812,0.21050507,0.16288,-0.10238506830215455,Patch transformer,SNV + patches(16)
N,240,1,3,0eeb39bc2910755db03181cf10c0c2ba,0.0,0.018203888,0.16288,-0.018203888088464737,Patch transformer,SNV + patches(16)
N,240,1,3,8beacf87fc55813738d600c1ea2a9c7d,0.12,0.68828726,0.16288,-0.5682872581481934,Patch transformer,SNV + patches(16)
N,240,1,3,bb2b9ee9ac79c823e1dc36e624f6baa3,0.02,0.2944585,0.16288,-0.2744585084915161,Patch transformer,SNV + patches(16)
N,240,1,3,93d8af16cc306e2d3077e97a5d39e234,2.72532,2.0222912,0.16288,0.7030288165283203,Patch transformer,SNV + patches(16)
N,240,1,3,3ca44ead31d5008f64e0eaa2fb229b3b,0.58748,0.056624617,0.16288,0.5308553825724125,Patch transformer,SNV + patches(16)
N,240,1,3,162b3559316de7b2dc7ac29c3e59a718,0.04864,0.038297545,0.16288,0.01034245483517647,Patch transformer,SNV + patches(16)
N,240,1,3,d246ecb2db1de88b809710d98456b02c,0.97178,1.6702781,0.16288,-0.6984980723571778,Patch transformer,SNV + patches(16)
N,240,1,3,4859dec60a5e518c6ae010e360aaa43f,0.03016,0.07989422,0.16288,-0.04973422231912613,Patch transformer,SNV + patches(16)
N,240,1,3,f02d4e1a64456f33400e40f783eb26d5,0.85314,1.7971923,0.16288,-0.9440523351287842,Patch transformer,SNV + patches(16)
N,240,1,3,4b5527f2f6619045c4fcbd25d4e42ad4,0.19,0.1323591,0.16288,0.057640897631645205,Patch transformer,SNV + patches(16)
N,240,1,3,2276802536cc180302810c965a4c5830,0.01412,0.065700285,0.16288,-0.051580285136699676,Patch transformer,SNV + patches(16)
N,240,1,3,0a28321e068f9a8574a41d937943e9f7,0.12,0.20303124,0.16288,-0.08303124189376831,Patch transformer,SNV + patches(16)
N,240,1,3,f917123e0bedd68406229288befd3fb1,0.0,0.016450677,0.16288,-0.016450677067041397,Patch transformer,SNV + patches(16)
N,240,1,3,64099e20e95e43ef712465b5b12930f1,0.08699,0.008463082,0.16288,0.07852691809624433,Patch transformer,SNV + patches(16)
N,240,1,3,00ad9f84382666ab26588a10f3c86dd3,0.15311,0.1921892,0.16288,-0.03907920171260834,Patch transformer,SNV + patches(16)
N,240,1,3,240c629cc1d23ba8c3f97fee48b615a2,0.23835,0.2821979,0.16288,-0.04384789266586303,Patch transformer,SNV + patches(16)
N,240,1,3,bf64cb8289dd48b77e9cdb4a7931195a,0.06039,0.023214364,0.16288,0.03717563557565212,Patch transformer,SNV + patches(16)
N,240,1,3,12eabe86c6939f157f4d47945debbe71,0.0,0.057775065,0.16288,-0.057775065302848816,Patch transformer,SNV + patches(16)
N,240,1,3,acb6294600446ab5967dc89680fa11b0,0.82324,0.5030586,0.16288,0.3201813876533508,Patch transformer,SNV + patches(16)
N,240,1,3,06a2bbf134abb8e37007c1f682da8209,0.02394,-0.004436398,0.16288,0.028376397925019264,Patch transformer,SNV + patches(16)
N,240,1,3,4892b9b68158e867edfedd9dd8512ad9,0.0971966406154598,0.8309525,0.16288,-0.7337558845233951,Patch transformer,SNV + patches(16)
N,240,1,3,af2035e02288855f1c88caed05e971f3,0.05097,0.17729184,0.16288,-0.1263218403148651,Patch transformer,SNV + patches(16)
N,240,1,3,89dc66b8bc31070a6770a8388238c48b,1.44048,1.836702,0.16288,-0.3962219891738892,Patch transformer,SNV + patches(16)
N,240,1,3,b4caee112f48cd4910f34619452c46b2,0.18674,0.07900173,0.16288,0.10773826782941817,Patch transformer,SNV + patches(16)
N,240,1,3,a31d352f1721ec6c85212615b482d380,0.2037,0.22349986,0.16288,-0.0197998643398285,Patch transformer,SNV + patches(16)
N,240,1,3,fac936a0280a8651275c3535754482cc,0.19222,0.0014638578,0.16288,0.19075614217136055,Patch transformer,SNV + patches(16)
N,240,1,3,11cd06e062f9b0d24d6aa2e33f794262,0.86703,0.5591934,0.16288,0.30783662727355954,Patch transformer,SNV + patches(16)
N,240,1,3,2a56a36cc5f31ed2e1f4dd2e493b9add,0.11134,0.07114501,0.16288,0.04019498702526092,Patch transformer,SNV + patches(16)
N,240,1,3,0b8f88e9a2d3336d7afc197291e928a0,0.01008,0.043444965,0.16288,-0.03336496503472328,Patch transformer,SNV + patches(16)
N,240,1,3,7f58a753ed28597074848ce4f7858b3e,0.24,0.14506815,0.16288,0.09493184626102447,Patch transformer,SNV + patches(16)
N,240,1,3,7c2d51bd5b17188a6e95c55131279055,0.09221,0.0599193,0.16288,0.03229069857954979,Patch transformer,SNV + patches(16)
N,240,1,3,a269ef5b2e8943e92cbc4064db60fb50,0.33118,0.33230677,0.16288,-0.0011267724704742688,Patch transformer,SNV + patches(16)
N,240,1,3,5e5aad2f39784526c92d9e9f3d6a1004,0.09324,0.19987908,0.16288,-0.10663908005714416,Patch transformer,SNV + patches(16)
N,240,1,3,df6c0e56d8c3d68bcdc66084d3b2ca4e,0.07079,0.17654459,0.16288,-0.10575459178447723,Patch transformer,SNV + patches(16)
N,240,1,3,564495f729adafaf675ee60508af6972,0.01136,0.043174766,0.16288,-0.03181476600408554,Patch transformer,SNV + patches(16)
N,240,1,3,d1c2c33c986d707d29872e658345459d,0.07094,0.06382356,0.16288,0.00711644160985947,Patch transformer,SNV + patches(16)
N,240,1,3,24e56dbadc7613c481a96d1dcf374c94,0.06192,0.05432985,0.16288,0.007590150220394137,Patch transformer,SNV + patches(16)
N,240,1,3,94fa044afacfb72edaa66797bee03d95,0.03048,0.024296077,0.16288,0.006183923031687737,Patch transformer,SNV + patches(16)
N,240,1,3,7368c046574e41b07984fdebda1f1d5f,0.11108,0.0497525,0.16288,0.06132750009179115,Patch transformer,SNV + patches(16)
N,240,1,3,34bd1e9a312d4bf84671a0da202772a0,1.94385,0.846438,0.16288,1.0974120093345643,Patch transformer,SNV + patches(16)
N,240,1,3,2c4db5f46a2f621808061adbfcd9220d,0.18473,0.1097868,0.16288,0.07494319895982743,Patch transformer,SNV + patches(16)
N,240,1,3,89d869fa5950ac8d08824a2e2d254e02,0.34827,0.27225152,0.16288,0.07601848341941836,Patch transformer,SNV + patches(16)
N,240,1,3,b76159d6e54cb176005728e3119d27bb,2.50133,1.9779795,0.16288,0.5233504591751097,Patch transformer,SNV + patches(16)
N,240,1,3,42e9614aace2d79101725844e029fa14,0.07547,0.32548875,0.16288,-0.25001874616622927,Patch transformer,SNV + patches(16)
N,240,1,3,93861174bb10d84bf0b75d68067abcbf,0.07,0.01366238,0.16288,0.05633761983364821,Patch transformer,SNV + patches(16)
N,240,1,3,80bdc0cc5c10da927f5636f8ce895fd7,0.31493,0.32527414,0.16288,-0.010344139642715466,Patch transformer,SNV + patches(16)
N,240,1,3,dcdf114dec5a225894118f2251a970e6,0.15917,0.07090112,0.16288,0.08826888178110123,Patch transformer,SNV + patches(16)
P,240,1,3,7a9bac2ad491995c7f729047a2e1c164,101.44149,10.708591,6.782685,90.73289853881836,Patch transformer,SNV + patches(16)
P,240,1,3,0eeb39bc2910755db03181cf10c0c2ba,0.23135,1.514693,6.782685,-1.283343021774292,Patch transformer,SNV + patches(16)
P,240,1,3,8beacf87fc55813738d600c1ea2a9c7d,10.1,7.505966,6.782685,2.594033813476562,Patch transformer,SNV + patches(16)
P,240,1,3,bb2b9ee9ac79c823e1dc36e624f6baa3,0.0,8.523866,6.782685,-8.523865699768066,Patch transformer,SNV + patches(16)
P,240,1,3,93d8af16cc306e2d3077e97a5d39e234,6.95761,11.16519,6.782685,-4.207579743041992,Patch transformer,SNV + patches(16)
P,240,1,3,3ca44ead31d5008f64e0eaa2fb229b3b,13.58879,1.766973,6.782685,11.82181698135376,Patch transformer,SNV + patches(16)
P,240,1,3,162b3559316de7b2dc7ac29c3e59a718,3.3208,2.5503907,6.782685,0.7704092796325686,Patch transformer,SNV + patches(16)
P,240,1,3,d246ecb2db1de88b809710d98456b02c,10.01707,10.516987,6.782685,-0.49991684692382776,Patch transformer,SNV + patches(16)
P,240,1,3,4859dec60a5e518c6ae010e360aaa43f,2.1068,3.9000115,6.782685,-1.7932115394592287,Patch transformer,SNV + patches(16)
P,240,1,3,f02d4e1a64456f33400e40f783eb26d5,0.98723,10.525863,6.782685,-9.53863269378662,Patch transformer,SNV + patches(16)
P,240,1,3,4b5527f2f6619045c4fcbd25d4e42ad4,0.0,3.0926223,6.782685,-3.0926222801208496,Patch transformer,SNV + patches(16)
P,240,1,3,2276802536cc180302810c965a4c5830,0.23879,4.582919,6.782685,-4.344129120788574,Patch transformer,SNV + patches(16)
P,240,1,3,0a28321e068f9a8574a41d937943e9f7,0.0,9.359784,6.782685,-9.359784126281738,Patch transformer,SNV + patches(16)
P,240,1,3,f917123e0bedd68406229288befd3fb1,1.57498,1.9602568,6.782685,-0.385276814956665,Patch transformer,SNV + patches(16)
P,240,1,3,64099e20e95e43ef712465b5b12930f1,1.57458,1.2611178,6.782685,0.3134621840286256,Patch transformer,SNV + patches(16)
P,240,1,3,00ad9f84382666ab26588a10f3c86dd3,0.69319,0.2242391,6.782685,0.4689509039545059,Patch transformer,SNV + patches(16)
P,240,1,3,240c629cc1d23ba8c3f97fee48b615a2,64.31502,11.304305,6.782685,53.01071492340088,Patch transformer,SNV + patches(16)
P,240,1,3,bf64cb8289dd48b77e9cdb4a7931195a,0.10287,2.6149437,6.782685,-2.5120737427520754,Patch transformer,SNV + patches(16)
P,240,1,3,12eabe86c6939f157f4d47945debbe71,0.97687,3.646615,6.782685,-2.6697450283813478,Patch transformer,SNV + patches(16)
P,240,1,3,acb6294600446ab5967dc89680fa11b0,0.70999,7.9438543,6.782685,-7.2338643319702145,Patch transformer,SNV + patches(16)
P,240,1,3,06a2bbf134abb8e37007c1f682da8209,1.45079,1.6875293,6.782685,-0.23673932548522947,Patch transformer,SNV + patches(16)
P,240,1,3,4892b9b68158e867edfedd9dd8512ad9,0.571533653681768,6.5793962,6.782685,-6.007862594182002,Patch transformer,SNV + patches(16)
P,240,1,3,af2035e02288855f1c88caed05e971f3,4.37028,13.235581,6.782685,-8.865301398010253,Patch transformer,SNV + patches(16)
P,240,1,3,89dc66b8bc31070a6770a8388238c48b,35.1897,9.753807,6.782685,25.43589293212891,Patch transformer,SNV + patches(16)
P,240,1,3,b4caee112f48cd4910f34619452c46b2,0.61292,2.7950697,6.782685,-2.182149694519043,Patch transformer,SNV + patches(16)
P,240,1,3,a31d352f1721ec6c85212615b482d380,2.66839,11.703312,6.782685,-9.034921920166015,Patch transformer,SNV + patches(16)
P,240,1,3,fac936a0280a8651275c3535754482cc,2.12555,4.5992665,6.782685,-2.473716529083252,Patch transformer,SNV + patches(16)
P,240,1,3,11cd06e062f9b0d24d6aa2e33f794262,5.91986,7.5815625,6.782685,-1.6617025190734864,Patch transformer,SNV + patches(16)
P,240,1,3,2a56a36cc5f31ed2e1f4dd2e493b9add,5.25815,6.8917794,6.782685,-1.63362942276001,Patch transformer,SNV + patches(16)
P,240,1,3,0b8f88e9a2d3336d7afc197291e928a0,0.95471,0.761916,6.782685,0.19279401823043818,Patch transformer,SNV + patches(16)
P,240,1,3,7f58a753ed28597074848ce4f7858b3e,0.0,3.5991883,6.782685,-3.5991883277893066,Patch transformer,SNV + patches(16)
P,240,1,3,7c2d51bd5b17188a6e95c55131279055,2.20085,3.8168352,6.782685,-1.6159851650238037,Patch transformer,SNV + patches(16)
P,240,1,3,a269ef5b2e8943e92cbc4064db60fb50,16.35847,13.060419,6.782685,3.298050917358399,Patch transformer,SNV + patches(16)
P,240,1,3,5e5aad2f39784526c92d9e9f3d6a1004,7.31611,12.083421,6.782685,-4.767310753479004,Patch transformer,SNV + patches(16)
P,240,1,3,df6c0e56d8c3d68bcdc66084d3b2ca4e,23.17285,6.7882886,6.782685,16.384561406707764,Patch transformer,SNV + patches(16)
P,240,1,3,564495f729adafaf675ee60508af6972,4.85062,4.079022,6.782685,0.7715980693054201,Patch transformer,SNV + patches(16)
P,240,1,3,d1c2c33c986d707d29872e658345459d,1.0579,5.066036,6.782685,-4.008136224365234,Patch transformer,SNV + patches(16)
P,240,1,3,24e56dbadc7613c481a96d1dcf374c94,0.02263,5.140032,6.782685,-5.117401814575195,Patch transformer,SNV + patches(16)
P,240,1,3,94fa044afacfb72edaa66797bee03d95,1.29785,5.0137744,6.782685,-3.7159243949890137,Patch transformer,SNV + patches(16)
P,240,1,3,7368c046574e41b07984fdebda1f1d5f,2.64618,3.3299208,6.782685,-0.6837407687377928,Patch transformer,SNV + patches(16)
P,240,1,3,34bd1e9a312d4bf84671a0da202772a0,15.85927,6.490665,6.782685,9.368605041046143,Patch transformer,SNV + patches(16)
P,240,1,3,2c4db5f46a2f621808061adbfcd9220d,0.86876,7.9609766,6.782685,-7.092216600646973,Patch transformer,SNV + patches(16)
P,240,1,3,89d869fa5950ac8d08824a2e2d254e02,65.196,10.070831,6.782685,55.12516870117187,Patch transformer,SNV + patches(16)
P,240,1,3,b76159d6e54cb176005728e3119d27bb,47.79287,11.755816,6.782685,36.03705354034424,Patch transformer,SNV + patches(16)
P,240,1,3,42e9614aace2d79101725844e029fa14,8.74065,11.617223,6.782685,-2.8765727859497066,Patch transformer,SNV + patches(16)
P,240,1,3,93861174bb10d84bf0b75d68067abcbf,27.5,0.9384542,6.782685,26.56154578924179,Patch transformer,SNV + patches(16)
P,240,1,3,80bdc0cc5c10da927f5636f8ce895fd7,23.69681,0.8567955,6.782685,22.840014510211944,Patch transformer,SNV + patches(16)
P,240,1,3,dcdf114dec5a225894118f2251a970e6,15.30821,7.037602,6.782685,8.270608052215577,Patch transformer,SNV + patches(16)
K,240,1,3,7a9bac2ad491995c7f729047a2e1c164,4.16829,1.9748858,0.441405,2.1934041786575316,Patch transformer,SNV + patches(16)
K,240,1,3,0eeb39bc2910755db03181cf10c0c2ba,0.06913,0.19137451,0.441405,-0.12224451052665711,Patch transformer,SNV + patches(16)
K,240,1,3,8beacf87fc55813738d600c1ea2a9c7d,0.316128702235408,0.1997471,0.441405,0.11638160176295775,Patch transformer,SNV + patches(16)
K,240,1,3,bb2b9ee9ac79c823e1dc36e624f6baa3,0.159087421351476,0.39488855,0.441405,-0.23580112869163009,Patch transformer,SNV + patches(16)
K,240,1,3,93d8af16cc306e2d3077e97a5d39e234,0.13713,2.2380736,0.441405,-2.1009435874176026,Patch transformer,SNV + patches(16)
K,240,1,3,3ca44ead31d5008f64e0eaa2fb229b3b,0.93749,0.64413524,0.441405,0.29335476325988774,Patch transformer,SNV + patches(16)
K,240,1,3,162b3559316de7b2dc7ac29c3e59a718,0.21139,0.36741707,0.441405,-0.15602706728935242,Patch transformer,SNV + patches(16)
K,240,1,3,d246ecb2db1de88b809710d98456b02c,4.54015,0.94478333,0.441405,3.5953666700363156,Patch transformer,SNV + patches(16)
K,240,1,3,4859dec60a5e518c6ae010e360aaa43f,0.0,0.11873781,0.441405,-0.11873780936002731,Patch transformer,SNV + patches(16)
K,240,1,3,f02d4e1a64456f33400e40f783eb26d5,0.26567,0.9719652,0.441405,-0.706295193748474,Patch transformer,SNV + patches(16)
K,240,1,3,4b5527f2f6619045c4fcbd25d4e42ad4,1.65993145429434,2.0192807,0.441405,-0.3593492177790243,Patch transformer,SNV + patches(16)
K,240,1,3,2276802536cc180302810c965a4c5830,0.0,0.4903702,0.441405,-0.4903702139854431,Patch transformer,SNV + patches(16)
K,240,1,3,0a28321e068f9a8574a41d937943e9f7,3.52805770116118,1.291042,0.441405,2.237015730908189,Patch transformer,SNV + patches(16)
K,240,1,3,f917123e0bedd68406229288befd3fb1,1.36008,0.6208126,0.441405,0.7392674051094055,Patch transformer,SNV + patches(16)
K,240,1,3,64099e20e95e43ef712465b5b12930f1,3.8009,0.18331324,0.441405,3.617586764359474,Patch transformer,SNV + patches(16)
K,240,1,3,00ad9f84382666ab26588a10f3c86dd3,1.22904,0.8916194,0.441405,0.33742061571121207,Patch transformer,SNV + patches(16)
K,240,1,3,240c629cc1d23ba8c3f97fee48b615a2,0.67496,0.62144035,0.441405,0.05351964899063111,Patch transformer,SNV + patches(16)
K,240,1,3,bf64cb8289dd48b77e9cdb4a7931195a,0.15694,0.092973016,0.441405,0.0639669837975502,Patch transformer,SNV + patches(16)
K,240,1,3,12eabe86c6939f157f4d47945debbe71,0.26553,0.46279603,0.441405,-0.19726603242874147,Patch transformer,SNV + patches(16)
K,240,1,3,acb6294600446ab5967dc89680fa11b0,0.17906,0.46910188,0.441405,-0.2900418760204315,Patch transformer,SNV + patches(16)
K,240,1,3,06a2bbf134abb8e37007c1f682da8209,0.56508,0.42530206,0.441405,0.13977794154167178,Patch transformer,SNV + patches(16)
K,240,1,3,4892b9b68158e867edfedd9dd8512ad9,0.22869983648869,0.43524536,0.441405,-0.2065455284157137,Patch transformer,SNV + patches(16)
K,240,1,3,af2035e02288855f1c88caed05e971f3,0.1798,1.6721871,0.441405,-1.492387089920044,Patch transformer,SNV + patches(16)
K,240,1,3,89dc66b8bc31070a6770a8388238c48b,0.65385,1.3084875,0.441405,-0.6546375345230102,Patch transformer,SNV + patches(16)
K,240,1,3,b4caee112f48cd4910f34619452c46b2,0.2473,0.2201719,0.441405,0.02712810139656066,Patch transformer,SNV + patches(16)
K,240,1,3,a31d352f1721ec6c85212615b482d380,1.36207,1.8058074,0.441405,-0.44373735206604015,Patch transformer,SNV + patches(16)
K,240,1,3,fac936a0280a8651275c3535754482cc,1.65532,1.2506895,0.441405,0.4046304934692382,Patch transformer,SNV + patches(16)
K,240,1,3,11cd06e062f9b0d24d6aa2e33f794262,2.75353,0.31308538,0.441405,2.440444622783661,Patch transformer,SNV + patches(16)
K,240,1,3,2a56a36cc5f31ed2e1f4dd2e493b9add,0.4341,0.99867696,0.441405,-0.5645769556999207,Patch transformer,SNV + patches(16)
K,240,1,3,0b8f88e9a2d3336d7afc197291e928a0,0.15885,0.15077128,0.441405,0.008078724837303153,Patch transformer,SNV + patches(16)
K,240,1,3,7f58a753ed28597074848ce4f7858b3e,0.292086551741777,0.27598912,0.441405,0.016097436503587303,Patch transformer,SNV + patches(16)
K,240,1,3,7c2d51bd5b17188a6e95c55131279055,0.31029,0.24199398,0.441405,0.06829602138042451,Patch transformer,SNV + patches(16)
K,240,1,3,a269ef5b2e8943e92cbc4064db60fb50,1.03329,0.71055365,0.441405,0.32273635391235356,Patch transformer,SNV + patches(16)
K,240,1,3,5e5aad2f39784526c92d9e9f3d6a1004,0.81111,1.8452297,0.441405,-1.0341197449111939,Patch transformer,SNV + patches(16)
K,240,1,3,df6c0e56d8c3d68bcdc66084d3b2ca4e,0.89425,0.7231279,0.441405,0.17112209844589232,Patch transformer,SNV + patches(16)
K,240,1,3,564495f729adafaf675ee60508af6972,2.9393,1.5429134,0.441405,1.3963865631103514,Patch transformer,SNV + patches(16)
K,240,1,3,d1c2c33c986d707d29872e658345459d,0.21132,0.59468585,0.441405,-0.3833658525276184,Patch transformer,SNV + patches(16)
K,240,1,3,24e56dbadc7613c481a96d1dcf374c94,0.36105,0.6434268,0.441405,-0.28237677593231203,Patch transformer,SNV + patches(16)
K,240,1,3,94fa044afacfb72edaa66797bee03d95,0.21108,0.6874667,0.441405,-0.47638668100357057,Patch transformer,SNV + patches(16)
K,240,1,3,7368c046574e41b07984fdebda1f1d5f,0.31208,0.38947776,0.441405,-0.07739775959968564,Patch transformer,SNV + patches(16)
K,240,1,3,34bd1e9a312d4bf84671a0da202772a0,0.9046,0.49318773,0.441405,0.41141227445602413,Patch transformer,SNV + patches(16)
K,240,1,3,2c4db5f46a2f621808061adbfcd9220d,1.05558,0.72308236,0.441405,0.3324976363945007,Patch transformer,SNV + patches(16)
K,240,1,3,89d869fa5950ac8d08824a2e2d254e02,0.06611,0.58333814,0.441405,-0.5172281414413452,Patch transformer,SNV + patches(16)
K,240,1,3,b76159d6e54cb176005728e3119d27bb,2.03619,2.5210135,0.441405,-0.48482349830627447,Patch transformer,SNV + patches(16)
K,240,1,3,42e9614aace2d79101725844e029fa14,2.28286,1.2770071,0.441405,1.0058528970336913,Patch transformer,SNV + patches(16)
K,240,1,3,93861174bb10d84bf0b75d68067abcbf,0.981124354186915,0.34539774,0.441405,0.6357266135844217,Patch transformer,SNV + patches(16)
K,240,1,3,80bdc0cc5c10da927f5636f8ce895fd7,2.57191,0.90127707,0.441405,1.6706329347229003,Patch transformer,SNV + patches(16)
K,240,1,3,dcdf114dec5a225894118f2251a970e6,2.13353,1.8243698,0.441405,0.3091602118301391,Patch transformer,SNV + patches(16)
N,240,1,4,6f3380bee1fb7f08cf65b548f4dd0d7e,0.01104,0.09205673,0.15628999999999998,-0.08101672889947892,Patch transformer,SNV + patches(16)
N,240,1,4,b8d55a953c01cd342b1be147769776b5,0.0,0.13461986,0.15628999999999998,-0.13461986184120178,Patch transformer,SNV + patches(16)
N,240,1,4,9bf40fbc33c25dcf39d7b57bd6fc29b0,0.01018,0.02713003,0.15628999999999998,-0.01695003009557724,Patch transformer,SNV + patches(16)
N,240,1,4,fc17b30b86ceb1f8655c9db11d7ce821,2.02866,2.2036045,0.15628999999999998,-0.17494445976257333,Patch transformer,SNV + patches(16)
N,240,1,4,9e69bb72cbea5a83216fdf89f7bc688b,0.07727,0.92130524,0.15628999999999998,-0.8440352392005921,Patch transformer,SNV + patches(16)
N,240,1,4,01fc386431af7ef46743dcb5fd1b13bd,1.05686,1.2385441,0.15628999999999998,-0.18168410648345956,Patch transformer,SNV + patches(16)
N,240,1,4,5db409bd7e44e43453b43ed15d6c220b,0.0,0.07663176,0.15628999999999998,-0.07663176208734512,Patch transformer,SNV + patches(16)
N,240,1,4,5e679b2fd98577dbf032a322e04b7cc1,0.04545,0.023258734,0.15628999999999998,0.02219126550555229,Patch transformer,SNV + patches(16)
N,240,1,4,bb4c7754e2857cd8e7b6fea4c3f2e3b4,0.17,0.3686891,0.15628999999999998,-0.19868909001350402,Patch transformer,SNV + patches(16)
N,240,1,4,65751894b2651a4ea9150d001b6b269a,1.23418,0.39358383,0.15628999999999998,0.8405961658287049,Patch transformer,SNV + patches(16)
N,240,1,4,54b1112b81624617cbf716aa39370252,0.08,0.10328948,0.15628999999999998,-0.02328947752714157,Patch transformer,SNV + patches(16)
N,240,1,4,bc9350958e979068ecea1ca1db7a83d1,1.16226,0.121186614,0.15628999999999998,1.04107338596344,Patch transformer,SNV + patches(16)
N,240,1,4,4289af3d036f7da61dcf2aceb651ad36,1.32755,1.9394329,0.15628999999999998,-0.6118828594207764,Patch transformer,SNV + patches(16)
N,240,1,4,1565f3b97057f7672246e822e1bc19bf,0.12387,0.018914841,0.15628999999999998,0.1049551588845253,Patch transformer,SNV + patches(16)
N,240,1,4,186111e6da3c326211af261df886e7d0,1.26439,1.814778,0.15628999999999998,-0.550387970314026,Patch transformer,SNV + patches(16)
N,240,1,4,7a0bcf7b6758d64ae465ec2de6bb2557,0.0240063300376648,0.06023632,0.15628999999999998,-0.03622998986189422,Patch transformer,SNV + patches(16)
N,240,1,4,412f2f1d138f9c0f1ba8e2da980c5ea9,1.43221,0.9355412,0.15628999999999998,0.49666878744125365,Patch transformer,SNV + patches(16)
N,240,1,4,bc720b9a91a11919f13be41af81568b3,0.01011,0.08952466,0.15628999999999998,-0.07941465653419495,Patch transformer,SNV + patches(16)
N,240,1,4,ad19edaab55210bf64a259c2181e3ede,0.14204,0.002660589,0.15628999999999998,0.1393794109401852,Patch transformer,SNV + patches(16)
N,240,1,4,275a3116c289cc0f7710af34cfd8e8d1,0.0,0.099520825,0.15628999999999998,-0.09952082484960556,Patch transformer,SNV + patches(16)
N,240,1,4,8731720b1072c100b4ab9728cf84bfab,0.01911,0.017835233,0.15628999999999998,0.0012747666394710526,Patch transformer,SNV + patches(16)
N,240,1,4,7feb20905e9f4efc12ce8a1557489993,1.24672,1.6919359,0.15628999999999998,-0.44521589687347407,Patch transformer,SNV + patches(16)
N,240,1,4,edfa59d93d208f307042a23d2cd9708a,0.19,0.34349486,0.15628999999999998,-0.15349486231803894,Patch transformer,SNV + patches(16)
N,240,1,4,2d38365df4243154e4b37a0277ff8dda,0.10839,0.047197808,0.15628999999999998,0.06119219241976738,Patch transformer,SNV + patches(16)
N,240,1,4,0a93017d626f4095956e86db556c0ced,0.12,-0.017239444,0.15628999999999998,0.13723944395780563,Patch transformer,SNV + patches(16)
N,240,1,4,4c2300ed191ef49b9b7f47e7a60a1bc2,0.15,0.26106545,0.15628999999999998,-0.11106545329093934,Patch transformer,SNV + patches(16)
N,240,1,4,3113166f7ea9a3a4a023a38385430e49,0.90772,0.29588082,0.15628999999999998,0.6118391756725311,Patch transformer,SNV + patches(16)
N,240,1,4,2763015fcb5add9733f51b583da845a7,0.2698,0.1783774,0.15628999999999998,0.09142259519100188,Patch transformer,SNV + patches(16)
N,240,1,4,47f2965e95d7c12e0d0ee0382f6fdbc0,0.05115,-0.003890645,0.15628999999999998,0.05504064499177039,Patch transformer,SNV + patches(16)
N,240,1,4,930b7645ed893cab06e2207d2334a4a1,0.16,0.090073936,0.15628999999999998,0.06992606431245804,Patch transformer,SNV + patches(16)
N,240,1,4,16086e9e9b15d8bc7c4389c147cca76a,0.01541,0.09046371,0.15628999999999998,-0.07505371281147002,Patch transformer,SNV + patches(16)
N,240,1,4,9453f1f17dd36bfa9c4e50dfcf35adcb,0.07234,-0.04282205,0.15628999999999998,0.11516205179333687,Patch transformer,SNV + patches(16)
N,240,1,4,8ebb24e5650137d830013e39431bb72f,2.28,2.2213411,0.15628999999999998,0.05865886688232402,Patch transformer,SNV + patches(16)
N,240,1,4,22c715f706441403720a9cb73e8cfb59,0.16604,0.10272537,0.15628999999999998,0.06331462828159332,Patch transformer,SNV + patches(16)
N,240,1,4,ac9c0c9a47b3a9b990facc143484820e,0.02002,0.00057114573,0.15628999999999998,0.019448854265715926,Patch transformer,SNV + patches(16)
N,240,1,4,835faa4734d7161a1f458abd6e263e44,0.74609,0.32242906,0.15628999999999998,0.4236609390640259,Patch transformer,SNV + patches(16)
N,240,1,4,9693aafcf7311fc46484eb7fc37fd897,0.34119,0.5717184,0.15628999999999998,-0.23052839475631715,Patch transformer,SNV + patches(16)
N,240,1,4,d5951edf1450b1cf3ec2f257f14b7b83,0.03787,0.0757042,0.15628999999999998,-0.03783420205593109,Patch transformer,SNV + patches(16)
N,240,1,4,3c097418672845f860ca9fdf5c1cd67c,1.02629,1.9942253,0.15628999999999998,-0.9679352635955811,Patch transformer,SNV + patches(16)
N,240,1,4,4deb31efe20d998d0f54e8c18e420b9d,0.03477,0.08382776,0.15628999999999998,-0.04905775634527206,Patch transformer,SNV + patches(16)
N,240,1,4,43ef3e564e2f871ad2b8aecfdd4e7477,2.46968,2.1957114,0.15628999999999998,0.27396862571716296,Patch transformer,SNV + patches(16)
N,240,1,4,c22a45caaeac88fe0f3fcd9f99191167,0.15081,0.09260995,0.15628999999999998,0.0582000505900383,Patch transformer,SNV + patches(16)
N,240,1,4,c8bb92f0a5087a826bf4465574569563,0.03018,-0.027265063,0.15628999999999998,0.05744506255567074,Patch transformer,SNV + patches(16)
N,240,1,4,b9ef6f14e4b8bbeeb496c9c9263905ff,0.4061,0.6459492,0.15628999999999998,-0.23984918489456175,Patch transformer,SNV + patches(16)
N,240,1,4,c26dc85189a4eadb582886683895dc7f,0.13415,-0.0063912794,0.15628999999999998,0.14054127939939498,Patch transformer,SNV + patches(16)
N,240,1,4,e4d80aeb919d4e867841e9c7eb8d7c2d,2.08625,2.1370456,0.15628999999999998,-0.05079562187194808,Patch transformer,SNV + patches(16)
N,240,1,4,f405eaf8cd6147de20b9a4ba58474051,0.0654,0.048748977,0.15628999999999998,0.01665102251768112,Patch transformer,SNV + patches(16)
N,240,1,4,c834aaa9a67b0de316a58d4d572cdec1,0.77611,1.4969561,0.15628999999999998,-0.7208461100006104,Patch transformer,SNV + patches(16)
P,240,1,4,6f3380bee1fb7f08cf65b548f4dd0d7e,1.54624,4.064111,5.519565,-2.5178712327575683,Patch transformer,SNV + patches(16)
P,240,1,4,b8d55a953c01cd342b1be147769776b5,0.5166,4.8348193,5.519565,-4.318219316864013,Patch transformer,SNV + patches(16)
P,240,1,4,9bf40fbc33c25dcf39d7b57bd6fc29b0,0.0,4.0754704,5.519565,-4.075470447540283,Patch transformer,SNV + patches(16)
P,240,1,4,fc17b30b86ceb1f8655c9db11d7ce821,37.2928,11.556729,5.519565,25.736070683288574,Patch transformer,SNV + patches(16)
P,240,1,4,9e69bb72cbea5a83216fdf89f7bc688b,0.82201,9.329429,5.519565,-8.507418672790527,Patch transformer,SNV + patches(16)
P,240,1,4,01fc386431af7ef46743dcb5fd1b13bd,22.68916,9.894907,5.519565,12.794253002319337,Patch transformer,SNV + patches(16)
P,240,1,4,5db409bd7e44e43453b43ed15d6c220b,14.69233,4.8176227,5.519565,9.874707338409424,Patch transformer,SNV + patches(16)
P,240,1,4,5e679b2fd98577dbf032a322e04b7cc1,0.45407,4.019297,5.519565,-3.5652271229553225,Patch transformer,SNV + patches(16)
P,240,1,4,bb4c7754e2857cd8e7b6fea4c3f2e3b4,0.0,8.151233,5.519565,-8.151232719421387,Patch transformer,SNV + patches(16)
P,240,1,4,65751894b2651a4ea9150d001b6b269a,7.39982,6.638181,5.519565,0.7616387904357911,Patch transformer,SNV + patches(16)
P,240,1,4,54b1112b81624617cbf716aa39370252,0.0,5.687341,5.519565,-5.687341213226318,Patch transformer,SNV + patches(16)
P,240,1,4,bc9350958e979068ecea1ca1db7a83d1,2.842,6.4194617,5.519565,-3.577461727142334,Patch transformer,SNV + patches(16)
P,240,1,4,4289af3d036f7da61dcf2aceb651ad36,5.20023,10.653104,5.519565,-5.452873828430175,Patch transformer,SNV + patches(16)
P,240,1,4,1565f3b97057f7672246e822e1bc19bf,26.09425,4.011507,5.519565,22.08274296569824,Patch transformer,SNV + patches(16)
P,240,1,4,186111e6da3c326211af261df886e7d0,124.68283,9.420055,5.519565,115.2627746105957,Patch transformer,SNV + patches(16)
P,240,1,4,7a0bcf7b6758d64ae465ec2de6bb2557,0.0748644130571245,5.2903924,5.519565,-5.215527985777104,Patch transformer,SNV + patches(16)
P,240,1,4,412f2f1d138f9c0f1ba8e2da980c5ea9,8.70727,8.354023,5.519565,0.3532470202636713,Patch transformer,SNV + patches(16)
P,240,1,4,bc720b9a91a11919f13be41af81568b3,0.96564,4.0022836,5.519565,-3.0366435731506347,Patch transformer,SNV + patches(16)
P,240,1,4,ad19edaab55210bf64a259c2181e3ede,23.63223,3.8691192,5.519565,19.76311083267212,Patch transformer,SNV + patches(16)
P,240,1,4,275a3116c289cc0f7710af34cfd8e8d1,0.33786,4.8206034,5.519565,-4.482743370666504,Patch transformer,SNV + patches(16)
P,240,1,4,8731720b1072c100b4ab9728cf84bfab,1.52704,3.8175955,5.519565,-2.2905554818725586,Patch transformer,SNV + patches(16)
P,240,1,4,7feb20905e9f4efc12ce8a1557489993,4.10143,10.103514,5.519565,-6.0020837176513675,Patch transformer,SNV + patches(16)
P,240,1,4,edfa59d93d208f307042a23d2cd9708a,10.7,8.250535,5.519565,2.4494649887084954,Patch transformer,SNV + patches(16)
P,240,1,4,2d38365df4243154e4b37a0277ff8dda,2.53225,4.6176195,5.519565,-2.085369514465332,Patch transformer,SNV + patches(16)
P,240,1,4,0a93017d626f4095956e86db556c0ced,65.9,3.186281,5.519565,62.71371903419495,Patch transformer,SNV + patches(16)
P,240,1,4,4c2300ed191ef49b9b7f47e7a60a1bc2,13.5,6.206699,5.519565,7.293301105499268,Patch transformer,SNV + patches(16)
P,240,1,4,3113166f7ea9a3a4a023a38385430e49,15.47975,7.642493,5.519565,7.837257228851318,Patch transformer,SNV + patches(16)
P,240,1,4,2763015fcb5add9733f51b583da845a7,17.03142,7.5523686,5.519565,9.479051359100342,Patch transformer,SNV + patches(16)
P,240,1,4,47f2965e95d7c12e0d0ee0382f6fdbc0,0.68807,3.0093436,5.519565,-2.3212736241149905,Patch transformer,SNV + patches(16)
P,240,1,4,930b7645ed893cab06e2207d2334a4a1,11.0,6.4293213,5.519565,4.5706787109375,Patch transformer,SNV + patches(16)
P,240,1,4,16086e9e9b15d8bc7c4389c147cca76a,7.10108,5.6019197,5.519565,1.4991603489685055,Patch transformer,SNV + patches(16)
P,240,1,4,9453f1f17dd36bfa9c4e50dfcf35adcb,0.0,3.1709337,5.519565,-3.170933723449707,Patch transformer,SNV + patches(16)
P,240,1,4,8ebb24e5650137d830013e39431bb72f,49.5,11.403482,5.519565,38.09651756286621,Patch transformer,SNV + patches(16)
P,240,1,4,22c715f706441403720a9cb73e8cfb59,46.17486,6.328701,5.519565,39.84615898071289,Patch transformer,SNV + patches(16)
P,240,1,4,ac9c0c9a47b3a9b990facc143484820e,0.46548,4.0067315,5.519565,-3.5412515101623536,Patch transformer,SNV + patches(16)
P,240,1,4,835faa4734d7161a1f458abd6e263e44,176.4886,8.236208,5.519565,168.25239203796386,Patch transformer,SNV + patches(16)
P,240,1,4,9693aafcf7311fc46484eb7fc37fd897,63.68609,8.991168,5.519565,54.69492197784424,Patch transformer,SNV + patches(16)
P,240,1,4,d5951edf1450b1cf3ec2f257f14b7b83,1.02045,6.643158,5.519565,-5.622707958984375,Patch transformer,SNV + patches(16)
P,240,1,4,3c097418672845f860ca9fdf5c1cd67c,3.03678,10.596642,5.519565,-7.5598615405273435,Patch transformer,SNV + patches(16)
P,240,1,4,4deb31efe20d998d0f54e8c18e420b9d,0.49646,5.0335383,5.519565,-4.537078341522217,Patch transformer,SNV + patches(16)
P,240,1,4,43ef3e564e2f871ad2b8aecfdd4e7477,6.81427,11.453883,5.519565,-4.639613171081543,Patch transformer,SNV + patches(16)
P,240,1,4,c22a45caaeac88fe0f3fcd9f99191167,145.42735,5.6409054,5.519565,139.78644461975097,Patch transformer,SNV + patches(16)
P,240,1,4,c8bb92f0a5087a826bf4465574569563,1.44528,2.812101,5.519565,-1.366820887298584,Patch transformer,SNV + patches(16)
P,240,1,4,b9ef6f14e4b8bbeeb496c9c9263905ff,41.98877,9.056229,5.519565,32.93254136230469,Patch transformer,SNV + patches(16)
P,240,1,4,c26dc85189a4eadb582886683895dc7f,3.11201,3.349342,5.519565,-0.23733210777282698,Patch transformer,SNV + patches(16)
P,240,1,4,e4d80aeb919d4e867841e9c7eb8d7c2d,20.40029,11.126478,5.519565,9.273811804809569,Patch transformer,SNV + patches(16)
P,240,1,4,f405eaf8cd6147de20b9a4ba58474051,13.86491,5.7853155,5.519565,8.07959448638916,Patch transformer,SNV + patches(16)
P,240,1,4,c834aaa9a67b0de316a58d4d572cdec1,32.97114,8.897919,5.519565,24.073221298828123,Patch transformer,SNV + patches(16)
K,240,1,4,6f3380bee1fb7f08cf65b548f4dd0d7e,0.07117,0.24623688,0.4588350350401555,-0.1750668756532669,Patch transformer,SNV + patches(16)
K,240,1,4,b8d55a953c01cd342b1be147769776b5,0.18911,0.43793398,0.4588350350401555,-0.24882398141860962,Patch transformer,SNV + patches(16)
K,240,1,4,9bf40fbc33c25dcf39d7b57bd6fc29b0,0.0,0.5255372,0.4588350350401555,-0.5255371928215027,Patch transformer,SNV + patches(16)
K,240,1,4,fc17b30b86ceb1f8655c9db11d7ce821,15.13991,1.4186487,0.4588350350401555,13.721261280212403,Patch transformer,SNV + patches(16)
K,240,1,4,9e69bb72cbea5a83216fdf89f7bc688b,0.0,0.94353694,0.4588350350401555,-0.9435369372367859,Patch transformer,SNV + patches(16)
K,240,1,4,01fc386431af7ef46743dcb5fd1b13bd,0.39992,1.0680685,0.4588350350401555,-0.668148504333496,Patch transformer,SNV + patches(16)
K,240,1,4,5db409bd7e44e43453b43ed15d6c220b,0.1184,0.36081523,0.4588350350401555,-0.24241522703170776,Patch transformer,SNV + patches(16)
K,240,1,4,5e679b2fd98577dbf032a322e04b7cc1,0.21227,0.44605008,0.4588350350401555,-0.23378007767677308,Patch transformer,SNV + patches(16)
K,240,1,4,bb4c7754e2857cd8e7b6fea4c3f2e3b4,1.33612972530564,1.3640409,0.4588350350401555,-0.027911126287377686,Patch transformer,SNV + patches(16)
K,240,1,4,65751894b2651a4ea9150d001b6b269a,0.46026,0.5714697,0.4588350350401555,-0.1112097241783142,Patch transformer,SNV + patches(16)
K,240,1,4,54b1112b81624617cbf716aa39370252,0.503862090132488,0.85415614,0.4588350350401555,-0.3502940463802684,Patch transformer,SNV + patches(16)
K,240,1,4,bc9350958e979068ecea1ca1db7a83d1,1.64686,1.1390975,0.4588350350401555,0.5077625478363037,Patch transformer,SNV + patches(16)
K,240,1,4,4289af3d036f7da61dcf2aceb651ad36,0.24695,1.2660248,0.4588350350401555,-1.0190748279571533,Patch transformer,SNV + patches(16)
K,240,1,4,1565f3b97057f7672246e822e1bc19bf,0.17779,0.32205674,0.4588350350401555,-0.14426674052238464,Patch transformer,SNV + patches(16)
K,240,1,4,186111e6da3c326211af261df886e7d0,0.80504,1.1541271,0.4588350350401555,-0.3490871209716797,Patch transformer,SNV + patches(16)
K,240,1,4,7a0bcf7b6758d64ae465ec2de6bb2557,0.0891813238371841,0.4503881,0.4588350350401555,-0.36120677988634187,Patch transformer,SNV + patches(16)
K,240,1,4,412f2f1d138f9c0f1ba8e2da980c5ea9,0.18582,1.0090132,0.4588350350401555,-0.8231931759643555,Patch transformer,SNV + patches(16)
K,240,1,4,bc720b9a91a11919f13be41af81568b3,0.14689,0.30935058,0.4588350350401555,-0.16246057997703553,Patch transformer,SNV + patches(16)
K,240,1,4,ad19edaab55210bf64a259c2181e3ede,0.47347,0.26614693,0.4588350350401555,0.2073230719280243,Patch transformer,SNV + patches(16)
K,240,1,4,275a3116c289cc0f7710af34cfd8e8d1,0.0,0.42649755,0.4588350350401555,-0.42649754881858826,Patch transformer,SNV + patches(16)
K,240,1,4,8731720b1072c100b4ab9728cf84bfab,0.12813,0.29110506,0.4588350350401555,-0.16297506176948548,Patch transformer,SNV + patches(16)
K,240,1,4,7feb20905e9f4efc12ce8a1557489993,1.59386,1.1143641,0.4588350350401555,0.47949585281372076,Patch transformer,SNV + patches(16)
K,240,1,4,edfa59d93d208f307042a23d2cd9708a,4.7501150954013,1.3831621,0.4588350350401555,3.366952954555048,Patch transformer,SNV + patches(16)
K,240,1,4,2d38365df4243154e4b37a0277ff8dda,0.39801,0.49141258,0.4588350350401555,-0.09340258001327517,Patch transformer,SNV + patches(16)
K,240,1,4,0a93017d626f4095956e86db556c0ced,0.19489487953348,0.16577415,0.4588350350401555,0.029120727850626305,Patch transformer,SNV + patches(16)
K,240,1,4,4c2300ed191ef49b9b7f47e7a60a1bc2,2.08501713642642,1.2905282,0.4588350350401555,0.7944889582113932,Patch transformer,SNV + patches(16)
K,240,1,4,3113166f7ea9a3a4a023a38385430e49,0.63403,0.7454631,0.4588350350401555,-0.11143307325363161,Patch transformer,SNV + patches(16)
K,240,1,4,2763015fcb5add9733f51b583da845a7,1.82402,1.0572245,0.4588350350401555,0.7667954878997802,Patch transformer,SNV + patches(16)
K,240,1,4,47f2965e95d7c12e0d0ee0382f6fdbc0,0.02318,0.26898667,0.4588350350401555,-0.24580667216300964,Patch transformer,SNV + patches(16)
K,240,1,4,930b7645ed893cab06e2207d2334a4a1,0.993401196992173,0.9060021,0.4588350350401555,0.08739909270979385,Patch transformer,SNV + patches(16)
K,240,1,4,16086e9e9b15d8bc7c4389c147cca76a,0.30965,0.8414552,0.4588350350401555,-0.5318052211761475,Patch transformer,SNV + patches(16)
K,240,1,4,9453f1f17dd36bfa9c4e50dfcf35adcb,0.2258,0.38032186,0.4588350350401555,-0.15452186031341553,Patch transformer,SNV + patches(16)
K,240,1,4,8ebb24e5650137d830013e39431bb72f,0.461404675430968,1.3252771,0.4588350350401555,-0.8638724146416639,Patch transformer,SNV + patches(16)
K,240,1,4,22c715f706441403720a9cb73e8cfb59,1.65342,0.9365844,0.4588350350401555,0.7168355869483947,Patch transformer,SNV + patches(16)
K,240,1,4,ac9c0c9a47b3a9b990facc143484820e,0.37497,0.5658535,0.4588350350401555,-0.190883476524353,Patch transformer,SNV + patches(16)
K,240,1,4,835faa4734d7161a1f458abd6e263e44,3.99456,1.1592079,0.4588350350401555,2.8353520598983764,Patch transformer,SNV + patches(16)
K,240,1,4,9693aafcf7311fc46484eb7fc37fd897,0.12934,1.4418952,0.4588350350401555,-1.3125552465057373,Patch transformer,SNV + patches(16)
K,240,1,4,d5951edf1450b1cf3ec2f257f14b7b83,0.75014,1.1574777,0.4588350350401555,-0.40733773647308347,Patch transformer,SNV + patches(16)
K,240,1,4,3c097418672845f860ca9fdf5c1cd67c,3.41499,1.3031157,0.4588350350401555,2.111874274482727,Patch transformer,SNV + patches(16)
K,240,1,4,4deb31efe20d998d0f54e8c18e420b9d,0.28627,0.92038864,0.4588350350401555,-0.6341186389732361,Patch transformer,SNV + patches(16)
K,240,1,4,43ef3e564e2f871ad2b8aecfdd4e7477,2.04052,1.3625824,0.4588350350401555,0.6779375548553466,Patch transformer,SNV + patches(16)
K,240,1,4,c22a45caaeac88fe0f3fcd9f99191167,0.21037,0.47468784,0.4588350350401555,-0.2643178445148468,Patch transformer,SNV + patches(16)
K,240,1,4,c8bb92f0a5087a826bf4465574569563,0.0859,0.10792531,0.4588350350401555,-0.02202531073093414,Patch transformer,SNV + patches(16)
K,240,1,4,b9ef6f14e4b8bbeeb496c9c9263905ff,3.91767,1.548849,0.4588350350401555,2.368821013374329,Patch transformer,SNV + patches(16)
K,240,1,4,c26dc85189a4eadb582886683895dc7f,1.53905,0.18375985,0.4588350350401555,1.3552901467561722,Patch transformer,SNV + patches(16)
K,240,1,4,e4d80aeb919d4e867841e9c7eb8d7c2d,0.0,1.2748718,0.4588350350401555,-1.274871826171875,Patch transformer,SNV + patches(16)
K,240,1,4,f405eaf8cd6147de20b9a4ba58474051,0.21513,0.7592733,0.4588350350401555,-0.5441432906341552,Patch transformer,SNV + patches(16)
K,240,1,4,c834aaa9a67b0de316a58d4d572cdec1,0.51703,1.1037545,0.4588350350401555,-0.5867245204162598,Patch transformer,SNV + patches(16)
N,240,1,5,a9fef1c7afb7ecd702b97eea9877847f,0.12,0.029336486,0.15,0.09066351398825645,Patch transformer,SNV + patches(16)
N,240,1,5,171f1950c34fade461d8f31ec7b541aa,0.09,0.13084343,0.15,-0.040843430757522586,Patch transformer,SNV + patches(16)
N,240,1,5,8faafffca19a188f3f01a1a80045ee3e,0.03417,0.36438805,0.15,-0.33021804864883425,Patch transformer,SNV + patches(16)
N,240,1,5,d0d71d3eccc407738b0ae371f32a31a0,0.30446,0.18612045,0.15,0.11833954950332642,Patch transformer,SNV + patches(16)
N,240,1,5,528c525f69e9c41adb90f71d886f5cbd,0.07094,0.20941451,0.15,-0.1384745119190216,Patch transformer,SNV + patches(16)
N,240,1,5,e9a496477ff32b111ac8ef1f6448dec9,0.05318,0.07820638,0.15,-0.0250263826918602,Patch transformer,SNV + patches(16)
N,240,1,5,c114fd7deae42087498cb7edadae9168,0.10388,0.061551653,0.15,0.04232834715127945,Patch transformer,SNV + patches(16)
N,240,1,5,6f24783cbf17d29281c411994b2b8667,0.02018,0.0741816,0.15,-0.054001601405143734,Patch transformer,SNV + patches(16)
N,240,1,5,734e3062f32e019691b61a48756e3313,0.25558,0.17540818,0.15,0.08017181547164914,Patch transformer,SNV + patches(16)
N,240,1,5,8516cee2d21933ae7a35b62e39db7c95,0.04061,0.05520511,0.15,-0.01459511046051979,Patch transformer,SNV + patches(16)
N,240,1,5,412cbf2c090f0135a2dd7d26a16ac46b,0.25,0.1985958,0.15,0.0514041930437088,Patch transformer,SNV + patches(16)
N,240,1,5,59c704cc8e2b4ee050ea8a34bff1eadd,0.33,0.1636976,0.15,0.16630239963531496,Patch transformer,SNV + patches(16)
N,240,1,5,51c963bad01d047d23f6b6921cf5a237,0.15319,0.17199181,0.15,-0.01880181020259858,Patch transformer,SNV + patches(16)
N,240,1,5,f06bd68c23c44d9438ebcce434d51810,2.54688,1.7935607,0.15,0.7533192566680906,Patch transformer,SNV + patches(16)
N,240,1,5,f1e6f9a39db8847f9d921dd6d79d1e1b,2.67729,1.7427189,0.15,0.9345710649871828,Patch transformer,SNV + patches(16)
N,240,1,5,9bd8d4d5efc849ccca622c214e38d240,0.80567,1.8325768,0.15,-1.0269067517089843,Patch transformer,SNV + patches(16)
N,240,1,5,29321834766f5f48a95b17f094cc336f,1.54945,1.688622,0.15,-0.13917199783325196,Patch transformer,SNV + patches(16)
N,240,1,5,8128d56631a7f6447e40e74dc11ff064,0.25415,0.38500345,0.15,-0.13085344753265382,Patch transformer,SNV + patches(16)
N,240,1,5,8103b882b97ff175ecc061989ede5024,0.00834,0.107125126,0.15,-0.09878512582540512,Patch transformer,SNV + patches(16)
N,240,1,5,0264138a7644659aad5d4b1284513788,1.41907,1.3142256,0.15,0.1048444455337525,Patch transformer,SNV + patches(16)
N,240,1,5,d09cee4a1c44977d7d98d49fa4624661,0.05139,0.09964,0.15,-0.04824999688625336,Patch transformer,SNV + patches(16)
N,240,1,5,fe9816b5ad430765c8bd5a6bda62a95e,0.54197,0.94457644,0.15,-0.40260644224166875,Patch transformer,SNV + patches(16)
N,240,1,5,2715e22241ff0bbea31ba46239f09e6e,0.09125,0.091359034,0.15,-0.00010903418064117654,Patch transformer,SNV + patches(16)
N,240,1,5,35ec662104b460940a363f825351e109,0.19,0.14241828,0.15,0.047581719756126406,Patch transformer,SNV + patches(16)
N,240,1,5,4120f2755c44173c540a48976ff898a8,0.1665,0.061110254,0.15,0.10538974562287332,Patch transformer,SNV + patches(16)
N,240,1,5,32f69b4168bbfd25cc69f8b75f425f0f,2.3,1.8034636,0.15,0.4965364217758177,Patch transformer,SNV + patches(16)
N,240,1,5,2ef6218d5d2723bea486f32168ac377a,0.07181,0.108955115,0.15,-0.03714511507987976,Patch transformer,SNV + patches(16)
N,240,1,5,67196c55bbf3b9549498e1187ccf73f5,2.48469,1.8479098,0.15,0.6367801918411256,Patch transformer,SNV + patches(16)
N,240,1,5,a2a76efe45d6f7b6587d20f73b279f40,0.37338,0.07625782,0.15,0.2971221825528145,Patch transformer,SNV + patches(16)
N,240,1,5,ea03b67bbcafb6c248af3d6d57b2d224,1.03331,1.4219216,0.15,-0.3886116108322144,Patch transformer,SNV + patches(16)
N,240,1,5,8002e7ca727acbcc3c403f2bbef73738,0.0,0.09078064,0.15,-0.09078063815832138,Patch transformer,SNV + patches(16)
N,240,1,5,bcbcaac310de1aeefcdf0b9d9055ebe1,0.43833,0.07937819,0.15,0.3589518123435974,Patch transformer,SNV + patches(16)
N,240,1,5,150125e53673d96a235ce58eb2271728,0.2276,0.16524194,0.15,0.06235805819034576,Patch transformer,SNV + patches(16)
N,240,1,5,602ae701fbefa56dafe6dbdca1e75ccc,0.29515,0.22682647,0.15,0.06832352592945101,Patch transformer,SNV + patches(16)
N,240,1,5,6b2b1feff51712d72da0ba274cba6bad,0.60882,1.278293,0.15,-0.6694730135726928,Patch transformer,SNV + patches(16)
N,240,1,5,b40e079751b59225cd8a0fdcf646e5d5,0.63714,0.94207287,0.15,-0.30493286834716793,Patch transformer,SNV + patches(16)
N,240,1,5,b094a57054220e1285c9fa037c85881c,0.08137,0.05913305,0.15,0.022236950899362562,Patch transformer,SNV + patches(16)
N,240,1,5,3e902c9e02a828df1bf213a5ca1e89f4,0.08421,0.2957823,0.15,-0.21157229784965514,Patch transformer,SNV + patches(16)
N,240,1,5,40dc35546eb0ecd8851a80cf181c1e4c,0.45149,0.23015976,0.15,0.22133024047851563,Patch transformer,SNV + patches(16)
N,240,1,5,fbcc4c6effaa7272a5f83fa6d42086aa,0.08878,0.19405828,0.15,-0.10527828416347504,Patch transformer,SNV + patches(16)
N,240,1,5,14727d76b56b8171d767726ae89fad41,0.03255,0.059054,0.15,-0.02650399844050407,Patch transformer,SNV + patches(16)
N,240,1,5,a2a8a0979fc6dd9c5bc20a00827eff7c,0.54787,0.21984147,0.15,0.3280285346460342,Patch transformer,SNV + patches(16)
N,240,1,5,e6a65d600d5a7a7267043aca3ed00f14,1.01907,1.4529033,0.15,-0.4338332707214356,Patch transformer,SNV + patches(16)
N,240,1,5,b4381858fc9b76b89165544f2afeee86,0.02005,0.04558284,0.15,-0.025532838356494905,Patch transformer,SNV + patches(16)
N,240,1,5,613aec5e5aa0315c05dcbe1218854375,0.14277,0.21316925,0.15,-0.07039924691200256,Patch transformer,SNV + patches(16)
N,240,1,5,a15aa9c2a766f6dc67b355997d277a1a,0.4694,0.25512353,0.15,0.21427647414207457,Patch transformer,SNV + patches(16)
N,240,1,5,defb6c0eb3c6e2193f618544f3b06a38,0.26391,0.20012993,0.15,0.06378007379531858,Patch transformer,SNV + patches(16)
N,240,1,5,a90babd6cbaf6abaf30a1f8874c1a7e0,1.73072,1.874526,0.15,-0.14380602386474606,Patch transformer,SNV + patches(16)
P,240,1,5,a9fef1c7afb7ecd702b97eea9877847f,0.0,1.341209,5.7587399999999995,-1.341209053993225,Patch transformer,SNV + patches(16)
P,240,1,5,171f1950c34fade461d8f31ec7b541aa,0.0,2.0552206,5.7587399999999995,-2.055220603942871,Patch transformer,SNV + patches(16)
P,240,1,5,8faafffca19a188f3f01a1a80045ee3e,0.97178,32.084927,5.7587399999999995,-31.11314660522461,Patch transformer,SNV + patches(16)
P,240,1,5,d0d71d3eccc407738b0ae371f32a31a0,11.57805,11.911786,5.7587399999999995,-0.333736079406739,Patch transformer,SNV + patches(16)
P,240,1,5,528c525f69e9c41adb90f71d886f5cbd,6.53359,5.4475574,5.7587399999999995,1.08603255065918,Patch transformer,SNV + patches(16)
P,240,1,5,e9a496477ff32b111ac8ef1f6448dec9,0.92289,5.8873773,5.7587399999999995,-4.964487262115479,Patch transformer,SNV + patches(16)
P,240,1,5,c114fd7deae42087498cb7edadae9168,4.60117,2.0137498,5.7587399999999995,2.5874201621246335,Patch transformer,SNV + patches(16)
P,240,1,5,6f24783cbf17d29281c411994b2b8667,10.8351,5.4729156,5.7587399999999995,5.362184350585938,Patch transformer,SNV + patches(16)
P,240,1,5,734e3062f32e019691b61a48756e3313,52.69437,9.488597,5.7587399999999995,43.20577308380127,Patch transformer,SNV + patches(16)
P,240,1,5,8516cee2d21933ae7a35b62e39db7c95,0.73324,1.9347878,5.7587399999999995,-1.2015477502441407,Patch transformer,SNV + patches(16)
P,240,1,5,412cbf2c090f0135a2dd7d26a16ac46b,0.0,14.997814,5.7587399999999995,-14.997814178466797,Patch transformer,SNV + patches(16)
P,240,1,5,59c704cc8e2b4ee050ea8a34bff1eadd,84.4,3.9881802,5.7587399999999995,80.41181983947754,Patch transformer,SNV + patches(16)
P,240,1,5,51c963bad01d047d23f6b6921cf5a237,6.7511,7.7381387,5.7587399999999995,-0.9870386756896972,Patch transformer,SNV + patches(16)
P,240,1,5,f06bd68c23c44d9438ebcce434d51810,0.61832,10.343113,5.7587399999999995,-9.72479294555664,Patch transformer,SNV + patches(16)
P,240,1,5,f1e6f9a39db8847f9d921dd6d79d1e1b,39.92523,11.525959,5.7587399999999995,28.39927098510742,Patch transformer,SNV + patches(16)
P,240,1,5,9bd8d4d5efc849ccca622c214e38d240,36.81465,11.013537,5.7587399999999995,25.801112593078614,Patch transformer,SNV + patches(16)
P,240,1,5,29321834766f5f48a95b17f094cc336f,9.31701,11.7282295,5.7587399999999995,-2.4112195227050783,Patch transformer,SNV + patches(16)
P,240,1,5,8128d56631a7f6447e40e74dc11ff064,4.12422,28.062895,5.7587399999999995,-23.93867482116699,Patch transformer,SNV + patches(16)
P,240,1,5,8103b882b97ff175ecc061989ede5024,4.12326,14.855345,5.7587399999999995,-10.732084772338867,Patch transformer,SNV + patches(16)
P,240,1,5,0264138a7644659aad5d4b1284513788,40.53389,11.065484,5.7587399999999995,29.468405953063964,Patch transformer,SNV + patches(16)
P,240,1,5,d09cee4a1c44977d7d98d49fa4624661,21.49851,5.1107244,5.7587399999999995,16.387785550842285,Patch transformer,SNV + patches(16)
P,240,1,5,fe9816b5ad430765c8bd5a6bda62a95e,42.56622,15.815609,5.7587399999999995,26.750611021728517,Patch transformer,SNV + patches(16)
P,240,1,5,2715e22241ff0bbea31ba46239f09e6e,0.64005,4.5728455,5.7587399999999995,-3.932795458984375,Patch transformer,SNV + patches(16)
P,240,1,5,35ec662104b460940a363f825351e109,0.0,3.5073383,5.7587399999999995,-3.507338285446167,Patch transformer,SNV + patches(16)
P,240,1,5,4120f2755c44173c540a48976ff898a8,23.15034,2.4052203,5.7587399999999995,20.74511972984314,Patch transformer,SNV + patches(16)
P,240,1,5,32f69b4168bbfd25cc69f8b75f425f0f,59.9,11.375163,5.7587399999999995,48.52483692169189,Patch transformer,SNV + patches(16)
P,240,1,5,2ef6218d5d2723bea486f32168ac377a,27.68535,8.880684,5.7587399999999995,18.80466610107422,Patch transformer,SNV + patches(16)
P,240,1,5,67196c55bbf3b9549498e1187ccf73f5,17.89559,11.456319,5.7587399999999995,6.439271144714354,Patch transformer,SNV + patches(16)
P,240,1,5,a2a76efe45d6f7b6587d20f73b279f40,1.29892,2.1719234,5.7587399999999995,-0.8730033989715575,Patch transformer,SNV + patches(16)
P,240,1,5,ea03b67bbcafb6c248af3d6d57b2d224,1.85439,11.592409,5.7587399999999995,-9.738019133911132,Patch transformer,SNV + patches(16)
P,240,1,5,8002e7ca727acbcc3c403f2bbef73738,2.02724,3.324772,5.7587399999999995,-1.2975318811035157,Patch transformer,SNV + patches(16)
P,240,1,5,bcbcaac310de1aeefcdf0b9d9055ebe1,6.2358,2.30382,5.7587399999999995,3.931980105209351,Patch transformer,SNV + patches(16)
P,240,1,5,150125e53673d96a235ce58eb2271728,16.24421,5.445205,5.7587399999999995,10.799004788360595,Patch transformer,SNV + patches(16)
P,240,1,5,602ae701fbefa56dafe6dbdca1e75ccc,4.76923,15.736403,5.7587399999999995,-10.967173465270996,Patch transformer,SNV + patches(16)
P,240,1,5,6b2b1feff51712d72da0ba274cba6bad,2.43009,12.737232,5.7587399999999995,-10.307142208251953,Patch transformer,SNV + patches(16)
P,240,1,5,b40e079751b59225cd8a0fdcf646e5d5,17.13148,13.627116,5.7587399999999995,3.5043637966918944,Patch transformer,SNV + patches(16)
P,240,1,5,b094a57054220e1285c9fa037c85881c,1.27554,2.6332047,5.7587399999999995,-1.3576646985626222,Patch transformer,SNV + patches(16)
P,240,1,5,3e902c9e02a828df1bf213a5ca1e89f4,5.97009,32.515472,5.7587399999999995,-26.545382412109376,Patch transformer,SNV + patches(16)
P,240,1,5,40dc35546eb0ecd8851a80cf181c1e4c,20.7131,13.896508,5.7587399999999995,6.816591783142091,Patch transformer,SNV + patches(16)
P,240,1,5,fbcc4c6effaa7272a5f83fa6d42086aa,0.16104,4.6278973,5.7587399999999995,-4.466857262573242,Patch transformer,SNV + patches(16)
P,240,1,5,14727d76b56b8171d767726ae89fad41,1.83876,2.1958034,5.7587399999999995,-0.35704340385437017,Patch transformer,SNV + patches(16)
P,240,1,5,a2a8a0979fc6dd9c5bc20a00827eff7c,3.58397,5.8445377,5.7587399999999995,-2.2605677349853517,Patch transformer,SNV + patches(16)
P,240,1,5,e6a65d600d5a7a7267043aca3ed00f14,15.77852,11.432882,5.7587399999999995,4.345637691040039,Patch transformer,SNV + patches(16)
P,240,1,5,b4381858fc9b76b89165544f2afeee86,0.08237,1.5282546,5.7587399999999995,-1.4458846281814575,Patch transformer,SNV + patches(16)
P,240,1,5,613aec5e5aa0315c05dcbe1218854375,0.0,32.64053,5.7587399999999995,-32.64052963256836,Patch transformer,SNV + patches(16)
P,240,1,5,a15aa9c2a766f6dc67b355997d277a1a,5.41977,14.1859665,5.7587399999999995,-8.766196491699219,Patch transformer,SNV + patches(16)
P,240,1,5,defb6c0eb3c6e2193f618544f3b06a38,22.89185,13.684722,5.7587399999999995,9.207128053283693,Patch transformer,SNV + patches(16)
P,240,1,5,a90babd6cbaf6abaf30a1f8874c1a7e0,7.1823,10.627539,5.7587399999999995,-3.4452386810302738,Patch transformer,SNV + patches(16)
K,240,1,5,a9fef1c7afb7ecd702b97eea9877847f,0.29413269220932,0.28670472,0.453435,0.007427973142700106,Patch transformer,SNV + patches(16)
K,240,1,5,171f1950c34fade461d8f31ec7b541aa,0.459870070080311,0.5573833,0.453435,-0.09751322879359037,Patch transformer,SNV + patches(16)
K,240,1,5,8faafffca19a188f3f01a1a80045ee3e,0.63937,4.0641375,0.453435,-3.4247674588012695,Patch transformer,SNV + patches(16)
K,240,1,5,d0d71d3eccc407738b0ae371f32a31a0,1.4833,0.39633563,0.453435,1.086964368391037,Patch transformer,SNV + patches(16)
K,240,1,5,528c525f69e9c41adb90f71d886f5cbd,0.09732,2.421556,0.453435,-2.3242359959411623,Patch transformer,SNV + patches(16)
K,240,1,5,e9a496477ff32b111ac8ef1f6448dec9,0.4578,0.884132,0.453435,-0.4263320276260376,Patch transformer,SNV + patches(16)
K,240,1,5,c114fd7deae42087498cb7edadae9168,0.15672,0.33637175,0.453435,-0.1796517496395111,Patch transformer,SNV + patches(16)
K,240,1,5,6f24783cbf17d29281c411994b2b8667,1.76538,0.6552318,0.453435,1.110148226146698,Patch transformer,SNV + patches(16)
K,240,1,5,734e3062f32e019691b61a48756e3313,2.49707,0.50340706,0.453435,1.9936629388999938,Patch transformer,SNV + patches(16)
K,240,1,5,8516cee2d21933ae7a35b62e39db7c95,0.24685,0.31036285,0.453435,-0.06351284565925597,Patch transformer,SNV + patches(16)
K,240,1,5,412cbf2c090f0135a2dd7d26a16ac46b,1.23740344774669,0.5591869,0.453435,0.6782165719265301,Patch transformer,SNV + patches(16)
K,240,1,5,59c704cc8e2b4ee050ea8a34bff1eadd,1.495728681774,1.5113534,0.453435,-0.015624691753526765,Patch transformer,SNV + patches(16)
K,240,1,5,51c963bad01d047d23f6b6921cf5a237,0.04287,0.8444698,0.453435,-0.8015997856903077,Patch transformer,SNV + patches(16)
K,240,1,5,f06bd68c23c44d9438ebcce434d51810,0.13809,2.4067776,0.453435,-2.2686876203155517,Patch transformer,SNV + patches(16)
K,240,1,5,f1e6f9a39db8847f9d921dd6d79d1e1b,2.38386,0.9801818,0.453435,1.4036781867599486,Patch transformer,SNV + patches(16)
K,240,1,5,9bd8d4d5efc849ccca622c214e38d240,6.1041,2.0307314,0.453435,4.073368560409546,Patch transformer,SNV + patches(16)
K,240,1,5,29321834766f5f48a95b17f094cc336f,0.66084,2.5930579,0.453435,-1.9322178708648683,Patch transformer,SNV + patches(16)
K,240,1,5,8128d56631a7f6447e40e74dc11ff064,5.60899,2.6833262,0.453435,2.9256637556457523,Patch transformer,SNV + patches(16)
K,240,1,5,8103b882b97ff175ecc061989ede5024,3.01236,2.0456028,0.453435,0.9667572015380861,Patch transformer,SNV + patches(16)
K,240,1,5,0264138a7644659aad5d4b1284513788,2.32864,0.70966417,0.453435,1.6189758340263367,Patch transformer,SNV + patches(16)
K,240,1,5,d09cee4a1c44977d7d98d49fa4624661,0.05748,0.48761263,0.453435,-0.4301326348972321,Patch transformer,SNV + patches(16)
K,240,1,5,fe9816b5ad430765c8bd5a6bda62a95e,2.41349,0.4229561,0.453435,1.9905338909530639,Patch transformer,SNV + patches(16)
K,240,1,5,2715e22241ff0bbea31ba46239f09e6e,0.29349,0.41622844,0.453435,-0.12273844338417056,Patch transformer,SNV + patches(16)
K,240,1,5,35ec662104b460940a363f825351e109,1.78116527699627,0.33593756,0.453435,1.4452277173916253,Patch transformer,SNV + patches(16)
K,240,1,5,4120f2755c44173c540a48976ff898a8,0.14679,0.20752473,0.453435,-0.06073473175525665,Patch transformer,SNV + patches(16)
K,240,1,5,32f69b4168bbfd25cc69f8b75f425f0f,3.04005319965216,1.0630931,0.453435,1.976960133436645,Patch transformer,SNV + patches(16)
K,240,1,5,2ef6218d5d2723bea486f32168ac377a,4.63306,1.6661079,0.453435,2.966952107009888,Patch transformer,SNV + patches(16)
K,240,1,5,67196c55bbf3b9549498e1187ccf73f5,0.74173,1.8021295,0.453435,-1.0603995070648193,Patch transformer,SNV + patches(16)
K,240,1,5,a2a76efe45d6f7b6587d20f73b279f40,0.04598,0.15523481,0.453435,-0.10925481369018555,Patch transformer,SNV + patches(16)
K,240,1,5,ea03b67bbcafb6c248af3d6d57b2d224,0.14072,0.4692875,0.453435,-0.32856751468658446,Patch transformer,SNV + patches(16)
K,240,1,5,8002e7ca727acbcc3c403f2bbef73738,0.0952,0.30260876,0.453435,-0.20740875821113586,Patch transformer,SNV + patches(16)
K,240,1,5,bcbcaac310de1aeefcdf0b9d9055ebe1,1.39061,0.16237973,0.453435,1.22823027323246,Patch transformer,SNV + patches(16)
K,240,1,5,150125e53673d96a235ce58eb2271728,1.7087,1.7847683,0.453435,-0.07606834297180165,Patch transformer,SNV + patches(16)
K,240,1,5,602ae701fbefa56dafe6dbdca1e75ccc,0.04269,0.35374328,0.453435,-0.3110532849407196,Patch transformer,SNV + patches(16)
K,240,1,5,6b2b1feff51712d72da0ba274cba6bad,0.15744,0.27197772,0.453435,-0.11453772264480591,Patch transformer,SNV + patches(16)
K,240,1,5,b40e079751b59225cd8a0fdcf646e5d5,1.64217,0.8191927,0.453435,0.8229772924613952,Patch transformer,SNV + patches(16)
K,240,1,5,b094a57054220e1285c9fa037c85881c,0.24863,0.33786902,0.453435,-0.08923901831626893,Patch transformer,SNV + patches(16)
K,240,1,5,3e902c9e02a828df1bf213a5ca1e89f4,0.33477,1.9136761,0.453435,-1.578906142692566,Patch transformer,SNV + patches(16)
K,240,1,5,40dc35546eb0ecd8851a80cf181c1e4c,2.12338,0.7883972,0.453435,1.334982807044983,Patch transformer,SNV + patches(16)
K,240,1,5,fbcc4c6effaa7272a5f83fa6d42086aa,0.22771,0.9448503,0.453435,-0.7171403255844117,Patch transformer,SNV + patches(16)
K,240,1,5,14727d76b56b8171d767726ae89fad41,0.07066,0.44010332,0.453435,-0.36944332226753235,Patch transformer,SNV + patches(16)
K,240,1,5,a2a8a0979fc6dd9c5bc20a00827eff7c,0.25147,0.17516014,0.453435,0.07630986020088198,Patch transformer,SNV + patches(16)
K,240,1,5,e6a65d600d5a7a7267043aca3ed00f14,0.29283,0.7427928,0.453435,-0.4499627851676941,Patch transformer,SNV + patches(16)
K,240,1,5,b4381858fc9b76b89165544f2afeee86,0.04511,0.21921858,0.453435,-0.17410858191490175,Patch transformer,SNV + patches(16)
K,240,1,5,613aec5e5aa0315c05dcbe1218854375,0.42331,2.7385628,0.453435,-2.315252822341919,Patch transformer,SNV + patches(16)
K,240,1,5,a15aa9c2a766f6dc67b355997d277a1a,0.63746,2.0182393,0.453435,-1.3807792597198487,Patch transformer,SNV + patches(16)
K,240,1,5,defb6c0eb3c6e2193f618544f3b06a38,0.35353,0.81206685,0.453435,-0.4585368530464172,Patch transformer,SNV + patches(16)
K,240,1,5,a90babd6cbaf6abaf30a1f8874c1a7e0,0.25618,1.2818061,0.453435,-1.0256261113357543,Patch transformer,SNV + patches(16)
N,300,1,1,9bf40fbc33c25dcf39d7b57bd6fc29b0,0.01018,0.08584922,0.15628999999999998,-0.07566921807050705,Patch transformer,SNV + patches(16)
N,300,1,1,01fc386431af7ef46743dcb5fd1b13bd,1.05686,0.47184813,0.15628999999999998,0.5850118697738647,Patch transformer,SNV + patches(16)
N,300,1,1,81228fd19ca25eb008810fdd04a25070,0.04,0.13836202,0.15628999999999998,-0.09836202025413512,Patch transformer,SNV + patches(16)
N,300,1,1,a54c94d278344e81ad0267025f57fa43,0.001,0.04273958,0.15628999999999998,-0.04173958131670952,Patch transformer,SNV + patches(16)
N,300,1,1,d0d71d3eccc407738b0ae371f32a31a0,0.30446,0.17659825,0.15628999999999998,0.12786174913406373,Patch transformer,SNV + patches(16)
N,300,1,1,e9a496477ff32b111ac8ef1f6448dec9,0.05318,0.090587586,0.15628999999999998,-0.03740758616447449,Patch transformer,SNV + patches(16)
N,300,1,1,4859dec60a5e518c6ae010e360aaa43f,0.03016,0.07585041,0.15628999999999998,-0.045690412249565125,Patch transformer,SNV + patches(16)
N,300,1,1,bc9350958e979068ecea1ca1db7a83d1,1.16226,0.054438353,0.15628999999999998,1.1078216474151612,Patch transformer,SNV + patches(16)
N,300,1,1,0a28321e068f9a8574a41d937943e9f7,0.12,0.16634646,0.15628999999999998,-0.04634646058082581,Patch transformer,SNV + patches(16)
N,300,1,1,f917123e0bedd68406229288befd3fb1,0.0,0.026228998,0.15628999999999998,-0.026228997856378555,Patch transformer,SNV + patches(16)
N,300,1,1,240c629cc1d23ba8c3f97fee48b615a2,0.23835,0.10182518,0.15628999999999998,0.13652482233047486,Patch transformer,SNV + patches(16)
N,300,1,1,bf64cb8289dd48b77e9cdb4a7931195a,0.06039,0.04626604,0.15628999999999998,0.014123958303928374,Patch transformer,SNV + patches(16)
N,300,1,1,2f4777b391f272e05496ed9099bcec35,0.526107186118841,0.6306392,0.15628999999999998,-0.10453200932335871,Patch transformer,SNV + patches(16)
N,300,1,1,2fc52618db0f54af64e6f7c3fcbd5f80,0.17051,0.10160971,0.15628999999999998,0.06890029312133789,Patch transformer,SNV + patches(16)
N,300,1,1,275a3116c289cc0f7710af34cfd8e8d1,0.0,0.12824862,0.15628999999999998,-0.12824861705303192,Patch transformer,SNV + patches(16)
N,300,1,1,277863bfb0bccfdf32cbf71d40f4adda,0.3046,0.14915168,0.15628999999999998,0.15544831714630125,Patch transformer,SNV + patches(16)
N,300,1,1,dea143ad50e70eee95b6c98591c145f7,0.07818,0.11371027,0.15628999999999998,-0.03553026933193207,Patch transformer,SNV + patches(16)
N,300,1,1,0a93017d626f4095956e86db556c0ced,0.12,0.0716518,0.15628999999999998,0.04834819853305816,Patch transformer,SNV + patches(16)
N,300,1,1,89665c00349498e053950cff51fef46b,0.20247,0.24281067,0.15628999999999998,-0.0403406665611267,Patch transformer,SNV + patches(16)
N,300,1,1,6a01a50ec5c840206413f752d8222fa0,0.01502,0.06628741,0.15628999999999998,-0.051267413239479066,Patch transformer,SNV + patches(16)
N,300,1,1,1ca5fbcad50377b3ef0efb63f3e6e73f,0.34311,0.37589496,0.15628999999999998,-0.032784963741302464,Patch transformer,SNV + patches(16)
N,300,1,1,015d0847da9241dc820978eea55a4883,0.09935,0.17552318,0.15628999999999998,-0.07617317678928376,Patch transformer,SNV + patches(16)
N,300,1,1,6077494301dad9ac26c3c08933e03b53,1.18802,2.4418423,0.15628999999999998,-1.2538223175811767,Patch transformer,SNV + patches(16)
N,300,1,1,89dc66b8bc31070a6770a8388238c48b,1.44048,0.762588,0.15628999999999998,0.6778919758605957,Patch transformer,SNV + patches(16)
N,300,1,1,85dd08cc078e18c4d025f95ed10ac17a,1.05399,0.6274475,0.15628999999999998,0.4265425140762329,Patch transformer,SNV + patches(16)
N,300,1,1,482f5898758113a5bcc30e6f3304d3a8,0.20836,0.08977246,0.15628999999999998,0.11858753715515136,Patch transformer,SNV + patches(16)
N,300,1,1,fac936a0280a8651275c3535754482cc,0.19222,0.041449696,0.15628999999999998,0.15077030417442322,Patch transformer,SNV + patches(16)
N,300,1,1,2715e22241ff0bbea31ba46239f09e6e,0.09125,0.069015175,0.15628999999999998,0.022234824895858762,Patch transformer,SNV + patches(16)
N,300,1,1,e698b52d2c065293b77fd39de18b4128,0.0242,0.054800287,0.15628999999999998,-0.030600286889076234,Patch transformer,SNV + patches(16)
N,300,1,1,4498b77faad0f41e4d301625f46bfd0e,0.18812,0.040838715,0.15628999999999998,0.14728128531098367,Patch transformer,SNV + patches(16)
N,300,1,1,150125e53673d96a235ce58eb2271728,0.2276,0.06271687,0.15628999999999998,0.16488312849998474,Patch transformer,SNV + patches(16)
N,300,1,1,2e821520c82f3003ef30fa4ce2d5d62f,0.67914,0.9129471,0.15628999999999998,-0.23380711828231815,Patch transformer,SNV + patches(16)
N,300,1,1,b094a57054220e1285c9fa037c85881c,0.08137,0.04739535,0.15628999999999998,0.03397465145111084,Patch transformer,SNV + patches(16)
N,300,1,1,5e5aad2f39784526c92d9e9f3d6a1004,0.09324,0.05617197,0.15628999999999998,0.037068031420707706,Patch transformer,SNV + patches(16)
N,300,1,1,4f91e748e08d3dca1356b09bbf1c7ca6,0.50179,0.12411442,0.15628999999999998,0.3776755834603309,Patch transformer,SNV + patches(16)
N,300,1,1,f853e809c26dcde2f67fe948180eee31,0.10191,0.111589916,0.15628999999999998,-0.009679916050434112,Patch transformer,SNV + patches(16)
N,300,1,1,564495f729adafaf675ee60508af6972,0.01136,0.07495552,0.15628999999999998,-0.06359552301406861,Patch transformer,SNV + patches(16)
N,300,1,1,f373704bc5e76613392f1db6b4b47f44,0.16576,0.08485804,0.15628999999999998,0.0809019624686241,Patch transformer,SNV + patches(16)
N,300,1,1,24e56dbadc7613c481a96d1dcf374c94,0.06192,0.10332714,0.15628999999999998,-0.04140714021205902,Patch transformer,SNV + patches(16)
N,300,1,1,a876390403673411d1fae50324ec5e4f,0.09061,0.08295763,0.15628999999999998,0.007652367160320278,Patch transformer,SNV + patches(16)
N,300,1,1,b76159d6e54cb176005728e3119d27bb,2.50133,2.2567542,0.15628999999999998,0.24457584007263167,Patch transformer,SNV + patches(16)
N,300,1,1,f405eaf8cd6147de20b9a4ba58474051,0.0654,0.06423399,0.15628999999999998,0.0011660114765167234,Patch transformer,SNV + patches(16)
N,300,1,1,2f2094747b4b62d53b208ebe0f78bd5f,0.08389,0.07072339,0.15628999999999998,0.013166607930660254,Patch transformer,SNV + patches(16)
N,300,1,1,8d261f2366860390398a8b296dc70bc2,0.38694,0.37066132,0.15628999999999998,0.016278681697845465,Patch transformer,SNV + patches(16)
N,300,1,1,3d332786462a4019013e1d7404302fb4,0.30074,0.35911632,0.15628999999999998,-0.0583763158416748,Patch transformer,SNV + patches(16)
N,300,1,1,455f401321ca53b008a3d0d829078c9a,0.09081,0.030668207,0.15628999999999998,0.06014179348707199,Patch transformer,SNV + patches(16)
N,300,1,1,0b90849d880311505e4372a6898d6199,0.27052,0.09782575,0.15628999999999998,0.17269424929141997,Patch transformer,SNV + patches(16)
N,300,1,1,c834aaa9a67b0de316a58d4d572cdec1,0.77611,0.6945083,0.15628999999999998,0.08160168586730954,Patch transformer,SNV + patches(16)
N,300,1,1,15b43b4eb75ce849305904f83de2745b,0.49891,1.0193177,0.15628999999999998,-0.5204077461624146,Patch transformer,SNV + patches(16)
N,300,1,1,91ced3c7c03c6cbe8b6cab31c9ff10d5,0.02888,0.046731617,0.15628999999999998,-0.0178516173017025,Patch transformer,SNV + patches(16)
N,300,1,1,e08d986f736bdc9383788dc4e6b93528,0.08278,0.11528597,0.15628999999999998,-0.03250597027063369,Patch transformer,SNV + patches(16)
N,300,1,1,72340ddb9581fd1269c3c0c79779720d,0.17979,0.10202476,0.15628999999999998,0.07776524362802506,Patch transformer,SNV + patches(16)
N,300,1,1,c017dbcb7d506744045409a577d8be20,0.99719,0.8110849,0.15628999999999998,0.18610507387161257,Patch transformer,SNV + patches(16)
N,300,1,1,b70c21908127a922dbd4ce4005f413fb,0.12557,0.06512479,0.15628999999999998,0.0604452126097679,Patch transformer,SNV + patches(16)
N,300,1,1,e3e665ce13a14a5da8c3572c2f43169b,0.08577,0.08846339,0.15628999999999998,-0.0026933883833885203,Patch transformer,SNV + patches(16)
N,300,1,1,6af48ceed55cee4a5d8d30974d286fd3,0.04787,0.11654995,0.15628999999999998,-0.06867994636774064,Patch transformer,SNV + patches(16)
N,300,1,1,2f5a749e92589fd18b41533e81008550,0.05005,0.101896614,0.15628999999999998,-0.051846613836288455,Patch transformer,SNV + patches(16)
N,300,1,1,ef60208e20ec4b1dfdc3e1f7ddd198d7,2.14753,2.469202,0.15628999999999998,-0.3216720416259764,Patch transformer,SNV + patches(16)
N,300,1,1,c96565d7dd852854b59bd74b57f5c9c2,3.27383,0.968669,0.15628999999999998,2.3051610027122496,Patch transformer,SNV + patches(16)
N,300,1,1,0316815cbc802093747eeee9c674fbc2,0.03499,0.13424073,0.15628999999999998,-0.09925073159694672,Patch transformer,SNV + patches(16)
P,300,1,1,9bf40fbc33c25dcf39d7b57bd6fc29b0,0.0,3.0376194,5.11801,-3.0376193523406982,Patch transformer,SNV + patches(16)
P,300,1,1,01fc386431af7ef46743dcb5fd1b13bd,22.68916,5.837329,5.11801,16.851831089172364,Patch transformer,SNV + patches(16)
P,300,1,1,81228fd19ca25eb008810fdd04a25070,16.5,3.139378,5.11801,13.360621929168701,Patch transformer,SNV + patches(16)
P,300,1,1,a54c94d278344e81ad0267025f57fa43,0.40792,3.6161494,5.11801,-3.208229425506592,Patch transformer,SNV + patches(16)
P,300,1,1,d0d71d3eccc407738b0ae371f32a31a0,11.57805,3.3527043,5.11801,8.225345713424682,Patch transformer,SNV + patches(16)
P,300,1,1,e9a496477ff32b111ac8ef1f6448dec9,0.92289,5.3085003,5.11801,-4.385610289916992,Patch transformer,SNV + patches(16)
P,300,1,1,4859dec60a5e518c6ae010e360aaa43f,2.1068,2.8823116,5.11801,-0.7755115825653078,Patch transformer,SNV + patches(16)
P,300,1,1,bc9350958e979068ecea1ca1db7a83d1,2.842,5.105455,5.11801,-2.263454921722412,Patch transformer,SNV + patches(16)
P,300,1,1,0a28321e068f9a8574a41d937943e9f7,0.0,4.5580244,5.11801,-4.5580244064331055,Patch transformer,SNV + patches(16)
P,300,1,1,f917123e0bedd68406229288befd3fb1,1.57498,3.5003195,5.11801,-1.925339480895996,Patch transformer,SNV + patches(16)
P,300,1,1,240c629cc1d23ba8c3f97fee48b615a2,64.31502,5.277739,5.11801,59.037280951995854,Patch transformer,SNV + patches(16)
P,300,1,1,bf64cb8289dd48b77e9cdb4a7931195a,0.10287,2.8664246,5.11801,-2.763554560546875,Patch transformer,SNV + patches(16)
P,300,1,1,2f4777b391f272e05496ed9099bcec35,20.5083844671796,4.546076,5.11801,15.962308646256748,Patch transformer,SNV + patches(16)
P,300,1,1,2fc52618db0f54af64e6f7c3fcbd5f80,59.79796,4.977173,5.11801,54.8207871484375,Patch transformer,SNV + patches(16)
P,300,1,1,275a3116c289cc0f7710af34cfd8e8d1,0.33786,3.0682485,5.11801,-2.7303885103607177,Patch transformer,SNV + patches(16)
P,300,1,1,277863bfb0bccfdf32cbf71d40f4adda,10.04155,4.2920985,5.11801,5.749451477813722,Patch transformer,SNV + patches(16)
P,300,1,1,dea143ad50e70eee95b6c98591c145f7,0.88329,3.5081313,5.11801,-2.6248412656402587,Patch transformer,SNV + patches(16)
P,300,1,1,0a93017d626f4095956e86db556c0ced,65.9,2.8285766,5.11801,63.07142343521119,Patch transformer,SNV + patches(16)
P,300,1,1,89665c00349498e053950cff51fef46b,20.4891,4.2132025,5.11801,16.275897523498536,Patch transformer,SNV + patches(16)
P,300,1,1,6a01a50ec5c840206413f752d8222fa0,0.59482,3.8769639,5.11801,-3.2821438538360597,Patch transformer,SNV + patches(16)
P,300,1,1,1ca5fbcad50377b3ef0efb63f3e6e73f,16.26978,6.40326,5.11801,9.866519768981934,Patch transformer,SNV + patches(16)
P,300,1,1,015d0847da9241dc820978eea55a4883,42.99017,5.235068,5.11801,37.75510215560913,Patch transformer,SNV + patches(16)
P,300,1,1,6077494301dad9ac26c3c08933e03b53,2.75976,10.138596,5.11801,-7.3788355810546875,Patch transformer,SNV + patches(16)
P,300,1,1,89dc66b8bc31070a6770a8388238c48b,35.1897,5.6528306,5.11801,29.536869399261477,Patch transformer,SNV + patches(16)
P,300,1,1,85dd08cc078e18c4d025f95ed10ac17a,9.01337,5.0875535,5.11801,3.9258164988708497,Patch transformer,SNV + patches(16)
P,300,1,1,482f5898758113a5bcc30e6f3304d3a8,33.11378,6.2914667,5.11801,26.82231328704834,Patch transformer,SNV + patches(16)
P,300,1,1,fac936a0280a8651275c3535754482cc,2.12555,4.776584,5.11801,-2.6510341484069824,Patch transformer,SNV + patches(16)
P,300,1,1,2715e22241ff0bbea31ba46239f09e6e,0.64005,2.9669635,5.11801,-2.326913529586792,Patch transformer,SNV + patches(16)
P,300,1,1,e698b52d2c065293b77fd39de18b4128,16.81832,2.9680345,5.11801,13.850285494155884,Patch transformer,SNV + patches(16)
P,300,1,1,4498b77faad0f41e4d301625f46bfd0e,69.76589,3.1153152,5.11801,66.65057480110168,Patch transformer,SNV + patches(16)
P,300,1,1,150125e53673d96a235ce58eb2271728,16.24421,4.7815247,5.11801,11.462685341796874,Patch transformer,SNV + patches(16)
P,300,1,1,2e821520c82f3003ef30fa4ce2d5d62f,35.33599,6.167341,5.11801,29.168648767700198,Patch transformer,SNV + patches(16)
P,300,1,1,b094a57054220e1285c9fa037c85881c,1.27554,2.9926283,5.11801,-1.717088335952759,Patch transformer,SNV + patches(16)
P,300,1,1,5e5aad2f39784526c92d9e9f3d6a1004,7.31611,5.52712,5.11801,1.7889898866271974,Patch transformer,SNV + patches(16)
P,300,1,1,4f91e748e08d3dca1356b09bbf1c7ca6,8.9197,3.6617684,5.11801,5.257931563568116,Patch transformer,SNV + patches(16)
P,300,1,1,f853e809c26dcde2f67fe948180eee31,0.0,4.2298126,5.11801,-4.2298126220703125,Patch transformer,SNV + patches(16)
P,300,1,1,564495f729adafaf675ee60508af6972,4.85062,4.3257804,5.11801,0.5248396083068849,Patch transformer,SNV + patches(16)
P,300,1,1,f373704bc5e76613392f1db6b4b47f44,25.53047,3.276574,5.11801,22.25389610359192,Patch transformer,SNV + patches(16)
P,300,1,1,24e56dbadc7613c481a96d1dcf374c94,0.02263,3.1899266,5.11801,-3.1672966242980958,Patch transformer,SNV + patches(16)
P,300,1,1,a876390403673411d1fae50324ec5e4f,2.17904,2.9360747,5.11801,-0.7570347337341308,Patch transformer,SNV + patches(16)
P,300,1,1,b76159d6e54cb176005728e3119d27bb,47.79287,9.810315,5.11801,37.98255486785889,Patch transformer,SNV + patches(16)
P,300,1,1,f405eaf8cd6147de20b9a4ba58474051,13.86491,3.605328,5.11801,10.25958191696167,Patch transformer,SNV + patches(16)
P,300,1,1,2f2094747b4b62d53b208ebe0f78bd5f,29.27957,2.9977324,5.11801,26.281837599105835,Patch transformer,SNV + patches(16)
P,300,1,1,8d261f2366860390398a8b296dc70bc2,5.4191,5.535785,5.11801,-0.11668519821166967,Patch transformer,SNV + patches(16)
P,300,1,1,3d332786462a4019013e1d7404302fb4,7.79508,6.3121552,5.11801,1.4829247532653804,Patch transformer,SNV + patches(16)
P,300,1,1,455f401321ca53b008a3d0d829078c9a,3.76026,3.0721986,5.11801,0.6880613706207277,Patch transformer,SNV + patches(16)
P,300,1,1,0b90849d880311505e4372a6898d6199,82.4033,4.0611525,5.11801,78.34214754180908,Patch transformer,SNV + patches(16)
P,300,1,1,c834aaa9a67b0de316a58d4d572cdec1,32.97114,6.3109255,5.11801,26.660214516296385,Patch transformer,SNV + patches(16)
P,300,1,1,15b43b4eb75ce849305904f83de2745b,2.97489,5.8373437,5.11801,-2.862453692779541,Patch transformer,SNV + patches(16)
P,300,1,1,91ced3c7c03c6cbe8b6cab31c9ff10d5,1.53898,3.9995437,5.11801,-2.4605636668395996,Patch transformer,SNV + patches(16)
P,300,1,1,e08d986f736bdc9383788dc4e6b93528,0.98402,5.7545733,5.11801,-4.770553345184326,Patch transformer,SNV + patches(16)
P,300,1,1,72340ddb9581fd1269c3c0c79779720d,27.74149,5.8347454,5.11801,21.906744592895507,Patch transformer,SNV + patches(16)
P,300,1,1,c017dbcb7d506744045409a577d8be20,12.37615,5.6362867,5.11801,6.739863264465333,Patch transformer,SNV + patches(16)
P,300,1,1,b70c21908127a922dbd4ce4005f413fb,2.97315,4.327574,5.11801,-1.3544237762451172,Patch transformer,SNV + patches(16)
P,300,1,1,e3e665ce13a14a5da8c3572c2f43169b,3.79471,5.0055947,5.11801,-1.2108847303771975,Patch transformer,SNV + patches(16)
P,300,1,1,6af48ceed55cee4a5d8d30974d286fd3,1.18875,3.3728464,5.11801,-2.184096364974976,Patch transformer,SNV + patches(16)
P,300,1,1,2f5a749e92589fd18b41533e81008550,1.70069,3.1240942,5.11801,-1.4234042478179931,Patch transformer,SNV + patches(16)
P,300,1,1,ef60208e20ec4b1dfdc3e1f7ddd198d7,1.45344,9.655313,5.11801,-8.201872538146972,Patch transformer,SNV + patches(16)
P,300,1,1,c96565d7dd852854b59bd74b57f5c9c2,0.27523,6.7564306,5.11801,-6.481200625915528,Patch transformer,SNV + patches(16)
P,300,1,1,0316815cbc802093747eeee9c674fbc2,2.83416,7.756005,5.11801,-4.921844810333252,Patch transformer,SNV + patches(16)
K,300,1,1,9bf40fbc33c25dcf39d7b57bd6fc29b0,0.0,0.0775504,0.4152493979231675,-0.07755039632320404,Patch transformer,SNV + patches(16)
K,300,1,1,01fc386431af7ef46743dcb5fd1b13bd,0.39992,0.45870838,0.4152493979231675,-0.058788375692367556,Patch transformer,SNV + patches(16)
K,300,1,1,81228fd19ca25eb008810fdd04a25070,1.17755383907105,0.09310615,0.4152493979231675,1.0844476884439138,Patch transformer,SNV + patches(16)
K,300,1,1,a54c94d278344e81ad0267025f57fa43,0.0,0.19292071,0.4152493979231675,-0.1929207146167755,Patch transformer,SNV + patches(16)
K,300,1,1,d0d71d3eccc407738b0ae371f32a31a0,1.4833,-0.02717719,0.4152493979231675,1.5104771904081107,Patch transformer,SNV + patches(16)
K,300,1,1,e9a496477ff32b111ac8ef1f6448dec9,0.4578,0.6665977,0.4152493979231675,-0.20879772396087648,Patch transformer,SNV + patches(16)
K,300,1,1,4859dec60a5e518c6ae010e360aaa43f,0.0,-0.02690474,0.4152493979231675,0.026904739439487457,Patch transformer,SNV + patches(16)
K,300,1,1,bc9350958e979068ecea1ca1db7a83d1,1.64686,0.72958446,0.4152493979231675,0.9172755445098877,Patch transformer,SNV + patches(16)
K,300,1,1,0a28321e068f9a8574a41d937943e9f7,3.52805770116118,0.4146166,0.4152493979231675,3.1134410865810254,Patch transformer,SNV + patches(16)
K,300,1,1,f917123e0bedd68406229288befd3fb1,1.36008,0.3124324,0.4152493979231675,1.0476475916671752,Patch transformer,SNV + patches(16)
K,300,1,1,240c629cc1d23ba8c3f97fee48b615a2,0.67496,0.5284033,0.4152493979231675,0.14655671783447266,Patch transformer,SNV + patches(16)
K,300,1,1,bf64cb8289dd48b77e9cdb4a7931195a,0.15694,0.014871602,0.4152493979231675,0.14206839805334806,Patch transformer,SNV + patches(16)
K,300,1,1,2f4777b391f272e05496ed9099bcec35,0.316158946234623,0.062171027,0.4152493979231675,0.25398791917029956,Patch transformer,SNV + patches(16)
K,300,1,1,2fc52618db0f54af64e6f7c3fcbd5f80,2.14356,0.46909234,0.4152493979231675,1.6744676607227325,Patch transformer,SNV + patches(16)
K,300,1,1,275a3116c289cc0f7710af34cfd8e8d1,0.0,-0.018473767,0.4152493979231675,0.01847376674413681,Patch transformer,SNV + patches(16)
K,300,1,1,277863bfb0bccfdf32cbf71d40f4adda,0.21115,0.21515293,0.4152493979231675,-0.004002934193611141,Patch transformer,SNV + patches(16)
K,300,1,1,dea143ad50e70eee95b6c98591c145f7,0.64382,0.082120724,0.4152493979231675,0.5616992759776115,Patch transformer,SNV + patches(16)
K,300,1,1,0a93017d626f4095956e86db556c0ced,0.19489487953348,-0.016486734,0.4152493979231675,0.2113816136853202,Patch transformer,SNV + patches(16)
K,300,1,1,89665c00349498e053950cff51fef46b,0.31267,0.069200866,0.4152493979231675,0.24346913407564164,Patch transformer,SNV + patches(16)
K,300,1,1,6a01a50ec5c840206413f752d8222fa0,0.0,0.24950299,0.4152493979231675,-0.2495029866695404,Patch transformer,SNV + patches(16)
K,300,1,1,1ca5fbcad50377b3ef0efb63f3e6e73f,0.02306,0.66970414,0.4152493979231675,-0.6466441392326355,Patch transformer,SNV + patches(16)
K,300,1,1,015d0847da9241dc820978eea55a4883,2.94586,0.5225571,0.4152493979231675,2.4233029202079774,Patch transformer,SNV + patches(16)
K,300,1,1,6077494301dad9ac26c3c08933e03b53,0.49702,1.5118189,0.4152493979231675,-1.0147988858032226,Patch transformer,SNV + patches(16)
K,300,1,1,89dc66b8bc31070a6770a8388238c48b,0.65385,0.3002904,0.4152493979231675,0.3535595942497254,Patch transformer,SNV + patches(16)
K,300,1,1,85dd08cc078e18c4d025f95ed10ac17a,0.43062,0.17737797,0.4152493979231675,0.25324203097343445,Patch transformer,SNV + patches(16)
K,300,1,1,482f5898758113a5bcc30e6f3304d3a8,1.84126,0.86164767,0.4152493979231675,0.979612334499359,Patch transformer,SNV + patches(16)
K,300,1,1,fac936a0280a8651275c3535754482cc,1.65532,0.62329364,0.4152493979231675,1.0320263617706298,Patch transformer,SNV + patches(16)
K,300,1,1,2715e22241ff0bbea31ba46239f09e6e,0.29349,0.08776957,0.4152493979231675,0.2057204320335388,Patch transformer,SNV + patches(16)
K,300,1,1,e698b52d2c065293b77fd39de18b4128,0.30889,0.050600916,0.4152493979231675,0.25828908385276794,Patch transformer,SNV + patches(16)
K,300,1,1,4498b77faad0f41e4d301625f46bfd0e,0.90991,0.14680997,0.4152493979231675,0.7631000346279144,Patch transformer,SNV + patches(16)
K,300,1,1,150125e53673d96a235ce58eb2271728,1.7087,0.54707134,0.4152493979231675,1.16162866230011,Patch transformer,SNV + patches(16)
K,300,1,1,2e821520c82f3003ef30fa4ce2d5d62f,1.04024,0.3342122,0.4152493979231675,0.7060277862453461,Patch transformer,SNV + patches(16)
K,300,1,1,b094a57054220e1285c9fa037c85881c,0.24863,0.06578963,0.4152493979231675,0.182840367500782,Patch transformer,SNV + patches(16)
K,300,1,1,5e5aad2f39784526c92d9e9f3d6a1004,0.81111,0.81070185,0.4152493979231675,0.00040815292358398203,Patch transformer,SNV + patches(16)
K,300,1,1,4f91e748e08d3dca1356b09bbf1c7ca6,0.42809,0.1253634,0.4152493979231675,0.30272660538196566,Patch transformer,SNV + patches(16)
K,300,1,1,f853e809c26dcde2f67fe948180eee31,0.51267,0.27808943,0.4152493979231675,0.23458056609153743,Patch transformer,SNV + patches(16)
K,300,1,1,564495f729adafaf675ee60508af6972,2.9393,0.49319687,0.4152493979231675,2.446103125143051,Patch transformer,SNV + patches(16)
K,300,1,1,f373704bc5e76613392f1db6b4b47f44,0.04581,0.057671875,0.4152493979231675,-0.011861874761581424,Patch transformer,SNV + patches(16)
K,300,1,1,24e56dbadc7613c481a96d1dcf374c94,0.36105,0.06958545,0.4152493979231675,0.2914645500063896,Patch transformer,SNV + patches(16)
K,300,1,1,a876390403673411d1fae50324ec5e4f,0.63871,-0.009722287,0.4152493979231675,0.6484322868353128,Patch transformer,SNV + patches(16)
K,300,1,1,b76159d6e54cb176005728e3119d27bb,2.03619,1.4353465,0.4152493979231675,0.6008435158157348,Patch transformer,SNV + patches(16)
K,300,1,1,f405eaf8cd6147de20b9a4ba58474051,0.21513,0.2325986,0.4152493979231675,-0.017468602771759045,Patch transformer,SNV + patches(16)
K,300,1,1,2f2094747b4b62d53b208ebe0f78bd5f,1.96804,0.01914076,0.4152493979231675,1.9488992405170202,Patch transformer,SNV + patches(16)
K,300,1,1,8d261f2366860390398a8b296dc70bc2,3.62015,0.3045295,0.4152493979231675,3.3156205119132998,Patch transformer,SNV + patches(16)
K,300,1,1,3d332786462a4019013e1d7404302fb4,0.12096,0.69353807,0.4152493979231675,-0.5725780697250367,Patch transformer,SNV + patches(16)
K,300,1,1,455f401321ca53b008a3d0d829078c9a,0.067,0.0988464,0.4152493979231675,-0.03184639829397201,Patch transformer,SNV + patches(16)
K,300,1,1,0b90849d880311505e4372a6898d6199,1.01281,0.256735,0.4152493979231675,0.7560750029659271,Patch transformer,SNV + patches(16)
K,300,1,1,c834aaa9a67b0de316a58d4d572cdec1,0.51703,0.52581537,0.4152493979231675,-0.008785367698669444,Patch transformer,SNV + patches(16)
K,300,1,1,15b43b4eb75ce849305904f83de2745b,0.07015,0.22554833,0.4152493979231675,-0.15539832696914674,Patch transformer,SNV + patches(16)
K,300,1,1,91ced3c7c03c6cbe8b6cab31c9ff10d5,1.54124,0.41204357,0.4152493979231675,1.129196428527832,Patch transformer,SNV + patches(16)
K,300,1,1,e08d986f736bdc9383788dc4e6b93528,0.57007,0.72159916,0.4152493979231675,-0.15152916162490848,Patch transformer,SNV + patches(16)
K,300,1,1,72340ddb9581fd1269c3c0c79779720d,1.09765,0.7639179,0.4152493979231675,0.3337320770263672,Patch transformer,SNV + patches(16)
K,300,1,1,c017dbcb7d506744045409a577d8be20,0.19085,0.29727224,0.4152493979231675,-0.1064222351551056,Patch transformer,SNV + patches(16)
K,300,1,1,b70c21908127a922dbd4ce4005f413fb,0.35342,0.42170826,0.4152493979231675,-0.06828825600624083,Patch transformer,SNV + patches(16)
K,300,1,1,e3e665ce13a14a5da8c3572c2f43169b,0.59319,0.6191996,0.4152493979231675,-0.026009573993682866,Patch transformer,SNV + patches(16)
K,300,1,1,6af48ceed55cee4a5d8d30974d286fd3,0.0,0.14208795,0.4152493979231675,-0.14208795130252838,Patch transformer,SNV + patches(16)
K,300,1,1,2f5a749e92589fd18b41533e81008550,0.0,0.0024730098,0.4152493979231675,-0.0024730097502470016,Patch transformer,SNV + patches(16)
K,300,1,1,ef60208e20ec4b1dfdc3e1f7ddd198d7,0.0,1.2563918,0.4152493979231675,-1.2563917636871338,Patch transformer,SNV + patches(16)
K,300,1,1,c96565d7dd852854b59bd74b57f5c9c2,0.61211,0.55599,0.4152493979231675,0.05612001930236821,Patch transformer,SNV + patches(16)
K,300,1,1,0316815cbc802093747eeee9c674fbc2,0.70478,1.2570552,0.4152493979231675,-0.5522751633834839,Patch transformer,SNV + patches(16)
N,300,1,2,4901fbbecccbc8523b1ffc26d1b5d9a4,3.44367,1.1965224,0.15414,2.247147644920349,Patch transformer,SNV + patches(16)
N,300,1,2,b8d55a953c01cd342b1be147769776b5,0.0,-0.016529292,0.15414,0.01652929186820984,Patch transformer,SNV + patches(16)
N,300,1,2,7a9bac2ad491995c7f729047a2e1c164,0.10812,0.12418295,0.15414,-0.01606294697999955,Patch transformer,SNV + patches(16)
N,300,1,2,9e4373497959b939f4f7b4124dec6a45,0.15156,0.02453253,0.15414,0.1270274695432186,Patch transformer,SNV + patches(16)
N,300,1,2,e12ed1de4ae395e58114affd9feb299d,0.33,0.04174407,0.15414,0.2882559317350388,Patch transformer,SNV + patches(16)
N,300,1,2,eb4961960138f6541633f3eab3582e37,0.0,-0.05383011,0.15414,0.0538301095366478,Patch transformer,SNV + patches(16)
N,300,1,2,5db409bd7e44e43453b43ed15d6c220b,0.0,0.15359704,0.15414,-0.15359704196453094,Patch transformer,SNV + patches(16)
N,300,1,2,d2c3ecadc93aab25e7fa34de2435f03b,0.47639,0.35328326,0.15414,0.12310674370765684,Patch transformer,SNV + patches(16)
N,300,1,2,76f2ff22173a5bfeecb15c686f829c68,0.35,0.29811037,0.15414,0.05188963413238523,Patch transformer,SNV + patches(16)
N,300,1,2,9f4339b931b43a42fdc3ae24748e93c4,0.80472,0.28020117,0.15414,0.5245188331317902,Patch transformer,SNV + patches(16)
N,300,1,2,162b3559316de7b2dc7ac29c3e59a718,0.04864,0.065039225,0.15414,-0.01639922492265701,Patch transformer,SNV + patches(16)
N,300,1,2,bb4c7754e2857cd8e7b6fea4c3f2e3b4,0.17,0.10931301,0.15414,0.06068698883056642,Patch transformer,SNV + patches(16)
N,300,1,2,4398ab81f3375b3c43861282040717d5,0.03458,-0.0043214196,0.15414,0.03890141963392496,Patch transformer,SNV + patches(16)
N,300,1,2,f02d4e1a64456f33400e40f783eb26d5,0.85314,1.3282487,0.15414,-0.4751087392425537,Patch transformer,SNV + patches(16)
N,300,1,2,c114fd7deae42087498cb7edadae9168,0.10388,-0.0054217884,0.15414,0.10930178843170404,Patch transformer,SNV + patches(16)
N,300,1,2,64099e20e95e43ef712465b5b12930f1,0.08699,0.058117222,0.15414,0.02887277795910835,Patch transformer,SNV + patches(16)
N,300,1,2,b126dd4e0d98b6b6fb3513d7fd0b0e54,0.05034,-0.032904495,0.15414,0.0832444945538044,Patch transformer,SNV + patches(16)
N,300,1,2,734e3062f32e019691b61a48756e3313,0.25558,0.16335803,0.15414,0.09222196729660032,Patch transformer,SNV + patches(16)
N,300,1,2,e784b262bfa3de6b8cd330d659ebf5df,2.43981,2.1348135,0.15414,0.3049964528656006,Patch transformer,SNV + patches(16)
N,300,1,2,91856508a369ec5688e2685702e11344,0.11,-0.0001315686,0.15414,0.11013156859495211,Patch transformer,SNV + patches(16)
N,300,1,2,acb6294600446ab5967dc89680fa11b0,0.82324,0.27167618,0.15414,0.5515638172531128,Patch transformer,SNV + patches(16)
N,300,1,2,8731720b1072c100b4ab9728cf84bfab,0.01911,-0.044576254,0.15414,0.0636862537419796,Patch transformer,SNV + patches(16)
N,300,1,2,f1e6f9a39db8847f9d921dd6d79d1e1b,2.67729,1.9931061,0.15414,0.6841838732147218,Patch transformer,SNV + patches(16)
N,300,1,2,af2035e02288855f1c88caed05e971f3,0.05097,0.18906519,0.15414,-0.13809518816947935,Patch transformer,SNV + patches(16)
N,300,1,2,29321834766f5f48a95b17f094cc336f,1.54945,1.5383116,0.15414,0.011138399314880365,Patch transformer,SNV + patches(16)
N,300,1,2,edfa59d93d208f307042a23d2cd9708a,0.19,0.31851426,0.15414,-0.12851425766944885,Patch transformer,SNV + patches(16)
N,300,1,2,2d38365df4243154e4b37a0277ff8dda,0.10839,0.054613292,0.15414,0.05377670778274536,Patch transformer,SNV + patches(16)
N,300,1,2,3113166f7ea9a3a4a023a38385430e49,0.90772,0.20245183,0.15414,0.7052681748580932,Patch transformer,SNV + patches(16)
N,300,1,2,d09cee4a1c44977d7d98d49fa4624661,0.05139,0.17137316,0.15414,-0.11998315869331361,Patch transformer,SNV + patches(16)
N,300,1,2,11cd06e062f9b0d24d6aa2e33f794262,0.86703,1.1107349,0.15414,-0.24370493957519535,Patch transformer,SNV + patches(16)
N,300,1,2,2f27bd23d4523bb14a09b69976fb5980,0.37747,0.40500107,0.15414,-0.027531074075698825,Patch transformer,SNV + patches(16)
N,300,1,2,4120f2755c44173c540a48976ff898a8,0.1665,-0.04800597,0.15414,0.21450596833229066,Patch transformer,SNV + patches(16)
N,300,1,2,e0750673861ea436b0e69bcf746ebc04,1.59034,1.8476895,0.15414,-0.2573495093917846,Patch transformer,SNV + patches(16)
N,300,1,2,2ca9c91d1d6af1cd44c72858f83c01c0,0.10133,0.048911486,0.15414,0.05241851417899132,Patch transformer,SNV + patches(16)
N,300,1,2,32f69b4168bbfd25cc69f8b75f425f0f,2.3,2.1682115,0.15414,0.13178853988647443,Patch transformer,SNV + patches(16)
N,300,1,2,10932e3ec6a286328b29c7185161062e,1.00231,1.8179114,0.15414,-0.8156013864898681,Patch transformer,SNV + patches(16)
N,300,1,2,7c2d51bd5b17188a6e95c55131279055,0.09221,0.070133395,0.15414,0.022076604506969452,Patch transformer,SNV + patches(16)
N,300,1,2,bcbcaac310de1aeefcdf0b9d9055ebe1,0.43833,0.07312332,0.15414,0.3652066790628433,Patch transformer,SNV + patches(16)
N,300,1,2,33b25ac85df7fa8a46cec7cde157114c,0.40307,0.33120555,0.15414,0.07186445314407347,Patch transformer,SNV + patches(16)
N,300,1,2,9548ce376d3eef78228e448d91fd2982,0.01796,-0.0054002395,0.15414,0.02336023948997259,Patch transformer,SNV + patches(16)
N,300,1,2,14727d76b56b8171d767726ae89fad41,0.03255,-0.040049843,0.15414,0.07259984349012374,Patch transformer,SNV + patches(16)
N,300,1,2,6edb7c8088d386ffa53e9552bc6a71cd,0.06229,0.0398263,0.15414,0.022463700004816053,Patch transformer,SNV + patches(16)
N,300,1,2,6770686c244b82e6a180c6e74f699ad6,0.20789,0.13993557,0.15414,0.06795443202495574,Patch transformer,SNV + patches(16)
N,300,1,2,ae8fcfada4845108055ebcfe0cdd02e4,0.39,1.2063993,0.15414,-0.8163993215560913,Patch transformer,SNV + patches(16)
N,300,1,2,db007383b57de630a9a940fbba7d8295,0.41,0.12093133,0.15414,0.2890686726570129,Patch transformer,SNV + patches(16)
N,300,1,2,2bd8efb0ed603ea05eb3cb356ee24c86,0.115874467049547,0.39593112,0.15414,-0.2800566576376478,Patch transformer,SNV + patches(16)
N,300,1,2,b4381858fc9b76b89165544f2afeee86,0.02005,-0.042000946,0.15414,0.06205094565749168,Patch transformer,SNV + patches(16)
N,300,1,2,613aec5e5aa0315c05dcbe1218854375,0.14277,0.16625354,0.15414,-0.023483536939620964,Patch transformer,SNV + patches(16)
N,300,1,2,42e9614aace2d79101725844e029fa14,0.07547,0.16431704,0.15414,-0.08884704163551331,Patch transformer,SNV + patches(16)
N,300,1,2,8ed876de30785a39bb86749cbd780b79,0.01614,0.02049139,0.15414,-0.004351389557719229,Patch transformer,SNV + patches(16)
N,300,1,2,3910964fff237758d4fd16af77ce64fe,0.19269,0.07229294,0.15414,0.12039706117153168,Patch transformer,SNV + patches(16)
N,300,1,2,6379d38f962866ec614aa892f965a2c5,0.25766,0.20728745,0.15414,0.05037255433559418,Patch transformer,SNV + patches(16)
N,300,1,2,a2395bac9bf63c1274c454829fab87ae,0.07203,0.20090581,0.15414,-0.12887581476688387,Patch transformer,SNV + patches(16)
N,300,1,2,b268e08e6255f4aae8dc90fe22c8435f,0.07078,0.021104334,0.15414,0.049675666077733036,Patch transformer,SNV + patches(16)
N,300,1,2,f7a4ccbd2fd8750c679e43ff313575cd,0.0418,0.03162454,0.15414,0.010175459313392636,Patch transformer,SNV + patches(16)
N,300,1,2,2838d8b53594bdd8bc7032465f9a7926,0.78859,0.70973533,0.15414,0.07885466608047487,Patch transformer,SNV + patches(16)
N,300,1,2,523342aa103321af85032763d2b94abb,2.42742,2.0640082,0.15414,0.36341176406860365,Patch transformer,SNV + patches(16)
N,300,1,2,48a2251751dc4d72463945b3fd5966d2,0.42893,0.20657587,0.15414,0.22235412948608396,Patch transformer,SNV + patches(16)
N,300,1,2,2a99ffded85744370b107aecb555b71f,0.00306,0.07696259,0.15414,-0.07390259021759034,Patch transformer,SNV + patches(16)
N,300,1,2,38546557f57c94cc89b5f9e6dd4cb3e8,0.93521,0.43516716,0.15414,0.5000428363895416,Patch transformer,SNV + patches(16)
P,300,1,2,4901fbbecccbc8523b1ffc26d1b5d9a4,1.32669,16.287014,4.580265000000001,-14.96032400756836,Patch transformer,SNV + patches(16)
P,300,1,2,b8d55a953c01cd342b1be147769776b5,0.5166,2.3505962,4.580265000000001,-1.8339961894989014,Patch transformer,SNV + patches(16)
P,300,1,2,7a9bac2ad491995c7f729047a2e1c164,101.44149,7.7471013,4.580265000000001,93.69438869308472,Patch transformer,SNV + patches(16)
P,300,1,2,9e4373497959b939f4f7b4124dec6a45,24.06916,6.0691104,4.580265000000001,18.00004960647583,Patch transformer,SNV + patches(16)
P,300,1,2,e12ed1de4ae395e58114affd9feb299d,15.9,2.407688,4.580265000000001,13.492312097549439,Patch transformer,SNV + patches(16)
P,300,1,2,eb4961960138f6541633f3eab3582e37,0.69383,1.7601918,4.580265000000001,-1.066361798210144,Patch transformer,SNV + patches(16)
P,300,1,2,5db409bd7e44e43453b43ed15d6c220b,14.69233,8.395737,4.580265000000001,6.296593305664063,Patch transformer,SNV + patches(16)
P,300,1,2,d2c3ecadc93aab25e7fa34de2435f03b,61.68966,11.653953,4.580265000000001,50.035707401428226,Patch transformer,SNV + patches(16)
P,300,1,2,76f2ff22173a5bfeecb15c686f829c68,67.6,10.709317,4.580265000000001,56.89068279266357,Patch transformer,SNV + patches(16)
P,300,1,2,9f4339b931b43a42fdc3ae24748e93c4,23.34116,13.15404,4.580265000000001,10.187119663391112,Patch transformer,SNV + patches(16)
P,300,1,2,162b3559316de7b2dc7ac29c3e59a718,3.3208,3.9316285,4.580265000000001,-0.6108284656524656,Patch transformer,SNV + patches(16)
P,300,1,2,bb4c7754e2857cd8e7b6fea4c3f2e3b4,0.0,6.9461336,4.580265000000001,-6.946133613586426,Patch transformer,SNV + patches(16)
P,300,1,2,4398ab81f3375b3c43861282040717d5,2.80889,2.5238972,4.580265000000001,0.2849928289794921,Patch transformer,SNV + patches(16)
P,300,1,2,f02d4e1a64456f33400e40f783eb26d5,0.98723,15.008226,4.580265000000001,-14.02099639465332,Patch transformer,SNV + patches(16)
P,300,1,2,c114fd7deae42087498cb7edadae9168,4.60117,2.6586382,4.580265000000001,1.9425317610931394,Patch transformer,SNV + patches(16)
P,300,1,2,64099e20e95e43ef712465b5b12930f1,1.57458,3.8897638,4.580265000000001,-2.315183832092285,Patch transformer,SNV + patches(16)
P,300,1,2,b126dd4e0d98b6b6fb3513d7fd0b0e54,28.69688,1.6905551,4.580265000000001,27.006324904327393,Patch transformer,SNV + patches(16)
P,300,1,2,734e3062f32e019691b61a48756e3313,52.69437,5.2043004,4.580265000000001,47.49006959640503,Patch transformer,SNV + patches(16)
P,300,1,2,e784b262bfa3de6b8cd330d659ebf5df,3.98972,7.7151337,4.580265000000001,-3.7254136669921873,Patch transformer,SNV + patches(16)
P,300,1,2,91856508a369ec5688e2685702e11344,13.6,3.16399,4.580265000000001,10.436009979248047,Patch transformer,SNV + patches(16)
P,300,1,2,acb6294600446ab5967dc89680fa11b0,0.70999,10.494874,4.580265000000001,-9.784884000549317,Patch transformer,SNV + patches(16)
P,300,1,2,8731720b1072c100b4ab9728cf84bfab,1.52704,1.8425562,4.580265000000001,-0.3155162381744385,Patch transformer,SNV + patches(16)
P,300,1,2,f1e6f9a39db8847f9d921dd6d79d1e1b,39.92523,7.7493606,4.580265000000001,32.17586943862915,Patch transformer,SNV + patches(16)
P,300,1,2,af2035e02288855f1c88caed05e971f3,4.37028,9.318652,4.580265000000001,-4.9483721530151366,Patch transformer,SNV + patches(16)
P,300,1,2,29321834766f5f48a95b17f094cc336f,9.31701,12.75648,4.580265000000001,-3.4394702169799807,Patch transformer,SNV + patches(16)
P,300,1,2,edfa59d93d208f307042a23d2cd9708a,10.7,10.631786,4.580265000000001,0.06821365356445241,Patch transformer,SNV + patches(16)
P,300,1,2,2d38365df4243154e4b37a0277ff8dda,2.53225,4.232319,4.580265000000001,-1.7000688781738282,Patch transformer,SNV + patches(16)
P,300,1,2,3113166f7ea9a3a4a023a38385430e49,15.47975,9.680286,4.580265000000001,5.799463592529296,Patch transformer,SNV + patches(16)
P,300,1,2,d09cee4a1c44977d7d98d49fa4624661,21.49851,8.447636,4.580265000000001,13.050874349365234,Patch transformer,SNV + patches(16)
P,300,1,2,11cd06e062f9b0d24d6aa2e33f794262,5.91986,12.604462,4.580265000000001,-6.684601669921875,Patch transformer,SNV + patches(16)
P,300,1,2,2f27bd23d4523bb14a09b69976fb5980,9.9746,13.35012,4.580265000000001,-3.3755195907592768,Patch transformer,SNV + patches(16)
P,300,1,2,4120f2755c44173c540a48976ff898a8,23.15034,1.3398536,4.580265000000001,21.810486355628967,Patch transformer,SNV + patches(16)
P,300,1,2,e0750673861ea436b0e69bcf746ebc04,6.55517,10.558648,4.580265000000001,-4.003478109436035,Patch transformer,SNV + patches(16)
P,300,1,2,2ca9c91d1d6af1cd44c72858f83c01c0,5.42129,2.6400023,4.580265000000001,2.7812877493286132,Patch transformer,SNV + patches(16)
P,300,1,2,32f69b4168bbfd25cc69f8b75f425f0f,59.9,7.308787,4.580265000000001,52.591213130950926,Patch transformer,SNV + patches(16)
P,300,1,2,10932e3ec6a286328b29c7185161062e,0.0,9.895764,4.580265000000001,-9.895764350891113,Patch transformer,SNV + patches(16)
P,300,1,2,7c2d51bd5b17188a6e95c55131279055,2.20085,5.410374,4.580265000000001,-3.209524164581299,Patch transformer,SNV + patches(16)
P,300,1,2,bcbcaac310de1aeefcdf0b9d9055ebe1,6.2358,2.4399247,4.580265000000001,3.7958752830505373,Patch transformer,SNV + patches(16)
P,300,1,2,33b25ac85df7fa8a46cec7cde157114c,76.86898,12.071435,4.580265000000001,64.79754502532958,Patch transformer,SNV + patches(16)
P,300,1,2,9548ce376d3eef78228e448d91fd2982,10.25447,2.8125076,4.580265000000001,7.441962370605468,Patch transformer,SNV + patches(16)
P,300,1,2,14727d76b56b8171d767726ae89fad41,1.83876,2.016206,4.580265000000001,-0.17744602607727056,Patch transformer,SNV + patches(16)
P,300,1,2,6edb7c8088d386ffa53e9552bc6a71cd,7.03243,4.829008,4.580265000000001,2.2034218975830075,Patch transformer,SNV + patches(16)
P,300,1,2,6770686c244b82e6a180c6e74f699ad6,1.68904,7.988361,4.580265000000001,-6.29932088180542,Patch transformer,SNV + patches(16)
P,300,1,2,ae8fcfada4845108055ebcfe0cdd02e4,0.0,16.667032,4.580265000000001,-16.66703224182129,Patch transformer,SNV + patches(16)
P,300,1,2,db007383b57de630a9a940fbba7d8295,11.4,6.019535,4.580265000000001,5.380464935302735,Patch transformer,SNV + patches(16)
P,300,1,2,2bd8efb0ed603ea05eb3cb356ee24c86,1.95315933450144,12.718122,4.580265000000001,-10.764962194124049,Patch transformer,SNV + patches(16)
P,300,1,2,b4381858fc9b76b89165544f2afeee86,0.08237,1.4553063,4.580265000000001,-1.3729362915802001,Patch transformer,SNV + patches(16)
P,300,1,2,613aec5e5aa0315c05dcbe1218854375,0.0,8.684714,4.580265000000001,-8.684714317321777,Patch transformer,SNV + patches(16)
P,300,1,2,42e9614aace2d79101725844e029fa14,8.74065,8.0251045,4.580265000000001,0.7155454772949223,Patch transformer,SNV + patches(16)
P,300,1,2,8ed876de30785a39bb86749cbd780b79,2.94656,2.1061552,4.580265000000001,0.8404048429107664,Patch transformer,SNV + patches(16)
P,300,1,2,3910964fff237758d4fd16af77ce64fe,7.32427,3.1718233,4.580265000000001,4.152446736831665,Patch transformer,SNV + patches(16)
P,300,1,2,6379d38f962866ec614aa892f965a2c5,26.60513,10.320057,4.580265000000001,16.285073084716796,Patch transformer,SNV + patches(16)
P,300,1,2,a2395bac9bf63c1274c454829fab87ae,3.07446,9.291295,4.580265000000001,-6.216835051574707,Patch transformer,SNV + patches(16)
P,300,1,2,b268e08e6255f4aae8dc90fe22c8435f,1.17901,4.777087,4.580265000000001,-3.598077211608887,Patch transformer,SNV + patches(16)
P,300,1,2,f7a4ccbd2fd8750c679e43ff313575cd,8.79559,2.6100821,4.580265000000001,6.1855078504943855,Patch transformer,SNV + patches(16)
P,300,1,2,2838d8b53594bdd8bc7032465f9a7926,5.72792,15.386108,4.580265000000001,-9.658188398437499,Patch transformer,SNV + patches(16)
P,300,1,2,523342aa103321af85032763d2b94abb,2.6583,7.7678785,4.580265000000001,-5.109578532409667,Patch transformer,SNV + patches(16)
P,300,1,2,48a2251751dc4d72463945b3fd5966d2,20.51097,10.274914,4.580265000000001,10.236056212158203,Patch transformer,SNV + patches(16)
P,300,1,2,2a99ffded85744370b107aecb555b71f,1.19521,6.2046046,4.580265000000001,-5.009394625701904,Patch transformer,SNV + patches(16)
P,300,1,2,38546557f57c94cc89b5f9e6dd4cb3e8,7.63696,13.8890085,4.580265000000001,-6.252048522033691,Patch transformer,SNV + patches(16)
K,300,1,2,4901fbbecccbc8523b1ffc26d1b5d9a4,0.0,0.72298616,0.42935500000000004,-0.7229861617088318,Patch transformer,SNV + patches(16)
K,300,1,2,b8d55a953c01cd342b1be147769776b5,0.18911,0.45959324,0.42935500000000004,-0.2704832364463806,Patch transformer,SNV + patches(16)
K,300,1,2,7a9bac2ad491995c7f729047a2e1c164,4.16829,1.5145653,0.42935500000000004,2.6537246513748167,Patch transformer,SNV + patches(16)
K,300,1,2,9e4373497959b939f4f7b4124dec6a45,0.57669,1.118937,0.42935500000000004,-0.5422470155334472,Patch transformer,SNV + patches(16)
K,300,1,2,e12ed1de4ae395e58114affd9feb299d,0.337101642027725,0.47420785,0.42935500000000004,-0.13710620628274556,Patch transformer,SNV + patches(16)
K,300,1,2,eb4961960138f6541633f3eab3582e37,0.09033,0.34523016,0.42935500000000004,-0.25490016214370725,Patch transformer,SNV + patches(16)
K,300,1,2,5db409bd7e44e43453b43ed15d6c220b,0.1184,0.7476484,0.42935500000000004,-0.6292484179496765,Patch transformer,SNV + patches(16)
K,300,1,2,d2c3ecadc93aab25e7fa34de2435f03b,5.92081,1.921623,0.42935500000000004,3.9991870084381107,Patch transformer,SNV + patches(16)
K,300,1,2,76f2ff22173a5bfeecb15c686f829c68,0.388255153716303,1.1583437,0.42935500000000004,-0.7700885190360773,Patch transformer,SNV + patches(16)
K,300,1,2,9f4339b931b43a42fdc3ae24748e93c4,2.16142,0.9084359,0.42935500000000004,1.2529841188621522,Patch transformer,SNV + patches(16)
K,300,1,2,162b3559316de7b2dc7ac29c3e59a718,0.21139,0.65795475,0.42935500000000004,-0.446564752445221,Patch transformer,SNV + patches(16)
K,300,1,2,bb4c7754e2857cd8e7b6fea4c3f2e3b4,1.33612972530564,1.845808,0.42935500000000004,-0.5096783038691648,Patch transformer,SNV + patches(16)
K,300,1,2,4398ab81f3375b3c43861282040717d5,0.02356,0.61027974,0.42935500000000004,-0.5867197389030456,Patch transformer,SNV + patches(16)
K,300,1,2,f02d4e1a64456f33400e40f783eb26d5,0.26567,0.66430503,0.42935500000000004,-0.39863503129959105,Patch transformer,SNV + patches(16)
K,300,1,2,c114fd7deae42087498cb7edadae9168,0.15672,0.47437257,0.42935500000000004,-0.3176525657463074,Patch transformer,SNV + patches(16)
K,300,1,2,64099e20e95e43ef712465b5b12930f1,3.8009,0.65486157,0.42935500000000004,3.146038430595398,Patch transformer,SNV + patches(16)
K,300,1,2,b126dd4e0d98b6b6fb3513d7fd0b0e54,0.0686,0.28903237,0.42935500000000004,-0.22043236985206605,Patch transformer,SNV + patches(16)
K,300,1,2,734e3062f32e019691b61a48756e3313,2.49707,0.71958745,0.42935500000000004,1.7774825547409057,Patch transformer,SNV + patches(16)
K,300,1,2,e784b262bfa3de6b8cd330d659ebf5df,5.32119,1.0779811,0.42935500000000004,4.243208885612487,Patch transformer,SNV + patches(16)
K,300,1,2,91856508a369ec5688e2685702e11344,0.627653588418845,0.9722732,0.42935500000000004,-0.34461958252918357,Patch transformer,SNV + patches(16)
K,300,1,2,acb6294600446ab5967dc89680fa11b0,0.17906,0.8717145,0.42935500000000004,-0.6926544727706909,Patch transformer,SNV + patches(16)
K,300,1,2,8731720b1072c100b4ab9728cf84bfab,0.12813,0.42719904,0.42935500000000004,-0.29906903588294986,Patch transformer,SNV + patches(16)
K,300,1,2,f1e6f9a39db8847f9d921dd6d79d1e1b,2.38386,1.1951171,0.42935500000000004,1.1887428840255736,Patch transformer,SNV + patches(16)
K,300,1,2,af2035e02288855f1c88caed05e971f3,0.1798,1.8585348,0.42935500000000004,-1.6787348129272461,Patch transformer,SNV + patches(16)
K,300,1,2,29321834766f5f48a95b17f094cc336f,0.66084,1.2945083,0.42935500000000004,-0.6336683379745484,Patch transformer,SNV + patches(16)
K,300,1,2,edfa59d93d208f307042a23d2cd9708a,4.7501150954013,2.0123537,0.42935500000000004,2.737761436725153,Patch transformer,SNV + patches(16)
K,300,1,2,2d38365df4243154e4b37a0277ff8dda,0.39801,0.6940309,0.42935500000000004,-0.2960208809280396,Patch transformer,SNV + patches(16)
K,300,1,2,3113166f7ea9a3a4a023a38385430e49,0.63403,0.7260578,0.42935500000000004,-0.09202782747268679,Patch transformer,SNV + patches(16)
K,300,1,2,d09cee4a1c44977d7d98d49fa4624661,0.05748,0.7926642,0.42935500000000004,-0.7351841702651978,Patch transformer,SNV + patches(16)
K,300,1,2,11cd06e062f9b0d24d6aa2e33f794262,2.75353,1.028273,0.42935500000000004,1.7252570135879517,Patch transformer,SNV + patches(16)
K,300,1,2,2f27bd23d4523bb14a09b69976fb5980,0.45468,1.2157303,0.42935500000000004,-0.7610503094863892,Patch transformer,SNV + patches(16)
K,300,1,2,4120f2755c44173c540a48976ff898a8,0.14679,0.20167017,0.42935500000000004,-0.05488016983032226,Patch transformer,SNV + patches(16)
K,300,1,2,e0750673861ea436b0e69bcf746ebc04,1.83039,1.2325104,0.42935500000000004,0.5978795524978637,Patch transformer,SNV + patches(16)
K,300,1,2,2ca9c91d1d6af1cd44c72858f83c01c0,0.80856,0.43970457,0.42935500000000004,0.36885543280601496,Patch transformer,SNV + patches(16)
K,300,1,2,32f69b4168bbfd25cc69f8b75f425f0f,3.04005319965216,1.0813855,0.42935500000000004,1.9586677063736566,Patch transformer,SNV + patches(16)
K,300,1,2,10932e3ec6a286328b29c7185161062e,7.80837,1.1587607,0.42935500000000004,6.649609333152771,Patch transformer,SNV + patches(16)
K,300,1,2,7c2d51bd5b17188a6e95c55131279055,0.31029,0.69377893,0.42935500000000004,-0.38348893209457396,Patch transformer,SNV + patches(16)
K,300,1,2,bcbcaac310de1aeefcdf0b9d9055ebe1,1.39061,0.19002311,0.42935500000000004,1.200586890683174,Patch transformer,SNV + patches(16)
K,300,1,2,33b25ac85df7fa8a46cec7cde157114c,1.11034,1.4033407,0.42935500000000004,-0.2930006972885131,Patch transformer,SNV + patches(16)
K,300,1,2,9548ce376d3eef78228e448d91fd2982,0.38025,1.0447584,0.42935500000000004,-0.6645084390640259,Patch transformer,SNV + patches(16)
K,300,1,2,14727d76b56b8171d767726ae89fad41,0.07066,0.44739926,0.42935500000000004,-0.3767392586135864,Patch transformer,SNV + patches(16)
K,300,1,2,6edb7c8088d386ffa53e9552bc6a71cd,0.87677,0.8984698,0.42935500000000004,-0.021699805717468212,Patch transformer,SNV + patches(16)
K,300,1,2,6770686c244b82e6a180c6e74f699ad6,1.10416,1.451429,0.42935500000000004,-0.347269009437561,Patch transformer,SNV + patches(16)
K,300,1,2,ae8fcfada4845108055ebcfe0cdd02e4,0.836871451225127,0.86187327,0.42935500000000004,-0.02500181785598876,Patch transformer,SNV + patches(16)
K,300,1,2,db007383b57de630a9a940fbba7d8295,1.43434446774771,1.5313492,0.42935500000000004,-0.09700471438119629,Patch transformer,SNV + patches(16)
K,300,1,2,2bd8efb0ed603ea05eb3cb356ee24c86,0.284452914046928,1.5802661,0.42935500000000004,-1.2958132040026935,Patch transformer,SNV + patches(16)
K,300,1,2,b4381858fc9b76b89165544f2afeee86,0.04511,0.27726194,0.42935500000000004,-0.2321519426250458,Patch transformer,SNV + patches(16)
K,300,1,2,613aec5e5aa0315c05dcbe1218854375,0.42331,1.5496355,0.42935500000000004,-1.1263255295181274,Patch transformer,SNV + patches(16)
K,300,1,2,42e9614aace2d79101725844e029fa14,2.28286,2.0900593,0.42935500000000004,0.19280071960449208,Patch transformer,SNV + patches(16)
K,300,1,2,8ed876de30785a39bb86749cbd780b79,0.06965,0.2791759,0.42935500000000004,-0.20952590737342836,Patch transformer,SNV + patches(16)
K,300,1,2,3910964fff237758d4fd16af77ce64fe,0.40376,0.3163653,0.42935500000000004,0.0873946983909607,Patch transformer,SNV + patches(16)
K,300,1,2,6379d38f962866ec614aa892f965a2c5,0.42205,1.2409458,0.42935500000000004,-0.818895816040039,Patch transformer,SNV + patches(16)
K,300,1,2,a2395bac9bf63c1274c454829fab87ae,2.54373,1.9029601,0.42935500000000004,0.6407699379730225,Patch transformer,SNV + patches(16)
K,300,1,2,b268e08e6255f4aae8dc90fe22c8435f,0.41104,0.9291113,0.42935500000000004,-0.5180713018989562,Patch transformer,SNV + patches(16)
K,300,1,2,f7a4ccbd2fd8750c679e43ff313575cd,0.24205,0.41639534,0.42935500000000004,-0.17434533638954164,Patch transformer,SNV + patches(16)
K,300,1,2,2838d8b53594bdd8bc7032465f9a7926,0.3304,0.9163821,0.42935500000000004,-0.5859820743560791,Patch transformer,SNV + patches(16)
K,300,1,2,523342aa103321af85032763d2b94abb,1.47004,1.0118191,0.42935500000000004,0.45822087577819826,Patch transformer,SNV + patches(16)
K,300,1,2,48a2251751dc4d72463945b3fd5966d2,0.0,0.7989502,0.42935500000000004,-0.7989501953125,Patch transformer,SNV + patches(16)
K,300,1,2,2a99ffded85744370b107aecb555b71f,0.37041,1.2331537,0.42935500000000004,-0.8627437008285522,Patch transformer,SNV + patches(16)
K,300,1,2,38546557f57c94cc89b5f9e6dd4cb3e8,0.58886,1.0394589,0.42935500000000004,-0.4505988708877563,Patch transformer,SNV + patches(16)
N,300,1,3,fc17b30b86ceb1f8655c9db11d7ce821,2.02866,1.2399454,0.15414,0.788714588317871,Patch transformer,SNV + patches(16)
N,300,1,3,7fef387ff08f0b2326a8afa69c3985fc,0.04545,0.1256634,0.15414,-0.08021339969635011,Patch transformer,SNV + patches(16)
N,300,1,3,523b42168d37da22d1ed0c7c944dd149,0.24852,0.22602145,0.15414,0.022498546261787405,Patch transformer,SNV + patches(16)
N,300,1,3,98f2650032d8e2784cfef807bd8eb1db,0.07,0.068164274,0.15414,0.001835725903511054,Patch transformer,SNV + patches(16)
N,300,1,3,d88174e63b46494814d55c01e91daaa4,0.19,0.25357476,0.15414,-0.06357475876808166,Patch transformer,SNV + patches(16)
N,300,1,3,171f1950c34fade461d8f31ec7b541aa,0.09,0.1505483,0.15414,-0.060548294186592105,Patch transformer,SNV + patches(16)
N,300,1,3,93d8af16cc306e2d3077e97a5d39e234,2.72532,1.2140397,0.15414,1.51128031665802,Patch transformer,SNV + patches(16)
N,300,1,3,3ca44ead31d5008f64e0eaa2fb229b3b,0.58748,0.22893076,0.15414,0.3585492435503006,Patch transformer,SNV + patches(16)
N,300,1,3,54b1112b81624617cbf716aa39370252,0.08,0.1857622,0.15414,-0.1057621967792511,Patch transformer,SNV + patches(16)
N,300,1,3,4289af3d036f7da61dcf2aceb651ad36,1.32755,0.6523508,0.15414,0.6751992166519165,Patch transformer,SNV + patches(16)
N,300,1,3,4b5527f2f6619045c4fcbd25d4e42ad4,0.19,0.29160935,0.15414,-0.10160934686660766,Patch transformer,SNV + patches(16)
N,300,1,3,de66f37dab67300a7f7ab742079357ec,0.15628,0.1778222,0.15414,-0.021542202444076536,Patch transformer,SNV + patches(16)
N,300,1,3,412f2f1d138f9c0f1ba8e2da980c5ea9,1.43221,0.30706528,0.15414,1.1251447217082977,Patch transformer,SNV + patches(16)
N,300,1,3,978c2fda07a9b6177057274456692be8,0.03702,0.09894118,0.15414,-0.061921177129745486,Patch transformer,SNV + patches(16)
N,300,1,3,b3eb9b66e11a3563e022be81feb41986,0.0525,0.20440857,0.15414,-0.15190857112407685,Patch transformer,SNV + patches(16)
N,300,1,3,12eabe86c6939f157f4d47945debbe71,0.0,0.124106765,0.15414,-0.124106764793396,Patch transformer,SNV + patches(16)
N,300,1,3,067033af0210e9360e25de3dc9de9ccd,0.06407,0.14763436,0.15414,-0.083564357213974,Patch transformer,SNV + patches(16)
N,300,1,3,4892b9b68158e867edfedd9dd8512ad9,0.0971966406154598,0.84678966,0.15414,-0.7495930174541507,Patch transformer,SNV + patches(16)
N,300,1,3,328c4887da84c3235af4cd24a7529fd2,0.02491,0.2197316,0.15414,-0.19482159909248353,Patch transformer,SNV + patches(16)
N,300,1,3,9bd8d4d5efc849ccca622c214e38d240,0.80567,0.8679441,0.15414,-0.06227412136077881,Patch transformer,SNV + patches(16)
N,300,1,3,8103b882b97ff175ecc061989ede5024,0.00834,0.15123844,0.15414,-0.14289844146728514,Patch transformer,SNV + patches(16)
N,300,1,3,4c2300ed191ef49b9b7f47e7a60a1bc2,0.15,0.31791532,0.15414,-0.16791532039642335,Patch transformer,SNV + patches(16)
N,300,1,3,9453f1f17dd36bfa9c4e50dfcf35adcb,0.07234,0.14315675,0.15414,-0.0708167519903183,Patch transformer,SNV + patches(16)
N,300,1,3,8ebb24e5650137d830013e39431bb72f,2.28,1.5710075,0.15414,0.7089925098419187,Patch transformer,SNV + patches(16)
N,300,1,3,32bc667fb9bb120f30a1198007bbd575,0.06053,0.103279725,0.15414,-0.0427497247171402,Patch transformer,SNV + patches(16)
N,300,1,3,2a56a36cc5f31ed2e1f4dd2e493b9add,0.11134,0.18845767,0.15414,-0.0771176678276062,Patch transformer,SNV + patches(16)
N,300,1,3,2ef6218d5d2723bea486f32168ac377a,0.07181,0.13414295,0.15414,-0.06233295017719269,Patch transformer,SNV + patches(16)
N,300,1,3,67196c55bbf3b9549498e1187ccf73f5,2.48469,0.9020428,0.15414,1.582647193851471,Patch transformer,SNV + patches(16)
N,300,1,3,8daf73eec2547589fe10f40775740202,0.02003,0.02960333,0.15414,-0.009573330418467522,Patch transformer,SNV + patches(16)
N,300,1,3,602ae701fbefa56dafe6dbdca1e75ccc,0.29515,0.06290649,0.15414,0.23224351122379305,Patch transformer,SNV + patches(16)
N,300,1,3,6b2b1feff51712d72da0ba274cba6bad,0.60882,0.26934618,0.15414,0.3394738224220276,Patch transformer,SNV + patches(16)
N,300,1,3,3e902c9e02a828df1bf213a5ca1e89f4,0.08421,0.15910852,0.15414,-0.07489851955413819,Patch transformer,SNV + patches(16)
N,300,1,3,40dc35546eb0ecd8851a80cf181c1e4c,0.45149,0.22975828,0.15414,0.22173172246456146,Patch transformer,SNV + patches(16)
N,300,1,3,c22a45caaeac88fe0f3fcd9f99191167,0.15081,0.059002127,0.15414,0.09180787250161171,Patch transformer,SNV + patches(16)
N,300,1,3,c8bb92f0a5087a826bf4465574569563,0.03018,0.030677237,0.15414,-0.0004972366166114822,Patch transformer,SNV + patches(16)
N,300,1,3,c26dc85189a4eadb582886683895dc7f,0.13415,0.040295612,0.15414,0.09385438793301581,Patch transformer,SNV + patches(16)
N,300,1,3,de649a2003ee2e5ade4cda71db53ee32,0.29782,0.13905162,0.15414,0.15876838380813596,Patch transformer,SNV + patches(16)
N,300,1,3,34bd1e9a312d4bf84671a0da202772a0,1.94385,0.52730393,0.15414,1.41654606590271,Patch transformer,SNV + patches(16)
N,300,1,3,89d869fa5950ac8d08824a2e2d254e02,0.34827,0.09771893,0.15414,0.2505510682654381,Patch transformer,SNV + patches(16)
N,300,1,3,706ed5ba587e13162bb61ecefcdc27f7,0.08608,0.084045626,0.15414,0.002034373776912693,Patch transformer,SNV + patches(16)
N,300,1,3,e4d80aeb919d4e867841e9c7eb8d7c2d,2.08625,0.79530907,0.15414,1.2909409332275392,Patch transformer,SNV + patches(16)
N,300,1,3,e6a65d600d5a7a7267043aca3ed00f14,1.01907,0.39908245,0.15414,0.6199875479412078,Patch transformer,SNV + patches(16)
N,300,1,3,80bdc0cc5c10da927f5636f8ce895fd7,0.31493,0.52409464,0.15414,-0.2091646412086487,Patch transformer,SNV + patches(16)
N,300,1,3,87681b18f01e369ceb4f1f7bdad0abaa,0.0,0.11986519,0.15414,-0.11986518651247025,Patch transformer,SNV + patches(16)
N,300,1,3,152e0e3d76a2df9236b55bc35d890379,0.22552,0.10462359,0.15414,0.12089640661001205,Patch transformer,SNV + patches(16)
N,300,1,3,dcdf114dec5a225894118f2251a970e6,0.15917,0.17122161,0.15414,-0.012051613883972162,Patch transformer,SNV + patches(16)
N,300,1,3,8038ceffffb186b3ffa20196ed1bf07d,0.02033,0.16201742,0.15414,-0.14168741993427275,Patch transformer,SNV + patches(16)
N,300,1,3,c6f45b2681be191ba7612fad4cf06e53,0.2359,0.11938144,0.15414,0.11651855733394623,Patch transformer,SNV + patches(16)
N,300,1,3,a7020121ef583d89be2614e54edf4a1e,0.02504,0.029992485,0.15414,-0.004952485418915749,Patch transformer,SNV + patches(16)
N,300,1,3,072df7a1dec9339c3c7d2fbdf9effa31,0.43857,0.23859634,0.15414,0.1999736649465561,Patch transformer,SNV + patches(16)
N,300,1,3,18bfc5f8c3df3ed838fa2e39c23a600e,0.21438,0.066589855,0.15414,0.14779014534235,Patch transformer,SNV + patches(16)
N,300,1,3,c0bfbf39baa8d0d7553529066274704e,0.13529,0.24582884,0.15414,-0.11053883715629578,Patch transformer,SNV + patches(16)
N,300,1,3,3d2e01065bf7fdc0037423f929aff5f5,3.51363,0.5042814,0.15414,3.0093485983657837,Patch transformer,SNV + patches(16)
N,300,1,3,e6d35ed6f409d4e1cdceb6bc00f448f5,0.02034,0.12345097,0.15414,-0.10311097213983536,Patch transformer,SNV + patches(16)
N,300,1,3,ebcd27f2c8751067973379b27ec051e3,0.31703,0.15817687,0.15414,0.15885313084602354,Patch transformer,SNV + patches(16)
N,300,1,3,5c8bbc93a0158668272fb9ee6cc266fb,0.32417,0.097183935,0.15414,0.2269860646557808,Patch transformer,SNV + patches(16)
N,300,1,3,4fbe75a861568cd10e5c3909c3be6b6d,0.11,0.29179347,0.15414,-0.18179346561431886,Patch transformer,SNV + patches(16)
N,300,1,3,68456d5f832f6d951ef6ba1a3cc9f49a,1.91017,1.1781133,0.15414,0.732056658668518,Patch transformer,SNV + patches(16)
N,300,1,3,b90ba3f655313e010db7cdfc03c6121c,0.05154,0.09303101,0.15414,-0.04149101152181625,Patch transformer,SNV + patches(16)
N,300,1,3,45b502bad51f2f871bded3c4dcc84ef6,0.20092,0.08690296,0.15414,0.1140170388650894,Patch transformer,SNV + patches(16)
P,300,1,3,fc17b30b86ceb1f8655c9db11d7ce821,37.2928,8.861818,4.321435,28.430981686401367,Patch transformer,SNV + patches(16)
P,300,1,3,7fef387ff08f0b2326a8afa69c3985fc,3.32276,6.1376157,4.321435,-2.81485568069458,Patch transformer,SNV + patches(16)
P,300,1,3,523b42168d37da22d1ed0c7c944dd149,24.46915,6.5415354,4.321435,17.927614622497558,Patch transformer,SNV + patches(16)
P,300,1,3,98f2650032d8e2784cfef807bd8eb1db,0.0,5.785394,4.321435,-5.785394191741943,Patch transformer,SNV + patches(16)
P,300,1,3,d88174e63b46494814d55c01e91daaa4,25.3,6.5045366,4.321435,18.795463371276856,Patch transformer,SNV + patches(16)
P,300,1,3,171f1950c34fade461d8f31ec7b541aa,0.0,6.169098,4.321435,-6.169097900390625,Patch transformer,SNV + patches(16)
P,300,1,3,93d8af16cc306e2d3077e97a5d39e234,6.95761,8.873278,4.321435,-1.9156676641845705,Patch transformer,SNV + patches(16)
P,300,1,3,3ca44ead31d5008f64e0eaa2fb229b3b,13.58879,6.482233,4.321435,7.106556952514648,Patch transformer,SNV + patches(16)
P,300,1,3,54b1112b81624617cbf716aa39370252,0.0,6.3866115,4.321435,-6.386611461639404,Patch transformer,SNV + patches(16)
P,300,1,3,4289af3d036f7da61dcf2aceb651ad36,5.20023,7.823722,4.321435,-2.623491885681152,Patch transformer,SNV + patches(16)
P,300,1,3,4b5527f2f6619045c4fcbd25d4e42ad4,0.0,6.8030367,4.321435,-6.803036689758301,Patch transformer,SNV + patches(16)
P,300,1,3,de66f37dab67300a7f7ab742079357ec,1.09279,6.3069696,4.321435,-5.21417964263916,Patch transformer,SNV + patches(16)
P,300,1,3,412f2f1d138f9c0f1ba8e2da980c5ea9,8.70727,6.805463,4.321435,1.9018071627807611,Patch transformer,SNV + patches(16)
P,300,1,3,978c2fda07a9b6177057274456692be8,4.33353,6.003001,4.321435,-1.6694712130737308,Patch transformer,SNV + patches(16)
P,300,1,3,b3eb9b66e11a3563e022be81feb41986,14.39667,6.3747325,4.321435,8.021937505645752,Patch transformer,SNV + patches(16)
P,300,1,3,12eabe86c6939f157f4d47945debbe71,0.97687,5.9958386,4.321435,-5.018968642120361,Patch transformer,SNV + patches(16)
P,300,1,3,067033af0210e9360e25de3dc9de9ccd,23.43699,6.136658,4.321435,17.300331808319093,Patch transformer,SNV + patches(16)
P,300,1,3,4892b9b68158e867edfedd9dd8512ad9,0.571533653681768,8.255187,4.321435,-7.683653380925166,Patch transformer,SNV + patches(16)
P,300,1,3,328c4887da84c3235af4cd24a7529fd2,7.64039,6.442545,4.321435,1.197845062866211,Patch transformer,SNV + patches(16)
P,300,1,3,9bd8d4d5efc849ccca622c214e38d240,36.81465,8.269866,4.321435,28.54478401031494,Patch transformer,SNV + patches(16)
P,300,1,3,8103b882b97ff175ecc061989ede5024,4.12326,6.2352605,4.321435,-2.112000486602783,Patch transformer,SNV + patches(16)
P,300,1,3,4c2300ed191ef49b9b7f47e7a60a1bc2,13.5,6.8207154,4.321435,6.679284572601318,Patch transformer,SNV + patches(16)
P,300,1,3,9453f1f17dd36bfa9c4e50dfcf35adcb,0.0,6.058025,4.321435,-6.058024883270264,Patch transformer,SNV + patches(16)
P,300,1,3,8ebb24e5650137d830013e39431bb72f,49.5,9.1683855,4.321435,40.33161449432373,Patch transformer,SNV + patches(16)
P,300,1,3,32bc667fb9bb120f30a1198007bbd575,1.3585,6.06614,4.321435,-4.707640174865722,Patch transformer,SNV + patches(16)
P,300,1,3,2a56a36cc5f31ed2e1f4dd2e493b9add,5.25815,6.294072,4.321435,-1.0359221511840824,Patch transformer,SNV + patches(16)
P,300,1,3,2ef6218d5d2723bea486f32168ac377a,27.68535,6.191355,4.321435,21.493994771575927,Patch transformer,SNV + patches(16)
P,300,1,3,67196c55bbf3b9549498e1187ccf73f5,17.89559,8.274418,4.321435,9.621172122802733,Patch transformer,SNV + patches(16)
P,300,1,3,8daf73eec2547589fe10f40775740202,5.89964,5.528068,4.321435,0.3715719343566892,Patch transformer,SNV + patches(16)
P,300,1,3,602ae701fbefa56dafe6dbdca1e75ccc,4.76923,5.813674,4.321435,-1.0444439730834958,Patch transformer,SNV + patches(16)
P,300,1,3,6b2b1feff51712d72da0ba274cba6bad,2.43009,6.7645326,4.321435,-4.334442566070557,Patch transformer,SNV + patches(16)
P,300,1,3,3e902c9e02a828df1bf213a5ca1e89f4,5.97009,6.241878,4.321435,-0.2717880326843263,Patch transformer,SNV + patches(16)
P,300,1,3,40dc35546eb0ecd8851a80cf181c1e4c,20.7131,6.569386,4.321435,14.14371399459839,Patch transformer,SNV + patches(16)
P,300,1,3,c22a45caaeac88fe0f3fcd9f99191167,145.42735,5.770979,4.321435,139.65637107238769,Patch transformer,SNV + patches(16)
P,300,1,3,c8bb92f0a5087a826bf4465574569563,1.44528,5.4964843,4.321435,-4.051204279632568,Patch transformer,SNV + patches(16)
P,300,1,3,c26dc85189a4eadb582886683895dc7f,3.11201,5.6187334,4.321435,-2.5067234060668944,Patch transformer,SNV + patches(16)
P,300,1,3,de649a2003ee2e5ade4cda71db53ee32,64.60586,6.1503806,4.321435,58.45547938858033,Patch transformer,SNV + patches(16)
P,300,1,3,34bd1e9a312d4bf84671a0da202772a0,15.85927,7.5386124,4.321435,8.320657634277344,Patch transformer,SNV + patches(16)
P,300,1,3,89d869fa5950ac8d08824a2e2d254e02,65.196,6.0173364,4.321435,59.17866363143921,Patch transformer,SNV + patches(16)
P,300,1,3,706ed5ba587e13162bb61ecefcdc27f7,12.79123,5.9026976,4.321435,6.888532436828614,Patch transformer,SNV + patches(16)
P,300,1,3,e4d80aeb919d4e867841e9c7eb8d7c2d,20.40029,8.287536,4.321435,12.112754332580565,Patch transformer,SNV + patches(16)
P,300,1,3,e6a65d600d5a7a7267043aca3ed00f14,15.77852,7.169154,4.321435,8.609365832824707,Patch transformer,SNV + patches(16)
P,300,1,3,80bdc0cc5c10da927f5636f8ce895fd7,23.69681,7.5151052,4.321435,16.18170475250244,Patch transformer,SNV + patches(16)
P,300,1,3,87681b18f01e369ceb4f1f7bdad0abaa,1.41134,6.012298,4.321435,-4.600958107147217,Patch transformer,SNV + patches(16)
P,300,1,3,152e0e3d76a2df9236b55bc35d890379,1.9557,5.972701,4.321435,-4.017001072692871,Patch transformer,SNV + patches(16)
P,300,1,3,dcdf114dec5a225894118f2251a970e6,15.30821,6.3142877,4.321435,8.993922337493897,Patch transformer,SNV + patches(16)
P,300,1,3,8038ceffffb186b3ffa20196ed1bf07d,1.39324,6.299574,4.321435,-4.906333898315429,Patch transformer,SNV + patches(16)
P,300,1,3,c6f45b2681be191ba7612fad4cf06e53,6.36417,5.9935646,4.321435,0.37060539428710904,Patch transformer,SNV + patches(16)
P,300,1,3,a7020121ef583d89be2614e54edf4a1e,12.65453,5.460366,4.321435,7.194164227752685,Patch transformer,SNV + patches(16)
P,300,1,3,072df7a1dec9339c3c7d2fbdf9effa31,3.3617,6.5838356,4.321435,-3.2221356018066407,Patch transformer,SNV + patches(16)
P,300,1,3,18bfc5f8c3df3ed838fa2e39c23a600e,9.837,5.713664,4.321435,4.123335945129394,Patch transformer,SNV + patches(16)
P,300,1,3,c0bfbf39baa8d0d7553529066274704e,2.56107,6.6106687,4.321435,-4.049598659210205,Patch transformer,SNV + patches(16)
P,300,1,3,3d2e01065bf7fdc0037423f929aff5f5,4.32996,7.5639114,4.321435,-3.2339514379882814,Patch transformer,SNV + patches(16)
P,300,1,3,e6d35ed6f409d4e1cdceb6bc00f448f5,23.78419,6.146743,4.321435,17.637447179260253,Patch transformer,SNV + patches(16)
P,300,1,3,ebcd27f2c8751067973379b27ec051e3,9.44286,6.2925525,4.321435,3.150307528839111,Patch transformer,SNV + patches(16)
P,300,1,3,5c8bbc93a0158668272fb9ee6cc266fb,25.13249,6.031174,4.321435,19.101315817108155,Patch transformer,SNV + patches(16)
P,300,1,3,4fbe75a861568cd10e5c3909c3be6b6d,0.0,6.7052217,4.321435,-6.705221652984619,Patch transformer,SNV + patches(16)
P,300,1,3,68456d5f832f6d951ef6ba1a3cc9f49a,1.81744,8.838535,4.321435,-7.021095308837891,Patch transformer,SNV + patches(16)
P,300,1,3,b90ba3f655313e010db7cdfc03c6121c,3.49304,5.9367247,4.321435,-2.4436846627807616,Patch transformer,SNV + patches(16)
P,300,1,3,45b502bad51f2f871bded3c4dcc84ef6,6.14335,5.9497128,4.321435,0.19363724670410143,Patch transformer,SNV + patches(16)
K,300,1,3,fc17b30b86ceb1f8655c9db11d7ce821,15.13991,1.4801646,0.437265,13.659745352897644,Patch transformer,SNV + patches(16)
K,300,1,3,7fef387ff08f0b2326a8afa69c3985fc,0.07773,0.4924157,0.437265,-0.4146856963825226,Patch transformer,SNV + patches(16)
K,300,1,3,523b42168d37da22d1ed0c7c944dd149,2.85259,0.63046306,0.437265,2.2221269362831118,Patch transformer,SNV + patches(16)
K,300,1,3,98f2650032d8e2784cfef807bd8eb1db,0.419458795846335,0.42071098,0.437265,-0.001252185045846399,Patch transformer,SNV + patches(16)
K,300,1,3,d88174e63b46494814d55c01e91daaa4,0.95145531740754,0.6497268,0.437265,0.3017285093364035,Patch transformer,SNV + patches(16)
K,300,1,3,171f1950c34fade461d8f31ec7b541aa,0.459870070080311,0.5217094,0.437265,-0.0618393124537161,Patch transformer,SNV + patches(16)
K,300,1,3,93d8af16cc306e2d3077e97a5d39e234,0.13713,1.462219,0.437265,-1.325088999862671,Patch transformer,SNV + patches(16)
K,300,1,3,3ca44ead31d5008f64e0eaa2fb229b3b,0.93749,0.6273454,0.437265,0.3101446168327332,Patch transformer,SNV + patches(16)
K,300,1,3,54b1112b81624617cbf716aa39370252,0.503862090132488,0.5715169,0.437265,-0.0676547813198436,Patch transformer,SNV + patches(16)
K,300,1,3,4289af3d036f7da61dcf2aceb651ad36,0.24695,1.0282748,0.437265,-0.7813247745513916,Patch transformer,SNV + patches(16)
K,300,1,3,4b5527f2f6619045c4fcbd25d4e42ad4,1.65993145429434,0.70449173,0.437265,0.9554397197896403,Patch transformer,SNV + patches(16)
K,300,1,3,de66f37dab67300a7f7ab742079357ec,0.42156,0.55553263,0.437265,-0.13397263425827027,Patch transformer,SNV + patches(16)
K,300,1,3,412f2f1d138f9c0f1ba8e2da980c5ea9,0.18582,0.70303303,0.437265,-0.5172130300331116,Patch transformer,SNV + patches(16)
K,300,1,3,978c2fda07a9b6177057274456692be8,0.07354,0.4547377,0.437265,-0.38119769307136536,Patch transformer,SNV + patches(16)
K,300,1,3,b3eb9b66e11a3563e022be81feb41986,0.08678,0.60164446,0.437265,-0.5148644563865662,Patch transformer,SNV + patches(16)
K,300,1,3,12eabe86c6939f157f4d47945debbe71,0.26553,0.49597442,0.437265,-0.23044442150115968,Patch transformer,SNV + patches(16)
K,300,1,3,067033af0210e9360e25de3dc9de9ccd,1.49811,0.527659,0.437265,0.970451001033783,Patch transformer,SNV + patches(16)
K,300,1,3,4892b9b68158e867edfedd9dd8512ad9,0.22869983648869,1.2050084,0.437265,-0.9763085510769228,Patch transformer,SNV + patches(16)
K,300,1,3,328c4887da84c3235af4cd24a7529fd2,1.02496,0.62104666,0.437265,0.40391333766937265,Patch transformer,SNV + patches(16)
K,300,1,3,9bd8d4d5efc849ccca622c214e38d240,6.1041,1.2143685,0.437265,4.889731537437439,Patch transformer,SNV + patches(16)
K,300,1,3,8103b882b97ff175ecc061989ede5024,3.01236,0.5418548,0.437265,2.4705052012062074,Patch transformer,SNV + patches(16)
K,300,1,3,4c2300ed191ef49b9b7f47e7a60a1bc2,2.08501713642642,0.73531646,0.437265,1.3497006810621928,Patch transformer,SNV + patches(16)
K,300,1,3,9453f1f17dd36bfa9c4e50dfcf35adcb,0.2258,0.52746415,0.437265,-0.3016641513824463,Patch transformer,SNV + patches(16)
K,300,1,3,8ebb24e5650137d830013e39431bb72f,0.461404675430968,1.6896908,0.437265,-1.2282861528923963,Patch transformer,SNV + patches(16)
K,300,1,3,32bc667fb9bb120f30a1198007bbd575,0.36971,0.46766022,0.437265,-0.09795021847724916,Patch transformer,SNV + patches(16)
K,300,1,3,2a56a36cc5f31ed2e1f4dd2e493b9add,0.4341,0.57925177,0.437265,-0.145151766204834,Patch transformer,SNV + patches(16)
K,300,1,3,2ef6218d5d2723bea486f32168ac377a,4.63306,0.5132979,0.437265,4.119762084541321,Patch transformer,SNV + patches(16)
K,300,1,3,67196c55bbf3b9549498e1187ccf73f5,0.74173,1.2430384,0.437265,-0.5013084159088135,Patch transformer,SNV + patches(16)
K,300,1,3,8daf73eec2547589fe10f40775740202,0.15867,0.35094732,0.437265,-0.1922773204612732,Patch transformer,SNV + patches(16)
K,300,1,3,602ae701fbefa56dafe6dbdca1e75ccc,0.04269,0.39600188,0.437265,-0.3533118754005432,Patch transformer,SNV + patches(16)
K,300,1,3,6b2b1feff51712d72da0ba274cba6bad,0.15744,0.6468758,0.437265,-0.48943579870223997,Patch transformer,SNV + patches(16)
K,300,1,3,3e902c9e02a828df1bf213a5ca1e89f4,0.33477,0.55180126,0.437265,-0.21703126428604125,Patch transformer,SNV + patches(16)
K,300,1,3,40dc35546eb0ecd8851a80cf181c1e4c,2.12338,0.6383385,0.437265,1.4850414937782288,Patch transformer,SNV + patches(16)
K,300,1,3,c22a45caaeac88fe0f3fcd9f99191167,0.21037,0.38604423,0.437265,-0.1756742340373993,Patch transformer,SNV + patches(16)
K,300,1,3,c8bb92f0a5087a826bf4465574569563,0.0859,0.3467218,0.437265,-0.26082179818153384,Patch transformer,SNV + patches(16)
K,300,1,3,c26dc85189a4eadb582886683895dc7f,1.53905,0.36469856,0.437265,1.1743514409542084,Patch transformer,SNV + patches(16)
K,300,1,3,de649a2003ee2e5ade4cda71db53ee32,0.50098,0.51057726,0.437265,-0.009597261447906513,Patch transformer,SNV + patches(16)
K,300,1,3,34bd1e9a312d4bf84671a0da202772a0,0.9046,0.9243229,0.437265,-0.019722903156280558,Patch transformer,SNV + patches(16)
K,300,1,3,89d869fa5950ac8d08824a2e2d254e02,0.06611,0.4491641,0.437265,-0.38305409254074096,Patch transformer,SNV + patches(16)
K,300,1,3,706ed5ba587e13162bb61ecefcdc27f7,0.1572,0.43458894,0.437265,-0.2773889389514923,Patch transformer,SNV + patches(16)
K,300,1,3,e4d80aeb919d4e867841e9c7eb8d7c2d,0.0,1.154798,0.437265,-1.1547980308532715,Patch transformer,SNV + patches(16)
K,300,1,3,e6a65d600d5a7a7267043aca3ed00f14,0.29283,0.7961602,0.437265,-0.5033302210998536,Patch transformer,SNV + patches(16)
K,300,1,3,80bdc0cc5c10da927f5636f8ce895fd7,2.57191,0.9445671,0.437265,1.627342915687561,Patch transformer,SNV + patches(16)
K,300,1,3,87681b18f01e369ceb4f1f7bdad0abaa,0.29139,0.48743343,0.437265,-0.19604343353271486,Patch transformer,SNV + patches(16)
K,300,1,3,152e0e3d76a2df9236b55bc35d890379,0.56937,0.44611815,0.437265,0.12325185381889348,Patch transformer,SNV + patches(16)
K,300,1,3,dcdf114dec5a225894118f2251a970e6,2.13353,0.55451196,0.437265,1.5790180356788635,Patch transformer,SNV + patches(16)
K,300,1,3,8038ceffffb186b3ffa20196ed1bf07d,0.2586,0.5527657,0.437265,-0.29416572704315186,Patch transformer,SNV + patches(16)
K,300,1,3,c6f45b2681be191ba7612fad4cf06e53,0.29826,0.4745981,0.437265,-0.17633810972213743,Patch transformer,SNV + patches(16)
K,300,1,3,a7020121ef583d89be2614e54edf4a1e,0.06765,0.34560928,0.437265,-0.27795927748680116,Patch transformer,SNV + patches(16)
K,300,1,3,072df7a1dec9339c3c7d2fbdf9effa31,2.77564,0.6315072,0.437265,2.1441327821159364,Patch transformer,SNV + patches(16)
K,300,1,3,18bfc5f8c3df3ed838fa2e39c23a600e,0.04634,0.39732447,0.437265,-0.35098447266578675,Patch transformer,SNV + patches(16)
K,300,1,3,c0bfbf39baa8d0d7553529066274704e,2.64722,0.6555937,0.437265,1.9916263067436217,Patch transformer,SNV + patches(16)
K,300,1,3,3d2e01065bf7fdc0037423f929aff5f5,0.20465,0.90699005,0.437265,-0.7023400512695313,Patch transformer,SNV + patches(16)
K,300,1,3,e6d35ed6f409d4e1cdceb6bc00f448f5,0.29121,0.4984982,0.437265,-0.20728820137023923,Patch transformer,SNV + patches(16)
K,300,1,3,ebcd27f2c8751067973379b27ec051e3,0.5778,0.5260777,0.437265,0.05172231225967405,Patch transformer,SNV + patches(16)
K,300,1,3,5c8bbc93a0158668272fb9ee6cc266fb,0.25419,0.4556911,0.437265,-0.2015010991668701,Patch transformer,SNV + patches(16)
K,300,1,3,4fbe75a861568cd10e5c3909c3be6b6d,1.64816614660596,0.7034215,0.437265,0.9447446731028473,Patch transformer,SNV + patches(16)
K,300,1,3,68456d5f832f6d951ef6ba1a3cc9f49a,0.0,1.4336531,0.437265,-1.4336531162261963,Patch transformer,SNV + patches(16)
K,300,1,3,b90ba3f655313e010db7cdfc03c6121c,0.53652,0.4525973,0.437265,0.08392270972251892,Patch transformer,SNV + patches(16)
K,300,1,3,45b502bad51f2f871bded3c4dcc84ef6,0.2099,0.4356422,0.437265,-0.22574221262931823,Patch transformer,SNV + patches(16)
N,300,1,4,2a70fd5d10ad11d40aa7dc7c2bd08c6b,0.15,0.09885892,0.162465,0.05114107728004455,Patch transformer,SNV + patches(16)
N,300,1,4,a9fef1c7afb7ecd702b97eea9877847f,0.12,0.014240483,0.162465,0.10575951717793941,Patch transformer,SNV + patches(16)
N,300,1,4,9e69bb72cbea5a83216fdf89f7bc688b,0.07727,0.22562529,0.162465,-0.14835529146671295,Patch transformer,SNV + patches(16)
N,300,1,4,f9891181b6ea77c29ec998e834de145b,0.0264,0.15302971,0.162465,-0.12662971005439758,Patch transformer,SNV + patches(16)
N,300,1,4,8beacf87fc55813738d600c1ea2a9c7d,0.12,0.16821128,0.162465,-0.04821128129959107,Patch transformer,SNV + patches(16)
N,300,1,4,b06ef2ff977073c8a423f935c3707702,0.06205,0.03160539,0.162465,0.030444611030817033,Patch transformer,SNV + patches(16)
N,300,1,4,5e679b2fd98577dbf032a322e04b7cc1,0.04545,0.02662474,0.162465,0.018825260829925534,Patch transformer,SNV + patches(16)
N,300,1,4,b1b2c0a1acf771644dc87780ec149627,0.50081,0.13254443,0.162465,0.3682655718898773,Patch transformer,SNV + patches(16)
N,300,1,4,64df4001f982c283885865a09fd6eff3,0.01982,0.058703102,0.162465,-0.03888310217142105,Patch transformer,SNV + patches(16)
N,300,1,4,8faafffca19a188f3f01a1a80045ee3e,0.03417,0.25265113,0.162465,-0.2184811251926422,Patch transformer,SNV + patches(16)
N,300,1,4,528c525f69e9c41adb90f71d886f5cbd,0.07094,0.07430523,0.162465,-0.003365228888988492,Patch transformer,SNV + patches(16)
N,300,1,4,d246ecb2db1de88b809710d98456b02c,0.97178,1.3767216,0.162465,-0.4049416205596924,Patch transformer,SNV + patches(16)
N,300,1,4,ffbc4e924a3077f384897fd6871fc289,2.57356,1.4027189,0.162465,1.1708410983657838,Patch transformer,SNV + patches(16)
N,300,1,4,079007847c148f48771780a23bd5ed7a,0.0441,0.17050588,0.162465,-0.12640588130950928,Patch transformer,SNV + patches(16)
N,300,1,4,1565f3b97057f7672246e822e1bc19bf,0.12387,0.031986777,0.162465,0.09188322326064109,Patch transformer,SNV + patches(16)
N,300,1,4,186111e6da3c326211af261df886e7d0,1.26439,1.4103612,0.162465,-0.1459711707687379,Patch transformer,SNV + patches(16)
N,300,1,4,7a0bcf7b6758d64ae465ec2de6bb2557,0.0240063300376648,0.05354434,0.162465,-0.029538008754897684,Patch transformer,SNV + patches(16)
N,300,1,4,6f24783cbf17d29281c411994b2b8667,0.02018,0.21091901,0.162465,-0.19073900765895843,Patch transformer,SNV + patches(16)
N,300,1,4,412cbf2c090f0135a2dd7d26a16ac46b,0.25,0.32721803,0.162465,-0.07721802592277527,Patch transformer,SNV + patches(16)
N,300,1,4,59c704cc8e2b4ee050ea8a34bff1eadd,0.33,0.0830218,0.162465,0.2469782027602196,Patch transformer,SNV + patches(16)
N,300,1,4,06a2bbf134abb8e37007c1f682da8209,0.02394,0.034316868,0.162465,-0.010376867589950562,Patch transformer,SNV + patches(16)
N,300,1,4,51c963bad01d047d23f6b6921cf5a237,0.15319,0.12777023,0.162465,0.025419769825935357,Patch transformer,SNV + patches(16)
N,300,1,4,932c33b500b4799942454d60604ed37f,0.10065,0.03572678,0.162465,0.06492322179079056,Patch transformer,SNV + patches(16)
N,300,1,4,db31232f97981b49ca2c8c2957caf340,0.31662,0.12951449,0.162465,0.18710551440238954,Patch transformer,SNV + patches(16)
N,300,1,4,930b7645ed893cab06e2207d2334a4a1,0.16,0.12351434,0.162465,0.03648566067218781,Patch transformer,SNV + patches(16)
N,300,1,4,a31d352f1721ec6c85212615b482d380,0.2037,0.37178865,0.162465,-0.1680886507511139,Patch transformer,SNV + patches(16)
N,300,1,4,fe9816b5ad430765c8bd5a6bda62a95e,0.54197,0.24544501,0.162465,0.2965249869537353,Patch transformer,SNV + patches(16)
N,300,1,4,ea03b67bbcafb6c248af3d6d57b2d224,1.03331,0.9668128,0.162465,0.06649721055984492,Patch transformer,SNV + patches(16)
N,300,1,4,9693aafcf7311fc46484eb7fc37fd897,0.34119,0.17168477,0.162465,0.16950522822380065,Patch transformer,SNV + patches(16)
N,300,1,4,34009f6906da53820c2143e77ce35ab7,1.12076,0.4210117,0.162465,0.6997483136749267,Patch transformer,SNV + patches(16)
N,300,1,4,7f8f66fda75a3083c8528c860ff5b181,0.11408,0.068365686,0.162465,0.045714314358234406,Patch transformer,SNV + patches(16)
N,300,1,4,fbcc4c6effaa7272a5f83fa6d42086aa,0.08878,0.050305042,0.162465,0.03847495758414268,Patch transformer,SNV + patches(16)
N,300,1,4,3c097418672845f860ca9fdf5c1cd67c,1.02629,1.3180772,0.162465,-0.2917872066116334,Patch transformer,SNV + patches(16)
N,300,1,4,4deb31efe20d998d0f54e8c18e420b9d,0.03477,0.040783502,0.162465,-0.006013502161502836,Patch transformer,SNV + patches(16)
N,300,1,4,2a1c524fa24ba9868f76860af8003a22,0.47086,0.17181133,0.162465,0.2990486726617813,Patch transformer,SNV + patches(16)
N,300,1,4,45025be0b24ddb196a635f0a823cd3b4,0.1563,0.17751887,0.162465,-0.02121887440681458,Patch transformer,SNV + patches(16)
N,300,1,4,df9184e37736faa206f42b5c0f31c4a6,0.00709,0.10233828,0.162465,-0.0952482768034935,Patch transformer,SNV + patches(16)
N,300,1,4,1509e93572589439fca17c9d84fa189c,0.15509,0.1901537,0.162465,-0.03506370309352874,Patch transformer,SNV + patches(16)
N,300,1,4,94fa044afacfb72edaa66797bee03d95,0.03048,0.04429118,0.162465,-0.0138111796271801,Patch transformer,SNV + patches(16)
N,300,1,4,7368c046574e41b07984fdebda1f1d5f,0.11108,0.041427847,0.162465,0.0696521530020237,Patch transformer,SNV + patches(16)
N,300,1,4,a2a8a0979fc6dd9c5bc20a00827eff7c,0.54787,0.13298598,0.162465,0.4148840206813812,Patch transformer,SNV + patches(16)
N,300,1,4,7057566eb5370310b79ff15f3a652d34,1.97089,1.780992,0.162465,0.18989796890258792,Patch transformer,SNV + patches(16)
N,300,1,4,93861174bb10d84bf0b75d68067abcbf,0.07,0.043324593,0.162465,0.026675406545400626,Patch transformer,SNV + patches(16)
N,300,1,4,a15aa9c2a766f6dc67b355997d277a1a,0.4694,0.158991,0.162465,0.3104090059041977,Patch transformer,SNV + patches(16)
N,300,1,4,defb6c0eb3c6e2193f618544f3b06a38,0.26391,0.2689804,0.162465,-0.00507041367530825,Patch transformer,SNV + patches(16)
N,300,1,4,08516523faf54b704cefe75b568024b8,0.02519,0.045610074,0.162465,-0.020420073953866958,Patch transformer,SNV + patches(16)
N,300,1,4,619cd81230d4626b2b144aba9e2e10eb,0.37419,0.06697834,0.162465,0.3072116571688652,Patch transformer,SNV + patches(16)
N,300,1,4,204544fd5526e6e0c712a61a34d7352f,0.14282,0.03515324,0.162465,0.10766676003456116,Patch transformer,SNV + patches(16)
N,300,1,4,8e75b95f18c63777fa4651d60d1f8330,0.20493,0.06626455,0.162465,0.1386654525923729,Patch transformer,SNV + patches(16)
N,300,1,4,de90184cbb51e9c7f8f7debee56ef76e,1.29771,1.405272,0.162465,-0.10756200698852547,Patch transformer,SNV + patches(16)
N,300,1,4,29d23181ffc8d70f77cd6d0d9804c336,0.11377,0.02868949,0.162465,0.08508050936877727,Patch transformer,SNV + patches(16)
N,300,1,4,7fa6a7587f8e77afc3d006721ea76ade,0.1917,0.050736748,0.162465,0.14096325231790544,Patch transformer,SNV + patches(16)
N,300,1,4,29455cc8eae37cf1072b8b26636f85b0,0.19,0.061245423,0.162465,0.12875457718968392,Patch transformer,SNV + patches(16)
N,300,1,4,c1baec638c1045b2bb99d6f54c73e8a0,0.11377,0.048211154,0.162465,0.06555884640336036,Patch transformer,SNV + patches(16)
N,300,1,4,998094ed90a808b94d42d257fc1f8c27,0.64527,0.1447849,0.162465,0.5004851024341583,Patch transformer,SNV + patches(16)
N,300,1,4,8cfcebdbeb273ea9e5ad1befc26f6529,0.0,0.10511453,0.162465,-0.10511452704668045,Patch transformer,SNV + patches(16)
N,300,1,4,fd600db4bffa3203140536951e98429e,0.71694,0.1899682,0.162465,0.5269718014621735,Patch transformer,SNV + patches(16)
N,300,1,4,2db2985a5a4e1c26188177f33319d7a8,0.01616,0.060993556,0.162465,-0.044833555933237075,Patch transformer,SNV + patches(16)
N,300,1,4,9d3ea990c16c0dcea361b28113f5c9bd,0.01418,0.04397602,0.162465,-0.029796020067930223,Patch transformer,SNV + patches(16)
N,300,1,4,6b02e05077591d9a45a3e8179f36018d,0.26705,0.45273426,0.162465,-0.18568426175117492,Patch transformer,SNV + patches(16)
P,300,1,4,2a70fd5d10ad11d40aa7dc7c2bd08c6b,47.8,2.2067542,4.809925,45.59324579238891,Patch transformer,SNV + patches(16)
P,300,1,4,a9fef1c7afb7ecd702b97eea9877847f,0.0,4.4722037,4.809925,-4.472203731536865,Patch transformer,SNV + patches(16)
P,300,1,4,9e69bb72cbea5a83216fdf89f7bc688b,0.82201,10.275328,4.809925,-9.453317682495117,Patch transformer,SNV + patches(16)
P,300,1,4,f9891181b6ea77c29ec998e834de145b,4.27259,11.565681,4.809925,-7.293091457519531,Patch transformer,SNV + patches(16)
P,300,1,4,8beacf87fc55813738d600c1ea2a9c7d,10.1,1.2228106,4.809925,8.877189373970031,Patch transformer,SNV + patches(16)
P,300,1,4,b06ef2ff977073c8a423f935c3707702,8.76614,3.0871563,4.809925,5.678983704223633,Patch transformer,SNV + patches(16)
P,300,1,4,5e679b2fd98577dbf032a322e04b7cc1,0.45407,3.1066723,4.809925,-2.652602286987305,Patch transformer,SNV + patches(16)
P,300,1,4,b1b2c0a1acf771644dc87780ec149627,5.61784,8.798195,4.809925,-3.180354885253906,Patch transformer,SNV + patches(16)
P,300,1,4,64df4001f982c283885865a09fd6eff3,0.40878,2.8686266,4.809925,-2.459846594543457,Patch transformer,SNV + patches(16)
P,300,1,4,8faafffca19a188f3f01a1a80045ee3e,0.97178,12.102802,4.809925,-11.131022276611327,Patch transformer,SNV + patches(16)
P,300,1,4,528c525f69e9c41adb90f71d886f5cbd,6.53359,3.684132,4.809925,2.849457900848389,Patch transformer,SNV + patches(16)
P,300,1,4,d246ecb2db1de88b809710d98456b02c,10.01707,12.6293955,4.809925,-2.612325484924316,Patch transformer,SNV + patches(16)
P,300,1,4,ffbc4e924a3077f384897fd6871fc289,49.3044,13.351693,4.809925,35.95270684661865,Patch transformer,SNV + patches(16)
P,300,1,4,079007847c148f48771780a23bd5ed7a,42.7773,11.966207,4.809925,30.811093449401852,Patch transformer,SNV + patches(16)
P,300,1,4,1565f3b97057f7672246e822e1bc19bf,26.09425,3.3235703,4.809925,22.770679748535155,Patch transformer,SNV + patches(16)
P,300,1,4,186111e6da3c326211af261df886e7d0,124.68283,10.498103,4.809925,114.18472685821533,Patch transformer,SNV + patches(16)
P,300,1,4,7a0bcf7b6758d64ae465ec2de6bb2557,0.0748644130571245,7.6648974,4.809925,-7.590033028806889,Patch transformer,SNV + patches(16)
P,300,1,4,6f24783cbf17d29281c411994b2b8667,10.8351,15.013891,4.809925,-4.178791220092773,Patch transformer,SNV + patches(16)
P,300,1,4,412cbf2c090f0135a2dd7d26a16ac46b,0.0,15.458923,4.809925,-15.45892333984375,Patch transformer,SNV + patches(16)
P,300,1,4,59c704cc8e2b4ee050ea8a34bff1eadd,84.4,5.655376,4.809925,78.74462404251099,Patch transformer,SNV + patches(16)
P,300,1,4,06a2bbf134abb8e37007c1f682da8209,1.45079,2.9860256,4.809925,-1.53523557182312,Patch transformer,SNV + patches(16)
P,300,1,4,51c963bad01d047d23f6b6921cf5a237,6.7511,9.609002,4.809925,-2.857902113342285,Patch transformer,SNV + patches(16)
P,300,1,4,932c33b500b4799942454d60604ed37f,10.64742,3.2716103,4.809925,7.375809739990235,Patch transformer,SNV + patches(16)
P,300,1,4,db31232f97981b49ca2c8c2957caf340,2.69396,6.8027205,4.809925,-4.1087605467224115,Patch transformer,SNV + patches(16)
P,300,1,4,930b7645ed893cab06e2207d2334a4a1,11.0,7.542654,4.809925,3.457345962524414,Patch transformer,SNV + patches(16)
P,300,1,4,a31d352f1721ec6c85212615b482d380,2.66839,16.10781,4.809925,-13.43941906677246,Patch transformer,SNV + patches(16)
P,300,1,4,fe9816b5ad430765c8bd5a6bda62a95e,42.56622,7.5542755,4.809925,35.01194448730469,Patch transformer,SNV + patches(16)
P,300,1,4,ea03b67bbcafb6c248af3d6d57b2d224,1.85439,13.303095,4.809925,-11.448704863891601,Patch transformer,SNV + patches(16)
P,300,1,4,9693aafcf7311fc46484eb7fc37fd897,63.68609,9.844452,4.809925,53.841638095703125,Patch transformer,SNV + patches(16)
P,300,1,4,34009f6906da53820c2143e77ce35ab7,0.86799,15.184713,4.809925,-14.31672336364746,Patch transformer,SNV + patches(16)
P,300,1,4,7f8f66fda75a3083c8528c860ff5b181,22.17096,4.216612,4.809925,17.954348137817384,Patch transformer,SNV + patches(16)
P,300,1,4,fbcc4c6effaa7272a5f83fa6d42086aa,0.16104,3.7931464,4.809925,-3.632106371841431,Patch transformer,SNV + patches(16)
P,300,1,4,3c097418672845f860ca9fdf5c1cd67c,3.03678,13.718736,4.809925,-10.681955694885254,Patch transformer,SNV + patches(16)
P,300,1,4,4deb31efe20d998d0f54e8c18e420b9d,0.49646,3.010389,4.809925,-2.5139290895843507,Patch transformer,SNV + patches(16)
P,300,1,4,2a1c524fa24ba9868f76860af8003a22,2.02999,6.781319,4.809925,-4.75132914138794,Patch transformer,SNV + patches(16)
P,300,1,4,45025be0b24ddb196a635f0a823cd3b4,7.19345,8.331558,4.809925,-1.1381082275390622,Patch transformer,SNV + patches(16)
P,300,1,4,df9184e37736faa206f42b5c0f31c4a6,0.45618,1.251555,4.809925,-0.7953749659729004,Patch transformer,SNV + patches(16)
P,300,1,4,1509e93572589439fca17c9d84fa189c,5.03579,12.585733,4.809925,-7.549943413696289,Patch transformer,SNV + patches(16)
P,300,1,4,94fa044afacfb72edaa66797bee03d95,1.29785,2.6784875,4.809925,-1.3806375392913819,Patch transformer,SNV + patches(16)
P,300,1,4,7368c046574e41b07984fdebda1f1d5f,2.64618,2.9456794,4.809925,-0.2994994261932371,Patch transformer,SNV + patches(16)
P,300,1,4,a2a8a0979fc6dd9c5bc20a00827eff7c,3.58397,5.8007336,4.809925,-2.21676356628418,Patch transformer,SNV + patches(16)
P,300,1,4,7057566eb5370310b79ff15f3a652d34,23.91067,10.78615,4.809925,13.124520021362304,Patch transformer,SNV + patches(16)
P,300,1,4,93861174bb10d84bf0b75d68067abcbf,27.5,2.831387,4.809925,24.668612957000732,Patch transformer,SNV + patches(16)
P,300,1,4,a15aa9c2a766f6dc67b355997d277a1a,5.41977,8.298075,4.809925,-2.8783047222900393,Patch transformer,SNV + patches(16)
P,300,1,4,defb6c0eb3c6e2193f618544f3b06a38,22.89185,14.81148,4.809925,8.080370431518556,Patch transformer,SNV + patches(16)
P,300,1,4,08516523faf54b704cefe75b568024b8,17.41266,3.647533,4.809925,13.76512706008911,Patch transformer,SNV + patches(16)
P,300,1,4,619cd81230d4626b2b144aba9e2e10eb,17.74923,8.230174,4.809925,9.51905593536377,Patch transformer,SNV + patches(16)
P,300,1,4,204544fd5526e6e0c712a61a34d7352f,19.11703,3.323007,4.809925,15.794022893218994,Patch transformer,SNV + patches(16)
P,300,1,4,8e75b95f18c63777fa4651d60d1f8330,2.2617,5.331774,4.809925,-3.0700742347717287,Patch transformer,SNV + patches(16)
P,300,1,4,de90184cbb51e9c7f8f7debee56ef76e,14.88431,10.874927,4.809925,4.0093834329223625,Patch transformer,SNV + patches(16)
P,300,1,4,29d23181ffc8d70f77cd6d0d9804c336,1.45093,5.2428913,4.809925,-3.7919613116455078,Patch transformer,SNV + patches(16)
P,300,1,4,7fa6a7587f8e77afc3d006721ea76ade,2.63475,2.559609,4.809925,0.07514106369018547,Patch transformer,SNV + patches(16)
P,300,1,4,29455cc8eae37cf1072b8b26636f85b0,59.7,7.7364993,4.809925,51.96350069046021,Patch transformer,SNV + patches(16)
P,300,1,4,c1baec638c1045b2bb99d6f54c73e8a0,37.72046,6.25501,4.809925,31.465449871978763,Patch transformer,SNV + patches(16)
P,300,1,4,998094ed90a808b94d42d257fc1f8c27,21.70527,7.658235,4.809925,14.0470349269104,Patch transformer,SNV + patches(16)
P,300,1,4,8cfcebdbeb273ea9e5ad1befc26f6529,1.00085,4.971329,4.809925,-3.970479212188721,Patch transformer,SNV + patches(16)
P,300,1,4,fd600db4bffa3203140536951e98429e,4.3913,11.086649,4.809925,-6.695348941040039,Patch transformer,SNV + patches(16)
P,300,1,4,2db2985a5a4e1c26188177f33319d7a8,0.69879,3.2279885,4.809925,-2.5291984815216066,Patch transformer,SNV + patches(16)
P,300,1,4,9d3ea990c16c0dcea361b28113f5c9bd,2.2257,4.9702635,4.809925,-2.744563481140137,Patch transformer,SNV + patches(16)
P,300,1,4,6b02e05077591d9a45a3e8179f36018d,5.99365,17.045704,4.809925,-11.052053887939454,Patch transformer,SNV + patches(16)
K,300,1,4,2a70fd5d10ad11d40aa7dc7c2bd08c6b,0.234283083533685,0.57253635,0.42935500000000004,-0.33825326576288484,Patch transformer,SNV + patches(16)
K,300,1,4,a9fef1c7afb7ecd702b97eea9877847f,0.29413269220932,0.553372,0.42935500000000004,-0.25923933328048715,Patch transformer,SNV + patches(16)
K,300,1,4,9e69bb72cbea5a83216fdf89f7bc688b,0.0,1.4518334,0.42935500000000004,-1.4518333673477173,Patch transformer,SNV + patches(16)
K,300,1,4,f9891181b6ea77c29ec998e834de145b,4.28215,2.4242392,0.42935500000000004,1.8579108413696286,Patch transformer,SNV + patches(16)
K,300,1,4,8beacf87fc55813738d600c1ea2a9c7d,0.316128702235408,0.7562665,0.42935500000000004,-0.4401377724884079,Patch transformer,SNV + patches(16)
K,300,1,4,b06ef2ff977073c8a423f935c3707702,4.67686,0.9974239,0.42935500000000004,3.679436112747192,Patch transformer,SNV + patches(16)
K,300,1,4,5e679b2fd98577dbf032a322e04b7cc1,0.21227,0.7216078,0.42935500000000004,-0.5093378042984009,Patch transformer,SNV + patches(16)
K,300,1,4,b1b2c0a1acf771644dc87780ec149627,0.2594,1.1161269,0.42935500000000004,-0.8567268949508666,Patch transformer,SNV + patches(16)
K,300,1,4,64df4001f982c283885865a09fd6eff3,0.49202,1.1283118,0.42935500000000004,-0.6362917532730102,Patch transformer,SNV + patches(16)
K,300,1,4,8faafffca19a188f3f01a1a80045ee3e,0.63937,2.8793721,0.42935500000000004,-2.2400021199035645,Patch transformer,SNV + patches(16)
K,300,1,4,528c525f69e9c41adb90f71d886f5cbd,0.09732,2.2436228,0.42935500000000004,-2.1463027798461916,Patch transformer,SNV + patches(16)
K,300,1,4,d246ecb2db1de88b809710d98456b02c,4.54015,1.376785,0.42935500000000004,3.1633649600982663,Patch transformer,SNV + patches(16)
K,300,1,4,ffbc4e924a3077f384897fd6871fc289,2.10904,1.5802937,0.42935500000000004,0.528746344604492,Patch transformer,SNV + patches(16)
K,300,1,4,079007847c148f48771780a23bd5ed7a,12.51361,2.0411909,0.42935500000000004,10.47241913734436,Patch transformer,SNV + patches(16)
K,300,1,4,1565f3b97057f7672246e822e1bc19bf,0.17779,0.5624513,0.42935500000000004,-0.3846613030052185,Patch transformer,SNV + patches(16)
K,300,1,4,186111e6da3c326211af261df886e7d0,0.80504,1.6450913,0.42935500000000004,-0.8400512952423096,Patch transformer,SNV + patches(16)
K,300,1,4,7a0bcf7b6758d64ae465ec2de6bb2557,0.0891813238371841,1.0981299,0.42935500000000004,-1.0089485446702011,Patch transformer,SNV + patches(16)
K,300,1,4,6f24783cbf17d29281c411994b2b8667,1.76538,1.585511,0.42935500000000004,0.17986903083801264,Patch transformer,SNV + patches(16)
K,300,1,4,412cbf2c090f0135a2dd7d26a16ac46b,1.23740344774669,1.1258296,0.42935500000000004,0.11157387030070609,Patch transformer,SNV + patches(16)
K,300,1,4,59c704cc8e2b4ee050ea8a34bff1eadd,1.495728681774,2.2645943,0.42935500000000004,-0.7688656347085439,Patch transformer,SNV + patches(16)
K,300,1,4,06a2bbf134abb8e37007c1f682da8209,0.56508,0.90639454,0.42935500000000004,-0.3413145412635803,Patch transformer,SNV + patches(16)
K,300,1,4,51c963bad01d047d23f6b6921cf5a237,0.04287,1.294662,0.42935500000000004,-1.2517919987487793,Patch transformer,SNV + patches(16)
K,300,1,4,932c33b500b4799942454d60604ed37f,0.12317,0.5626768,0.42935500000000004,-0.4395067873764038,Patch transformer,SNV + patches(16)
K,300,1,4,db31232f97981b49ca2c8c2957caf340,0.90174,1.8375989,0.42935500000000004,-0.9358589198684693,Patch transformer,SNV + patches(16)
K,300,1,4,930b7645ed893cab06e2207d2334a4a1,0.993401196992173,1.3763471,0.42935500000000004,-0.38294586797975083,Patch transformer,SNV + patches(16)
K,300,1,4,a31d352f1721ec6c85212615b482d380,1.36207,1.717927,0.42935500000000004,-0.3558569790649415,Patch transformer,SNV + patches(16)
K,300,1,4,fe9816b5ad430765c8bd5a6bda62a95e,2.41349,0.7898257,0.42935500000000004,1.6236643221282958,Patch transformer,SNV + patches(16)
K,300,1,4,ea03b67bbcafb6c248af3d6d57b2d224,0.14072,0.9475805,0.42935500000000004,-0.8068605163383484,Patch transformer,SNV + patches(16)
K,300,1,4,9693aafcf7311fc46484eb7fc37fd897,0.12934,2.3811245,0.42935500000000004,-2.251784496459961,Patch transformer,SNV + patches(16)
K,300,1,4,34009f6906da53820c2143e77ce35ab7,0.16838,1.3223946,0.42935500000000004,-1.154014609451294,Patch transformer,SNV + patches(16)
K,300,1,4,7f8f66fda75a3083c8528c860ff5b181,0.56486,2.1462991,0.42935500000000004,-1.5814391237640382,Patch transformer,SNV + patches(16)
K,300,1,4,fbcc4c6effaa7272a5f83fa6d42086aa,0.22771,1.8438435,0.42935500000000004,-1.6161334600830077,Patch transformer,SNV + patches(16)
K,300,1,4,3c097418672845f860ca9fdf5c1cd67c,3.41499,1.8233764,0.42935500000000004,1.5916135828399658,Patch transformer,SNV + patches(16)
K,300,1,4,4deb31efe20d998d0f54e8c18e420b9d,0.28627,1.0555222,0.42935500000000004,-0.7692522034454345,Patch transformer,SNV + patches(16)
K,300,1,4,2a1c524fa24ba9868f76860af8003a22,0.45219,2.1014757,0.42935500000000004,-1.6492857156372072,Patch transformer,SNV + patches(16)
K,300,1,4,45025be0b24ddb196a635f0a823cd3b4,0.84347,2.4608672,0.42935500000000004,-1.617397166519165,Patch transformer,SNV + patches(16)
K,300,1,4,df9184e37736faa206f42b5c0f31c4a6,0.0697,0.62966704,0.42935500000000004,-0.5599670436859131,Patch transformer,SNV + patches(16)
K,300,1,4,1509e93572589439fca17c9d84fa189c,0.25509,1.2066171,0.42935500000000004,-0.9515271169281005,Patch transformer,SNV + patches(16)
K,300,1,4,94fa044afacfb72edaa66797bee03d95,0.21108,0.70056206,0.42935500000000004,-0.489482059879303,Patch transformer,SNV + patches(16)
K,300,1,4,7368c046574e41b07984fdebda1f1d5f,0.31208,0.6137457,0.42935500000000004,-0.3016656893920898,Patch transformer,SNV + patches(16)
K,300,1,4,a2a8a0979fc6dd9c5bc20a00827eff7c,0.25147,0.67086387,0.42935500000000004,-0.41939386680603025,Patch transformer,SNV + patches(16)
K,300,1,4,7057566eb5370310b79ff15f3a652d34,1.30518,2.4769049,0.42935500000000004,-1.1717248690795898,Patch transformer,SNV + patches(16)
K,300,1,4,93861174bb10d84bf0b75d68067abcbf,0.981124354186915,0.9398535,0.42935500000000004,0.041270864787958716,Patch transformer,SNV + patches(16)
K,300,1,4,a15aa9c2a766f6dc67b355997d277a1a,0.63746,2.1399066,0.42935500000000004,-1.502446644821167,Patch transformer,SNV + patches(16)
K,300,1,4,defb6c0eb3c6e2193f618544f3b06a38,0.35353,1.3591044,0.42935500000000004,-1.0055743949127196,Patch transformer,SNV + patches(16)
K,300,1,4,08516523faf54b704cefe75b568024b8,0.16999,0.7005041,0.42935500000000004,-0.5305141241645813,Patch transformer,SNV + patches(16)
K,300,1,4,619cd81230d4626b2b144aba9e2e10eb,3.1353,1.6341634,0.42935500000000004,1.5011366203308105,Patch transformer,SNV + patches(16)
K,300,1,4,204544fd5526e6e0c712a61a34d7352f,0.18324,0.6353269,0.42935500000000004,-0.4520869219398499,Patch transformer,SNV + patches(16)
K,300,1,4,8e75b95f18c63777fa4651d60d1f8330,0.07006,1.1472902,0.42935500000000004,-1.0772302297973633,Patch transformer,SNV + patches(16)
K,300,1,4,de90184cbb51e9c7f8f7debee56ef76e,0.56309,1.4164386,0.42935500000000004,-0.8533485795593262,Patch transformer,SNV + patches(16)
K,300,1,4,29d23181ffc8d70f77cd6d0d9804c336,0.04473,0.79035133,0.42935500000000004,-0.7456213312339782,Patch transformer,SNV + patches(16)
K,300,1,4,7fa6a7587f8e77afc3d006721ea76ade,0.17691,0.6875411,0.42935500000000004,-0.510631127204895,Patch transformer,SNV + patches(16)
K,300,1,4,29455cc8eae37cf1072b8b26636f85b0,1.49828635735843,1.4060471,0.42935500000000004,0.0922392515692454,Patch transformer,SNV + patches(16)
K,300,1,4,c1baec638c1045b2bb99d6f54c73e8a0,2.79539,1.5209135,0.42935500000000004,1.2744765182876585,Patch transformer,SNV + patches(16)
K,300,1,4,998094ed90a808b94d42d257fc1f8c27,5.449,1.5975577,0.42935500000000004,3.8514423360824583,Patch transformer,SNV + patches(16)
K,300,1,4,8cfcebdbeb273ea9e5ad1befc26f6529,0.26327,0.53325284,0.42935500000000004,-0.26998283527374267,Patch transformer,SNV + patches(16)
K,300,1,4,fd600db4bffa3203140536951e98429e,0.60029,2.1721978,0.42935500000000004,-1.5719078187561035,Patch transformer,SNV + patches(16)
K,300,1,4,2db2985a5a4e1c26188177f33319d7a8,0.28966,0.7140989,0.42935500000000004,-0.42443887075424197,Patch transformer,SNV + patches(16)
K,300,1,4,9d3ea990c16c0dcea361b28113f5c9bd,0.0,0.74328035,0.42935500000000004,-0.7432803511619568,Patch transformer,SNV + patches(16)
K,300,1,4,6b02e05077591d9a45a3e8179f36018d,0.26822,1.3542372,0.42935500000000004,-1.086017198829651,Patch transformer,SNV + patches(16)
N,300,1,5,6f3380bee1fb7f08cf65b548f4dd0d7e,0.01104,0.12378103,0.15414,-0.11274103286027909,Patch transformer,SNV + patches(16)
N,300,1,5,836e490b36d38c7ede978670a87f373c,0.11,0.06864862,0.15414,0.041351378560066224,Patch transformer,SNV + patches(16)
N,300,1,5,2060c6d3f228f6f93936240a6ba71361,0.52,0.34951395,0.15414,0.17048605203628542,Patch transformer,SNV + patches(16)
N,300,1,5,0c262891e616e18f18531bfc1e1c6da1,1.42082,1.6440542,0.15414,-0.2232341744232178,Patch transformer,SNV + patches(16)
N,300,1,5,0eeb39bc2910755db03181cf10c0c2ba,0.0,0.07165427,0.15414,-0.07165426760911942,Patch transformer,SNV + patches(16)
N,300,1,5,7b7f800e58efbc3a88f09e818729645c,0.11254,0.012980177,0.15414,0.09955982293277979,Patch transformer,SNV + patches(16)
N,300,1,5,bb2b9ee9ac79c823e1dc36e624f6baa3,0.02,0.22542514,0.15414,-0.2054251390695572,Patch transformer,SNV + patches(16)
N,300,1,5,65751894b2651a4ea9150d001b6b269a,1.23418,0.23273018,0.15414,1.0014498199748993,Patch transformer,SNV + patches(16)
N,300,1,5,04fcaa7329b712aecb2ac794c961ad79,0.0132,0.1168189,0.15414,-0.10361889742612838,Patch transformer,SNV + patches(16)
N,300,1,5,7696cf4581ce7e708547572ae05362fe,0.61,0.4537442,0.15414,0.15625579714775084,Patch transformer,SNV + patches(16)
N,300,1,5,2276802536cc180302810c965a4c5830,0.01412,0.1198601,0.15414,-0.10574009776592255,Patch transformer,SNV + patches(16)
N,300,1,5,00ad9f84382666ab26588a10f3c86dd3,0.15311,0.076661184,0.15414,0.07644881556987762,Patch transformer,SNV + patches(16)
N,300,1,5,bc720b9a91a11919f13be41af81568b3,0.01011,0.087420404,0.15414,-0.07731040395736695,Patch transformer,SNV + patches(16)
N,300,1,5,8516cee2d21933ae7a35b62e39db7c95,0.04061,0.014795174,0.15414,0.02581482610911131,Patch transformer,SNV + patches(16)
N,300,1,5,ad19edaab55210bf64a259c2181e3ede,0.14204,0.050667938,0.15414,0.09137206215500832,Patch transformer,SNV + patches(16)
N,300,1,5,4ccdbf99991f857d8a412338b6fa9953,0.36991,0.18823338,0.15414,0.1816766244506836,Patch transformer,SNV + patches(16)
N,300,1,5,f06bd68c23c44d9438ebcce434d51810,2.54688,2.3172512,0.15414,0.22962879455566387,Patch transformer,SNV + patches(16)
N,300,1,5,7feb20905e9f4efc12ce8a1557489993,1.24672,0.85822195,0.15414,0.38849805185318,Patch transformer,SNV + patches(16)
N,300,1,5,8128d56631a7f6447e40e74dc11ff064,0.25415,0.21804856,0.15414,0.03610144236087798,Patch transformer,SNV + patches(16)
N,300,1,5,2763015fcb5add9733f51b583da845a7,0.2698,0.14641377,0.15414,0.12338622670173643,Patch transformer,SNV + patches(16)
N,300,1,5,47f2965e95d7c12e0d0ee0382f6fdbc0,0.05115,0.024209965,0.15414,0.026940034979581834,Patch transformer,SNV + patches(16)
N,300,1,5,0264138a7644659aad5d4b1284513788,1.41907,1.6185516,0.15414,-0.19948161190032954,Patch transformer,SNV + patches(16)
N,300,1,5,16086e9e9b15d8bc7c4389c147cca76a,0.01541,0.09067998,0.15414,-0.07526998081445693,Patch transformer,SNV + patches(16)
N,300,1,5,b4caee112f48cd4910f34619452c46b2,0.18674,0.06698928,0.15414,0.11975071971654891,Patch transformer,SNV + patches(16)
N,300,1,5,35ec662104b460940a363f825351e109,0.19,0.2666451,0.15414,-0.07664510369300842,Patch transformer,SNV + patches(16)
N,300,1,5,22c715f706441403720a9cb73e8cfb59,0.16604,0.09796961,0.15414,0.06807039348125457,Patch transformer,SNV + patches(16)
N,300,1,5,ac9c0c9a47b3a9b990facc143484820e,0.02002,0.0021221174,0.15414,0.01789788256071508,Patch transformer,SNV + patches(16)
N,300,1,5,835faa4734d7161a1f458abd6e263e44,0.74609,0.14841951,0.15414,0.597670485701561,Patch transformer,SNV + patches(16)
N,300,1,5,a2a76efe45d6f7b6587d20f73b279f40,0.37338,0.16277881,0.15414,0.21060119033336638,Patch transformer,SNV + patches(16)
N,300,1,5,0b8f88e9a2d3336d7afc197291e928a0,0.01008,0.05610189,0.15414,-0.04602188841819763,Patch transformer,SNV + patches(16)
N,300,1,5,7f58a753ed28597074848ce4f7858b3e,0.24,0.21647397,0.15414,0.02352603316307067,Patch transformer,SNV + patches(16)
N,300,1,5,8002e7ca727acbcc3c403f2bbef73738,0.0,0.020982739,0.15414,-0.020982738584280014,Patch transformer,SNV + patches(16)
N,300,1,5,b40e079751b59225cd8a0fdcf646e5d5,0.63714,0.31687483,0.15414,0.3202651680850983,Patch transformer,SNV + patches(16)
N,300,1,5,6943256023af3f32868a8d33550aeae9,0.0833,0.08033221,0.15414,0.0029677878499031057,Patch transformer,SNV + patches(16)
N,300,1,5,a269ef5b2e8943e92cbc4064db60fb50,0.33118,0.3555255,0.15414,-0.024345493621826197,Patch transformer,SNV + patches(16)
N,300,1,5,8d9599912269312b6363bb7be5efb7c5,0.03948,0.024212528,0.15414,0.015267471979856492,Patch transformer,SNV + patches(16)
N,300,1,5,df6c0e56d8c3d68bcdc66084d3b2ca4e,0.07079,0.11261943,0.15414,-0.041829429826736444,Patch transformer,SNV + patches(16)
N,300,1,5,d5951edf1450b1cf3ec2f257f14b7b83,0.03787,0.042572234,0.15414,-0.0047022338259220114,Patch transformer,SNV + patches(16)
N,300,1,5,d1c2c33c986d707d29872e658345459d,0.07094,0.038712397,0.15414,0.032227602782249454,Patch transformer,SNV + patches(16)
N,300,1,5,43ef3e564e2f871ad2b8aecfdd4e7477,2.46968,2.2913067,0.15414,0.17837326591491687,Patch transformer,SNV + patches(16)
N,300,1,5,9316dfe84939f71203208c82382c3a62,2.0945,1.928273,0.15414,0.1662270374298096,Patch transformer,SNV + patches(16)
N,300,1,5,b9ef6f14e4b8bbeeb496c9c9263905ff,0.4061,0.3261385,0.15414,0.07996150360107424,Patch transformer,SNV + patches(16)
N,300,1,5,80323f54e416a173059874b11516a72b,0.09633,0.010580992,0.15414,0.0857490076738596,Patch transformer,SNV + patches(16)
N,300,1,5,48b634cda25574a222cc7317618578e3,0.43847,0.3978163,0.15414,0.04065369960784915,Patch transformer,SNV + patches(16)
N,300,1,5,c2e4a148cd8a065512a4c9783b57788f,0.94813,0.5844938,0.15414,0.36363618410110476,Patch transformer,SNV + patches(16)
N,300,1,5,2c4db5f46a2f621808061adbfcd9220d,0.18473,0.09587873,0.15414,0.08885127226591111,Patch transformer,SNV + patches(16)
N,300,1,5,11ccc178396aa3aeaeac8a385bfa1dd8,0.21647,0.18271783,0.15414,0.03375217005729675,Patch transformer,SNV + patches(16)
N,300,1,5,a90babd6cbaf6abaf30a1f8874c1a7e0,1.73072,2.0709774,0.15414,-0.3402574494171142,Patch transformer,SNV + patches(16)
N,300,1,5,fba21a0b9a6c075fc0913e1beb5d6229,0.23195,0.08458576,0.15414,0.1473642364859581,Patch transformer,SNV + patches(16)
N,300,1,5,b27eda04d320bc555570395b5087d784,0.28616,0.11483899,0.15414,0.17132101241111758,Patch transformer,SNV + patches(16)
N,300,1,5,e8525f8a87831da5de041b8ea9841dfd,0.13894,0.08811371,0.15414,0.050826289715766915,Patch transformer,SNV + patches(16)
N,300,1,5,cd7f5fef66e69a006c3190b4745dfe76,0.401,0.965037,0.15414,-0.5640369882583618,Patch transformer,SNV + patches(16)
N,300,1,5,9ec49dadd82d548aa146e79d6e9511a3,0.08086,0.07442048,0.15414,0.006439518079757692,Patch transformer,SNV + patches(16)
N,300,1,5,b09d3df6476c9a2bd1260ed99c316ec1,0.02945,0.021779219,0.15414,0.007670781311392785,Patch transformer,SNV + patches(16)
N,300,1,5,5ed1afe3bc164cfa0df02fe3cc928f49,0.06286,0.048524182,0.15414,0.014335817710161208,Patch transformer,SNV + patches(16)
N,300,1,5,0c18c20646f9c12e134b58694d80ac6f,0.11237,0.021322886,0.15414,0.09104711447179317,Patch transformer,SNV + patches(16)
N,300,1,5,66973d35c14392d690cc93cf1b9e8306,1.77589,2.3481321,0.15414,-0.5722421334838868,Patch transformer,SNV + patches(16)
N,300,1,5,16fcf08fcb514fa9a814ac51d3a701b9,0.14,0.09814059,0.15414,0.041859410107135786,Patch transformer,SNV + patches(16)
N,300,1,5,33f782d7084f4715fbb743401feb63eb,0.56544,0.24973293,0.15414,0.3157070735120774,Patch transformer,SNV + patches(16)
N,300,1,5,e8b4942f9fc771fc1bef4b80313ab90c,0.03038,0.03781568,0.15414,-0.007435678864717483,Patch transformer,SNV + patches(16)
P,300,1,5,6f3380bee1fb7f08cf65b548f4dd0d7e,1.54624,1.924937,5.9449749999999995,-0.3786970098114013,Patch transformer,SNV + patches(16)
P,300,1,5,836e490b36d38c7ede978670a87f373c,0.0,1.1650776,5.9449749999999995,-1.165077567100525,Patch transformer,SNV + patches(16)
P,300,1,5,2060c6d3f228f6f93936240a6ba71361,0.0,8.802597,5.9449749999999995,-8.802597045898438,Patch transformer,SNV + patches(16)
P,300,1,5,0c262891e616e18f18531bfc1e1c6da1,14.71031,8.578367,5.9449749999999995,6.131942766723633,Patch transformer,SNV + patches(16)
P,300,1,5,0eeb39bc2910755db03181cf10c0c2ba,0.23135,2.745262,5.9449749999999995,-2.5139119075775147,Patch transformer,SNV + patches(16)
P,300,1,5,7b7f800e58efbc3a88f09e818729645c,1.48386,3.2791991,5.9449749999999995,-1.7953391233825684,Patch transformer,SNV + patches(16)
P,300,1,5,bb2b9ee9ac79c823e1dc36e624f6baa3,0.0,6.686882,5.9449749999999995,-6.686882019042969,Patch transformer,SNV + patches(16)
P,300,1,5,65751894b2651a4ea9150d001b6b269a,7.39982,6.3681183,5.9449749999999995,1.0317017138671876,Patch transformer,SNV + patches(16)
P,300,1,5,04fcaa7329b712aecb2ac794c961ad79,2.8997,9.379728,5.9449749999999995,-6.480028317260742,Patch transformer,SNV + patches(16)
P,300,1,5,7696cf4581ce7e708547572ae05362fe,10.5,13.467428,5.9449749999999995,-2.967428207397461,Patch transformer,SNV + patches(16)
P,300,1,5,2276802536cc180302810c965a4c5830,0.23879,7.2803297,5.9449749999999995,-7.041539704284668,Patch transformer,SNV + patches(16)
P,300,1,5,00ad9f84382666ab26588a10f3c86dd3,0.69319,3.2533689,5.9449749999999995,-2.560178854522705,Patch transformer,SNV + patches(16)
P,300,1,5,bc720b9a91a11919f13be41af81568b3,0.96564,4.509013,5.9449749999999995,-3.5433731759643554,Patch transformer,SNV + patches(16)
P,300,1,5,8516cee2d21933ae7a35b62e39db7c95,0.73324,3.3390737,5.9449749999999995,-2.605833657989502,Patch transformer,SNV + patches(16)
P,300,1,5,ad19edaab55210bf64a259c2181e3ede,23.63223,2.9844415,5.9449749999999995,20.64778848121643,Patch transformer,SNV + patches(16)
P,300,1,5,4ccdbf99991f857d8a412338b6fa9953,37.34343,4.410843,5.9449749999999995,32.932587104492185,Patch transformer,SNV + patches(16)
P,300,1,5,f06bd68c23c44d9438ebcce434d51810,0.61832,13.019214,5.9449749999999995,-12.400893676452636,Patch transformer,SNV + patches(16)
P,300,1,5,7feb20905e9f4efc12ce8a1557489993,4.10143,11.248454,5.9449749999999995,-7.147024093933106,Patch transformer,SNV + patches(16)
P,300,1,5,8128d56631a7f6447e40e74dc11ff064,4.12422,7.0429177,5.9449749999999995,-2.918697728424072,Patch transformer,SNV + patches(16)
P,300,1,5,2763015fcb5add9733f51b583da845a7,17.03142,5.4534984,5.9449749999999995,11.577921636505128,Patch transformer,SNV + patches(16)
P,300,1,5,47f2965e95d7c12e0d0ee0382f6fdbc0,0.68807,0.9614418,5.9449749999999995,-0.2733718148994446,Patch transformer,SNV + patches(16)
P,300,1,5,0264138a7644659aad5d4b1284513788,40.53389,17.65764,5.9449749999999995,22.87624954284668,Patch transformer,SNV + patches(16)
P,300,1,5,16086e9e9b15d8bc7c4389c147cca76a,7.10108,9.765559,5.9449749999999995,-2.6644791964721684,Patch transformer,SNV + patches(16)
P,300,1,5,b4caee112f48cd4910f34619452c46b2,0.61292,3.742244,5.9449749999999995,-3.129324005203247,Patch transformer,SNV + patches(16)
P,300,1,5,35ec662104b460940a363f825351e109,0.0,5.5512795,5.9449749999999995,-5.551279544830322,Patch transformer,SNV + patches(16)
P,300,1,5,22c715f706441403720a9cb73e8cfb59,46.17486,7.705541,5.9449749999999995,38.46931886611939,Patch transformer,SNV + patches(16)
P,300,1,5,ac9c0c9a47b3a9b990facc143484820e,0.46548,5.4218946,5.9449749999999995,-4.956414550323486,Patch transformer,SNV + patches(16)
P,300,1,5,835faa4734d7161a1f458abd6e263e44,176.4886,8.64185,5.9449749999999995,167.8467495285034,Patch transformer,SNV + patches(16)
P,300,1,5,a2a76efe45d6f7b6587d20f73b279f40,1.29892,4.8466454,5.9449749999999995,-3.5477253552246095,Patch transformer,SNV + patches(16)
P,300,1,5,0b8f88e9a2d3336d7afc197291e928a0,0.95471,2.7724528,5.9449749999999995,-1.8177428312683106,Patch transformer,SNV + patches(16)
P,300,1,5,7f58a753ed28597074848ce4f7858b3e,0.0,6.7289324,5.9449749999999995,-6.7289323806762695,Patch transformer,SNV + patches(16)
P,300,1,5,8002e7ca727acbcc3c403f2bbef73738,2.02724,5.0524497,5.9449749999999995,-3.025209703216553,Patch transformer,SNV + patches(16)
P,300,1,5,b40e079751b59225cd8a0fdcf646e5d5,17.13148,7.1212015,5.9449749999999995,10.010278484802246,Patch transformer,SNV + patches(16)
P,300,1,5,6943256023af3f32868a8d33550aeae9,0.91276,1.7618312,5.9449749999999995,-0.8490711643600464,Patch transformer,SNV + patches(16)
P,300,1,5,a269ef5b2e8943e92cbc4064db60fb50,16.35847,13.398757,5.9449749999999995,2.9597130191040044,Patch transformer,SNV + patches(16)
P,300,1,5,8d9599912269312b6363bb7be5efb7c5,0.2207,1.4038417,5.9449749999999995,-1.1831417339324952,Patch transformer,SNV + patches(16)
P,300,1,5,df6c0e56d8c3d68bcdc66084d3b2ca4e,23.17285,8.712331,5.9449749999999995,14.46051918182373,Patch transformer,SNV + patches(16)
P,300,1,5,d5951edf1450b1cf3ec2f257f14b7b83,1.02045,6.461118,5.9449749999999995,-5.440668221282959,Patch transformer,SNV + patches(16)
P,300,1,5,d1c2c33c986d707d29872e658345459d,1.0579,4.009342,5.9449749999999995,-2.9514421936035156,Patch transformer,SNV + patches(16)
P,300,1,5,43ef3e564e2f871ad2b8aecfdd4e7477,6.81427,11.970111,5.9449749999999995,-5.155840893249512,Patch transformer,SNV + patches(16)
P,300,1,5,9316dfe84939f71203208c82382c3a62,3.84431,14.634813,5.9449749999999995,-10.79050330871582,Patch transformer,SNV + patches(16)
P,300,1,5,b9ef6f14e4b8bbeeb496c9c9263905ff,41.98877,14.190333,5.9449749999999995,27.79843663360596,Patch transformer,SNV + patches(16)
P,300,1,5,80323f54e416a173059874b11516a72b,2.85289,5.417454,5.9449749999999995,-2.5645637658691407,Patch transformer,SNV + patches(16)
P,300,1,5,48b634cda25574a222cc7317618578e3,28.91199,7.85567,5.9449749999999995,21.056320024719238,Patch transformer,SNV + patches(16)
P,300,1,5,c2e4a148cd8a065512a4c9783b57788f,30.53946,12.676327,5.9449749999999995,17.863133248291014,Patch transformer,SNV + patches(16)
P,300,1,5,2c4db5f46a2f621808061adbfcd9220d,0.86876,7.480017,5.9449749999999995,-6.611257185211182,Patch transformer,SNV + patches(16)
P,300,1,5,11ccc178396aa3aeaeac8a385bfa1dd8,2.16257,7.4475145,5.9449749999999995,-5.2849445339965815,Patch transformer,SNV + patches(16)
P,300,1,5,a90babd6cbaf6abaf30a1f8874c1a7e0,7.1823,14.811943,5.9449749999999995,-7.629643054199219,Patch transformer,SNV + patches(16)
P,300,1,5,fba21a0b9a6c075fc0913e1beb5d6229,2.34319,8.435437,5.9449749999999995,-6.092247202453613,Patch transformer,SNV + patches(16)
P,300,1,5,b27eda04d320bc555570395b5087d784,2.32282,5.6176605,5.9449749999999995,-3.2948405224609374,Patch transformer,SNV + patches(16)
P,300,1,5,e8525f8a87831da5de041b8ea9841dfd,1.47757,6.2297935,5.9449749999999995,-4.752223548583984,Patch transformer,SNV + patches(16)
P,300,1,5,cd7f5fef66e69a006c3190b4745dfe76,0.52584,12.420545,5.9449749999999995,-11.894704624328613,Patch transformer,SNV + patches(16)
P,300,1,5,9ec49dadd82d548aa146e79d6e9511a3,0.52205,1.9097196,5.9449749999999995,-1.3876695863723754,Patch transformer,SNV + patches(16)
P,300,1,5,b09d3df6476c9a2bd1260ed99c316ec1,1.66747,1.6558276,5.9449749999999995,0.011642358512878426,Patch transformer,SNV + patches(16)
P,300,1,5,5ed1afe3bc164cfa0df02fe3cc928f49,8.66211,4.9021726,5.9449749999999995,3.759937434539795,Patch transformer,SNV + patches(16)
P,300,1,5,0c18c20646f9c12e134b58694d80ac6f,6.46371,3.3846061,5.9449749999999995,3.079103877029419,Patch transformer,SNV + patches(16)
P,300,1,5,66973d35c14392d690cc93cf1b9e8306,2.40924,11.445305,5.9449749999999995,-9.036064870605468,Patch transformer,SNV + patches(16)
P,300,1,5,16fcf08fcb514fa9a814ac51d3a701b9,0.0,6.6763167,5.9449749999999995,-6.676316738128662,Patch transformer,SNV + patches(16)
P,300,1,5,33f782d7084f4715fbb743401feb63eb,65.3155,8.195875,5.9449749999999995,57.11962483215332,Patch transformer,SNV + patches(16)
P,300,1,5,e8b4942f9fc771fc1bef4b80313ab90c,2.094,5.1139636,5.9449749999999995,-3.019963603973389,Patch transformer,SNV + patches(16)
K,300,1,5,6f3380bee1fb7f08cf65b548f4dd0d7e,0.07117,0.12120482,0.4257,-0.05003482325553894,Patch transformer,SNV + patches(16)
K,300,1,5,836e490b36d38c7ede978670a87f373c,2.96076525653486,0.6667712,0.4257,2.293994083057687,Patch transformer,SNV + patches(16)
K,300,1,5,2060c6d3f228f6f93936240a6ba71361,2.33464627346667,1.4725337,0.4257,0.8621125706163282,Patch transformer,SNV + patches(16)
K,300,1,5,0c262891e616e18f18531bfc1e1c6da1,0.0,1.7925133,0.4257,-1.7925132513046265,Patch transformer,SNV + patches(16)
K,300,1,5,0eeb39bc2910755db03181cf10c0c2ba,0.06913,0.2433891,0.4257,-0.1742590998363495,Patch transformer,SNV + patches(16)
K,300,1,5,7b7f800e58efbc3a88f09e818729645c,0.39303,0.16385171,0.4257,0.22917829182624816,Patch transformer,SNV + patches(16)
K,300,1,5,bb2b9ee9ac79c823e1dc36e624f6baa3,0.159087421351476,0.2580637,0.4257,-0.09897628242392989,Patch transformer,SNV + patches(16)
K,300,1,5,65751894b2651a4ea9150d001b6b269a,0.46026,0.3969922,0.4257,0.06326779342651367,Patch transformer,SNV + patches(16)
K,300,1,5,04fcaa7329b712aecb2ac794c961ad79,0.5053,1.384844,0.4257,-0.8795439455032349,Patch transformer,SNV + patches(16)
K,300,1,5,7696cf4581ce7e708547572ae05362fe,1.00516650468055,0.83722454,0.4257,0.167941961585915,Patch transformer,SNV + patches(16)
K,300,1,5,2276802536cc180302810c965a4c5830,0.0,0.7146951,0.4257,-0.7146950960159302,Patch transformer,SNV + patches(16)
K,300,1,5,00ad9f84382666ab26588a10f3c86dd3,1.22904,1.6484877,0.4257,-0.41944768711090097,Patch transformer,SNV + patches(16)
K,300,1,5,bc720b9a91a11919f13be41af81568b3,0.14689,0.23457038,0.4257,-0.08768038402557374,Patch transformer,SNV + patches(16)
K,300,1,5,8516cee2d21933ae7a35b62e39db7c95,0.24685,0.5574303,0.4257,-0.31058032693862914,Patch transformer,SNV + patches(16)
K,300,1,5,ad19edaab55210bf64a259c2181e3ede,0.47347,0.107019514,0.4257,0.3664504861545563,Patch transformer,SNV + patches(16)
K,300,1,5,4ccdbf99991f857d8a412338b6fa9953,0.83541,1.5983045,0.4257,-0.7628945101165772,Patch transformer,SNV + patches(16)
K,300,1,5,f06bd68c23c44d9438ebcce434d51810,0.13809,1.1760758,0.4257,-1.03798581615448,Patch transformer,SNV + patches(16)
K,300,1,5,7feb20905e9f4efc12ce8a1557489993,1.59386,1.2633098,0.4257,0.3305501636123658,Patch transformer,SNV + patches(16)
K,300,1,5,8128d56631a7f6447e40e74dc11ff064,5.60899,2.315427,0.4257,3.2935629351043705,Patch transformer,SNV + patches(16)
K,300,1,5,2763015fcb5add9733f51b583da845a7,1.82402,0.71062756,0.4257,1.113392444152832,Patch transformer,SNV + patches(16)
K,300,1,5,47f2965e95d7c12e0d0ee0382f6fdbc0,0.02318,0.4225165,0.4257,-0.39933649498939516,Patch transformer,SNV + patches(16)
K,300,1,5,0264138a7644659aad5d4b1284513788,2.32864,0.9420618,0.4257,1.3865782181167603,Patch transformer,SNV + patches(16)
K,300,1,5,16086e9e9b15d8bc7c4389c147cca76a,0.30965,1.1805863,0.4257,-0.8709363380432129,Patch transformer,SNV + patches(16)
K,300,1,5,b4caee112f48cd4910f34619452c46b2,0.2473,0.37205967,0.4257,-0.1247596730709076,Patch transformer,SNV + patches(16)
K,300,1,5,35ec662104b460940a363f825351e109,1.78116527699627,0.24399188,0.4257,1.537173395387307,Patch transformer,SNV + patches(16)
K,300,1,5,22c715f706441403720a9cb73e8cfb59,1.65342,0.78708667,0.4257,0.8663333343696593,Patch transformer,SNV + patches(16)
K,300,1,5,ac9c0c9a47b3a9b990facc143484820e,0.37497,0.58401805,0.4257,-0.20904805162429807,Patch transformer,SNV + patches(16)
K,300,1,5,835faa4734d7161a1f458abd6e263e44,3.99456,1.2142155,0.4257,2.7803444829559325,Patch transformer,SNV + patches(16)
K,300,1,5,a2a76efe45d6f7b6587d20f73b279f40,0.04598,0.09788942,0.4257,-0.05190942337036133,Patch transformer,SNV + patches(16)
K,300,1,5,0b8f88e9a2d3336d7afc197291e928a0,0.15885,0.6817478,0.4257,-0.5228977941513062,Patch transformer,SNV + patches(16)
K,300,1,5,7f58a753ed28597074848ce4f7858b3e,0.292086551741777,0.48570123,0.4257,-0.19361468140679783,Patch transformer,SNV + patches(16)
K,300,1,5,8002e7ca727acbcc3c403f2bbef73738,0.0952,0.34793106,0.4257,-0.25273105721473693,Patch transformer,SNV + patches(16)
K,300,1,5,b40e079751b59225cd8a0fdcf646e5d5,1.64217,1.4084206,0.4257,0.23374943725585928,Patch transformer,SNV + patches(16)
K,300,1,5,6943256023af3f32868a8d33550aeae9,0.18996,0.09478193,0.4257,0.09517807223558425,Patch transformer,SNV + patches(16)
K,300,1,5,a269ef5b2e8943e92cbc4064db60fb50,1.03329,0.76508826,0.4257,0.26820173982620243,Patch transformer,SNV + patches(16)
K,300,1,5,8d9599912269312b6363bb7be5efb7c5,0.1872,0.1815592,0.4257,0.005640794944763189,Patch transformer,SNV + patches(16)
K,300,1,5,df6c0e56d8c3d68bcdc66084d3b2ca4e,0.89425,0.51049674,0.4257,0.38375326442718505,Patch transformer,SNV + patches(16)
K,300,1,5,d5951edf1450b1cf3ec2f257f14b7b83,0.75014,1.6190805,0.4257,-0.8689405435180664,Patch transformer,SNV + patches(16)
K,300,1,5,d1c2c33c986d707d29872e658345459d,0.21132,0.64546555,0.4257,-0.43414555280685424,Patch transformer,SNV + patches(16)
K,300,1,5,43ef3e564e2f871ad2b8aecfdd4e7477,2.04052,1.2994138,0.4257,0.7411061997604369,Patch transformer,SNV + patches(16)
K,300,1,5,9316dfe84939f71203208c82382c3a62,0.09841,0.76169544,0.4257,-0.6632854445838928,Patch transformer,SNV + patches(16)
K,300,1,5,b9ef6f14e4b8bbeeb496c9c9263905ff,3.91767,2.2437267,0.4257,1.6739432696533205,Patch transformer,SNV + patches(16)
K,300,1,5,80323f54e416a173059874b11516a72b,0.49969,1.4447356,0.4257,-0.9450456462478638,Patch transformer,SNV + patches(16)
K,300,1,5,48b634cda25574a222cc7317618578e3,0.0,0.2764787,0.4257,-0.27647870779037476,Patch transformer,SNV + patches(16)
K,300,1,5,c2e4a148cd8a065512a4c9783b57788f,0.99313,0.6946273,0.4257,0.29850271499633785,Patch transformer,SNV + patches(16)
K,300,1,5,2c4db5f46a2f621808061adbfcd9220d,1.05558,0.7837836,0.4257,0.27179638536453243,Patch transformer,SNV + patches(16)
K,300,1,5,11ccc178396aa3aeaeac8a385bfa1dd8,0.0,1.6014605,0.4257,-1.6014604568481445,Patch transformer,SNV + patches(16)
K,300,1,5,a90babd6cbaf6abaf30a1f8874c1a7e0,0.25618,0.9520507,0.4257,-0.6958706858825683,Patch transformer,SNV + patches(16)
K,300,1,5,fba21a0b9a6c075fc0913e1beb5d6229,2.11868,1.6143655,0.4257,0.5043145415115355,Patch transformer,SNV + patches(16)
K,300,1,5,b27eda04d320bc555570395b5087d784,1.22715,1.094487,0.4257,0.13266304817199703,Patch transformer,SNV + patches(16)
K,300,1,5,e8525f8a87831da5de041b8ea9841dfd,0.16459,1.0258517,0.4257,-0.8612617265319824,Patch transformer,SNV + patches(16)
K,300,1,5,cd7f5fef66e69a006c3190b4745dfe76,0.19235,0.75191456,0.4257,-0.5595645607948303,Patch transformer,SNV + patches(16)
K,300,1,5,9ec49dadd82d548aa146e79d6e9511a3,0.44391,0.17807026,0.4257,0.2658397379255295,Patch transformer,SNV + patches(16)
K,300,1,5,b09d3df6476c9a2bd1260ed99c316ec1,0.15838,0.1560976,0.4257,0.002282394175529473,Patch transformer,SNV + patches(16)
K,300,1,5,5ed1afe3bc164cfa0df02fe3cc928f49,0.36249,0.51787734,0.4257,-0.15538734031677248,Patch transformer,SNV + patches(16)
K,300,1,5,0c18c20646f9c12e134b58694d80ac6f,0.37687,0.6386285,0.4257,-0.26175848281860353,Patch transformer,SNV + patches(16)
K,300,1,5,66973d35c14392d690cc93cf1b9e8306,1.64808,1.2819448,0.4257,0.36613524826049804,Patch transformer,SNV + patches(16)
K,300,1,5,16fcf08fcb514fa9a814ac51d3a701b9,1.96071410302317,1.714984,0.4257,0.2457300436893688,Patch transformer,SNV + patches(16)
K,300,1,5,33f782d7084f4715fbb743401feb63eb,2.18654,0.47279033,0.4257,1.7137496693515777,Patch transformer,SNV + patches(16)
K,300,1,5,e8b4942f9fc771fc1bef4b80313ab90c,0.36169,0.30497795,0.4257,0.05671204656600953,Patch transformer,SNV + patches(16)
N,1000,1,1,fc17b30b86ceb1f8655c9db11d7ce821,2.02866,2.0831058,0.15510000000000002,-0.054445802536010834,Patch transformer,SNV + patches(16)
N,1000,1,1,9e4373497959b939f4f7b4124dec6a45,0.15156,0.06761546,0.15510000000000002,0.08394454312086105,Patch transformer,SNV + patches(16)
N,1000,1,1,e12ed1de4ae395e58114affd9feb299d,0.33,0.09569675,0.15510000000000002,0.23430325269699098,Patch transformer,SNV + patches(16)
N,1000,1,1,f9891181b6ea77c29ec998e834de145b,0.0264,0.104960546,0.15510000000000002,-0.07856054589748382,Patch transformer,SNV + patches(16)
N,1000,1,1,8beacf87fc55813738d600c1ea2a9c7d,0.12,0.13972324,0.15510000000000002,-0.01972324132919312,Patch transformer,SNV + patches(16)
N,1000,1,1,523b42168d37da22d1ed0c7c944dd149,0.24852,0.091641374,0.15510000000000002,0.1568786260676384,Patch transformer,SNV + patches(16)
N,1000,1,1,76f2ff22173a5bfeecb15c686f829c68,0.35,0.8879129,0.15510000000000002,-0.537912929058075,Patch transformer,SNV + patches(16)
N,1000,1,1,b1b2c0a1acf771644dc87780ec149627,0.50081,0.28319314,0.15510000000000002,0.21761685877799986,Patch transformer,SNV + patches(16)
N,1000,1,1,ffbc4e924a3077f384897fd6871fc289,2.57356,1.983208,0.15510000000000002,0.5903520589447022,Patch transformer,SNV + patches(16)
N,1000,1,1,f02d4e1a64456f33400e40f783eb26d5,0.85314,1.1006994,0.15510000000000002,-0.24755942474365233,Patch transformer,SNV + patches(16)
N,1000,1,1,079007847c148f48771780a23bd5ed7a,0.0441,0.19312008,0.15510000000000002,-0.149020077252388,Patch transformer,SNV + patches(16)
N,1000,1,1,4289af3d036f7da61dcf2aceb651ad36,1.32755,1.0594647,0.15510000000000002,0.268085306930542,Patch transformer,SNV + patches(16)
N,1000,1,1,1565f3b97057f7672246e822e1bc19bf,0.12387,0.09629713,0.15510000000000002,0.027572870011329645,Patch transformer,SNV + patches(16)
N,1000,1,1,4b5527f2f6619045c4fcbd25d4e42ad4,0.19,0.14623247,0.15510000000000002,0.043767529129982,Patch transformer,SNV + patches(16)
N,1000,1,1,de66f37dab67300a7f7ab742079357ec,0.15628,0.18883853,0.15510000000000002,-0.03255852660655975,Patch transformer,SNV + patches(16)
N,1000,1,1,00ad9f84382666ab26588a10f3c86dd3,0.15311,0.08322266,0.15510000000000002,0.0698873425579071,Patch transformer,SNV + patches(16)
N,1000,1,1,ad19edaab55210bf64a259c2181e3ede,0.14204,0.100651614,0.15510000000000002,0.041388385632038116,Patch transformer,SNV + patches(16)
N,1000,1,1,2f4777b391f272e05496ed9099bcec35,0.526107186118841,0.4165878,0.15510000000000002,0.10951938633131963,Patch transformer,SNV + patches(16)
N,1000,1,1,acb6294600446ab5967dc89680fa11b0,0.82324,0.6060999,0.15510000000000002,0.21714009641647336,Patch transformer,SNV + patches(16)
N,1000,1,1,af2035e02288855f1c88caed05e971f3,0.05097,0.06880869,0.15510000000000002,-0.017838689713478087,Patch transformer,SNV + patches(16)
N,1000,1,1,dea143ad50e70eee95b6c98591c145f7,0.07818,0.13072139,0.15510000000000002,-0.05254139024734497,Patch transformer,SNV + patches(16)
N,1000,1,1,edfa59d93d208f307042a23d2cd9708a,0.19,0.06077518,0.15510000000000002,0.12922482058405876,Patch transformer,SNV + patches(16)
N,1000,1,1,0a93017d626f4095956e86db556c0ced,0.12,0.07897012,0.15510000000000002,0.041029880642890926,Patch transformer,SNV + patches(16)
N,1000,1,1,932c33b500b4799942454d60604ed37f,0.10065,0.081573956,0.15510000000000002,0.019076044285297397,Patch transformer,SNV + patches(16)
N,1000,1,1,3113166f7ea9a3a4a023a38385430e49,0.90772,0.38049617,0.15510000000000002,0.5272238259029388,Patch transformer,SNV + patches(16)
N,1000,1,1,16086e9e9b15d8bc7c4389c147cca76a,0.01541,0.091408946,0.15510000000000002,-0.07599894562005996,Patch transformer,SNV + patches(16)
N,1000,1,1,8ebb24e5650137d830013e39431bb72f,2.28,2.0650895,0.15510000000000002,0.21491053581237773,Patch transformer,SNV + patches(16)
N,1000,1,1,482f5898758113a5bcc30e6f3304d3a8,0.20836,0.050280455,0.15510000000000002,0.15807954450011252,Patch transformer,SNV + patches(16)
N,1000,1,1,4120f2755c44173c540a48976ff898a8,0.1665,0.04930547,0.15510000000000002,0.1171945312023163,Patch transformer,SNV + patches(16)
N,1000,1,1,2ca9c91d1d6af1cd44c72858f83c01c0,0.10133,0.08470909,0.15510000000000002,0.016620907025337223,Patch transformer,SNV + patches(16)
N,1000,1,1,32f69b4168bbfd25cc69f8b75f425f0f,2.3,2.143464,0.15510000000000002,0.15653591156005842,Patch transformer,SNV + patches(16)
N,1000,1,1,67196c55bbf3b9549498e1187ccf73f5,2.48469,1.2791098,0.15510000000000002,1.2055801643753052,Patch transformer,SNV + patches(16)
N,1000,1,1,7f58a753ed28597074848ce4f7858b3e,0.24,0.22207667,0.15510000000000002,0.017923330664634696,Patch transformer,SNV + patches(16)
N,1000,1,1,8002e7ca727acbcc3c403f2bbef73738,0.0,0.06165802,0.15510000000000002,-0.061658021062612534,Patch transformer,SNV + patches(16)
N,1000,1,1,150125e53673d96a235ce58eb2271728,0.2276,0.11632777,0.15510000000000002,0.11127222994565963,Patch transformer,SNV + patches(16)
N,1000,1,1,7f8f66fda75a3083c8528c860ff5b181,0.11408,0.071605496,0.15510000000000002,0.04247450389146805,Patch transformer,SNV + patches(16)
N,1000,1,1,d5951edf1450b1cf3ec2f257f14b7b83,0.03787,0.03713926,0.15510000000000002,0.0007307407212257394,Patch transformer,SNV + patches(16)
N,1000,1,1,d1c2c33c986d707d29872e658345459d,0.07094,0.10598722,0.15510000000000002,-0.03504722100257873,Patch transformer,SNV + patches(16)
N,1000,1,1,f373704bc5e76613392f1db6b4b47f44,0.16576,0.18989849,0.15510000000000002,-0.024138490905761728,Patch transformer,SNV + patches(16)
N,1000,1,1,c22a45caaeac88fe0f3fcd9f99191167,0.15081,0.19362986,0.15510000000000002,-0.04281986087799072,Patch transformer,SNV + patches(16)
N,1000,1,1,de649a2003ee2e5ade4cda71db53ee32,0.29782,0.17032187,0.15510000000000002,0.12749813313007352,Patch transformer,SNV + patches(16)
N,1000,1,1,c2e4a148cd8a065512a4c9783b57788f,0.94813,0.9971689,0.15510000000000002,-0.04903889858245847,Patch transformer,SNV + patches(16)
N,1000,1,1,89d869fa5950ac8d08824a2e2d254e02,0.34827,0.25728226,0.15510000000000002,0.0909877429199219,Patch transformer,SNV + patches(16)
N,1000,1,1,e4d80aeb919d4e867841e9c7eb8d7c2d,2.08625,1.942711,0.15510000000000002,0.14353900432586686,Patch transformer,SNV + patches(16)
N,1000,1,1,e6a65d600d5a7a7267043aca3ed00f14,1.01907,0.6975853,0.15510000000000002,0.3214847152900695,Patch transformer,SNV + patches(16)
N,1000,1,1,8d261f2366860390398a8b296dc70bc2,0.38694,0.37620205,0.15510000000000002,0.010737953128814703,Patch transformer,SNV + patches(16)
N,1000,1,1,7057566eb5370310b79ff15f3a652d34,1.97089,1.869459,0.15510000000000002,0.1014309669876099,Patch transformer,SNV + patches(16)
N,1000,1,1,a15aa9c2a766f6dc67b355997d277a1a,0.4694,0.3268949,0.15510000000000002,0.1425050908565521,Patch transformer,SNV + patches(16)
N,1000,1,1,defb6c0eb3c6e2193f618544f3b06a38,0.26391,0.2023839,0.15510000000000002,0.0615260943508148,Patch transformer,SNV + patches(16)
N,1000,1,1,152e0e3d76a2df9236b55bc35d890379,0.22552,0.092727,0.15510000000000002,0.13279300196886062,Patch transformer,SNV + patches(16)
N,1000,1,1,3910964fff237758d4fd16af77ce64fe,0.19269,0.12293844,0.15510000000000002,0.06975156075000763,Patch transformer,SNV + patches(16)
N,1000,1,1,fba21a0b9a6c075fc0913e1beb5d6229,0.23195,0.1235464,0.15510000000000002,0.10840360082387923,Patch transformer,SNV + patches(16)
N,1000,1,1,b27eda04d320bc555570395b5087d784,0.28616,0.16187683,0.15510000000000002,0.12428317252159121,Patch transformer,SNV + patches(16)
N,1000,1,1,91ced3c7c03c6cbe8b6cab31c9ff10d5,0.02888,0.049077366,0.15510000000000002,-0.020197365547418595,Patch transformer,SNV + patches(16)
N,1000,1,1,c017dbcb7d506744045409a577d8be20,0.99719,0.7489857,0.15510000000000002,0.24820429224014284,Patch transformer,SNV + patches(16)
N,1000,1,1,8e75b95f18c63777fa4651d60d1f8330,0.20493,0.18011828,0.15510000000000002,0.02481172233104706,Patch transformer,SNV + patches(16)
N,1000,1,1,523342aa103321af85032763d2b94abb,2.42742,1.71967,0.15510000000000002,0.7077499427032472,Patch transformer,SNV + patches(16)
N,1000,1,1,29455cc8eae37cf1072b8b26636f85b0,0.19,0.17965291,0.15510000000000002,0.010347085595130923,Patch transformer,SNV + patches(16)
N,1000,1,1,8cfcebdbeb273ea9e5ad1befc26f6529,0.0,0.06133764,0.15510000000000002,-0.06133763864636421,Patch transformer,SNV + patches(16)
N,1000,1,1,2a99ffded85744370b107aecb555b71f,0.00306,0.068170495,0.15510000000000002,-0.06511049533128739,Patch transformer,SNV + patches(16)
N,1000,1,1,66973d35c14392d690cc93cf1b9e8306,1.77589,1.9849528,0.15510000000000002,-0.20906280742645267,Patch transformer,SNV + patches(16)
N,1000,1,1,38546557f57c94cc89b5f9e6dd4cb3e8,0.93521,0.6116487,0.15510000000000002,0.32356132122039793,Patch transformer,SNV + patches(16)
N,1000,1,1,16fcf08fcb514fa9a814ac51d3a701b9,0.14,0.11949364,0.15510000000000002,0.020506359040737165,Patch transformer,SNV + patches(16)
N,1000,1,1,6b02e05077591d9a45a3e8179f36018d,0.26705,0.26676843,0.15510000000000002,0.00028157429695130354,Patch transformer,SNV + patches(16)
N,1000,1,1,68a628f080e1d51b72d93462284ee096,0.0713,0.10687838,0.15510000000000002,-0.035578377497196195,Patch transformer,SNV + patches(16)
N,1000,1,1,f0a46a29f7a86081350c9851f4f6c660,0.22,0.10936622,0.15510000000000002,0.11063377678394318,Patch transformer,SNV + patches(16)
N,1000,1,1,12e34c12bdd8ba4185c6f502fbb21b59,0.0467238205467372,0.59205574,0.15510000000000002,-0.5453319174255223,Patch transformer,SNV + patches(16)
N,1000,1,1,89166bac7f9dcd23e7a3aa511dfa4329,0.11,0.089694686,0.15510000000000002,0.020305313766002656,Patch transformer,SNV + patches(16)
N,1000,1,1,651676511e0ef898ec1189b9bc2de762,0.44528,0.25910187,0.15510000000000002,0.18617813232421876,Patch transformer,SNV + patches(16)
N,1000,1,1,6d2fbd0b38025ed68fde9bf5e7545676,0.17105,0.1869001,0.15510000000000002,-0.01585009415149688,Patch transformer,SNV + patches(16)
N,1000,1,1,f3689a5ccd2d534f4bb08465968c5a3c,0.26648,0.237538,0.15510000000000002,0.028942005019187922,Patch transformer,SNV + patches(16)
N,1000,1,1,cdf31644d4f5840f70e9684be56b23e5,1.4277,1.6445204,0.15510000000000002,-0.2168204019546509,Patch transformer,SNV + patches(16)
N,1000,1,1,f1e4e04b35f2b0f9a957852df94c8232,1.37003,1.8663677,0.15510000000000002,-0.4963376977157592,Patch transformer,SNV + patches(16)
N,1000,1,1,27df2652620786fa544eeeb7287f69f1,0.06059,0.019612467,0.15510000000000002,0.04097753308355808,Patch transformer,SNV + patches(16)
N,1000,1,1,721a77da054f515493a493a2c75ba0cb,4.36294,2.0745556,0.15510000000000002,2.2883843645477295,Patch transformer,SNV + patches(16)
N,1000,1,1,fb33801c30826b5425fa5982d4d61954,2.44,1.7132071,0.15510000000000002,0.7267928743362426,Patch transformer,SNV + patches(16)
N,1000,1,1,4f7cdfceb223ff1f958c8c4bf6c452f1,0.02004,0.011391573,0.15510000000000002,0.008648427345752715,Patch transformer,SNV + patches(16)
N,1000,1,1,accb3de3d04e8d56a10b55eacfa3d99e,0.08122,0.043528493,0.15510000000000002,0.037691506506204606,Patch transformer,SNV + patches(16)
N,1000,1,1,7f052c2ecda64235a27751c35dead312,0.15666,0.13686937,0.15510000000000002,0.01979062906265258,Patch transformer,SNV + patches(16)
N,1000,1,1,3916618534449b5691650a3c6cc3164a,0.15302,0.12362127,0.15510000000000002,0.029398729939460744,Patch transformer,SNV + patches(16)
N,1000,1,1,6161145fee34bf461d0b081a091bb28a,1.75936,1.3263901,0.15510000000000002,0.43296985279083255,Patch transformer,SNV + patches(16)
N,1000,1,1,da5299ca72c11cc26d5a3e7232b2eb4f,0.44474,0.34000644,0.15510000000000002,0.1047335591220856,Patch transformer,SNV + patches(16)
N,1000,1,1,aac07b50590909777f9715f36a247753,1.19353,0.4817259,0.15510000000000002,0.7118040986347198,Patch transformer,SNV + patches(16)
N,1000,1,1,ac06ea596ccfe41d4a0481fc96572cd5,0.47865,0.5055026,0.15510000000000002,-0.026852581596374492,Patch transformer,SNV + patches(16)
N,1000,1,1,e7e4527bb67f35ab464185fbdd0cab7a,3.21196,1.8881706,0.15510000000000002,1.323789400062561,Patch transformer,SNV + patches(16)
N,1000,1,1,bec5f8391be1e41c0ad1aa171ac4647e,0.10521,0.06308471,0.15510000000000002,0.04212529333591461,Patch transformer,SNV + patches(16)
N,1000,1,1,ba175cb615ffc86bd9229960223793e9,0.04041,0.07020284,0.15510000000000002,-0.029792842354774474,Patch transformer,SNV + patches(16)
N,1000,1,1,c4ff6b05f922aabed7c78f9ebefeef81,0.10085,0.09463026,0.15510000000000002,0.006219743704795833,Patch transformer,SNV + patches(16)
N,1000,1,1,602825da4dc9ec9287192ded60f8b416,0.2948,0.20496461,0.15510000000000002,0.08983539204597474,Patch transformer,SNV + patches(16)
N,1000,1,1,f11fab7c10b478b6c334f0cbff36d95e,0.07587,0.048670016,0.15510000000000002,0.027199983770847327,Patch transformer,SNV + patches(16)
N,1000,1,1,ba0f8f76f37aade282b17f5db380dfad,0.22,0.28633732,0.15510000000000002,-0.06633731603622436,Patch transformer,SNV + patches(16)
N,1000,1,1,f3c8f6acae530278cabbc465684cc8d7,0.19144,0.16006857,0.15510000000000002,0.0313714284324646,Patch transformer,SNV + patches(16)
N,1000,1,1,98e5d99f5a2fba554f2fbb35ea3659eb,0.02011,0.045802295,0.15510000000000002,-0.025692295207977296,Patch transformer,SNV + patches(16)
N,1000,1,1,877314426879cb890b4ad4ab1128d9a2,1.17917,0.9086663,0.15510000000000002,0.2705036873054505,Patch transformer,SNV + patches(16)
N,1000,1,1,f4468a0d26d762900caa5527662e627b,1.74069,1.0874811,0.15510000000000002,0.653208858909607,Patch transformer,SNV + patches(16)
N,1000,1,1,7c71e746446ba35cdf6ab3b1f869e27d,0.32823,0.18116733,0.15510000000000002,0.147062665681839,Patch transformer,SNV + patches(16)
N,1000,1,1,f854b045673c8575dbf7fac64a58e91d,0.19529,0.22726424,0.15510000000000002,-0.031974240384101876,Patch transformer,SNV + patches(16)
N,1000,1,1,593e066e1d75e8691eaf231bd63668bf,0.07128,0.07091235,0.15510000000000002,0.0003676463055610618,Patch transformer,SNV + patches(16)
N,1000,1,1,18d858b7e5d5fbf5c56e7593c0d56f2d,0.11,0.114997566,0.15510000000000002,-0.0049975657463073725,Patch transformer,SNV + patches(16)
N,1000,1,1,2cb5d07bb04534fc05904da18b499bf7,1.55102,1.0474225,0.15510000000000002,0.5035974717330933,Patch transformer,SNV + patches(16)
N,1000,1,1,41b960a82e6ba390acc958352c271736,0.4854,0.3799275,0.15510000000000002,0.10547251381874084,Patch transformer,SNV + patches(16)
N,1000,1,1,81732ab241b9a870e0544fd1725a4571,0.11308,0.0888702,0.15510000000000002,0.024209802465438843,Patch transformer,SNV + patches(16)
N,1000,1,1,89e3f4e7a250bc7466e231ce688e1e3f,0.07267,0.13612759,0.15510000000000002,-0.06345759113311768,Patch transformer,SNV + patches(16)
N,1000,1,1,cf432b528eddcbcf41c5fb68a2023d7c,0.00201,0.059211824,0.15510000000000002,-0.057201824089288714,Patch transformer,SNV + patches(16)
N,1000,1,1,b5d8c012617cefb7c0fec1d9bc2f8332,0.01104,0.08114429,0.15510000000000002,-0.07010428818225861,Patch transformer,SNV + patches(16)
N,1000,1,1,a0c23bed3af3073d76d157d1573c5d50,0.24831,0.09496061,0.15510000000000002,0.15334939241170883,Patch transformer,SNV + patches(16)
N,1000,1,1,5bc9c9c2c31c40d61e12f8981c2ebbc0,0.08087,0.032532834,0.15510000000000002,0.04833716648340225,Patch transformer,SNV + patches(16)
N,1000,1,1,a352a91c2b0bb470c707ea2bd7d71c7f,0.11,0.052802585,0.15510000000000002,0.05719741493463516,Patch transformer,SNV + patches(16)
N,1000,1,1,14193eb8284bd6a9cb3e9931661b5179,0.07494,0.053397704,0.15510000000000002,0.02154229608416558,Patch transformer,SNV + patches(16)
N,1000,1,1,8005088e4964b542e1e6b1a4f176493b,0.0176395715509854,0.18328425,0.15510000000000002,-0.1656446813310184,Patch transformer,SNV + patches(16)
N,1000,1,1,5fa37544268aed71d3bd32bbe3d859a7,1.89364,0.6359487,0.15510000000000002,1.2576912824058533,Patch transformer,SNV + patches(16)
N,1000,1,1,f4452a5a40bf395ccee54f07f58bd1d9,0.06828,0.06511728,0.15510000000000002,0.0031627227950096065,Patch transformer,SNV + patches(16)
N,1000,1,1,ae6685902f7faa18133a2427db7ab8a4,0.13799,0.37675232,0.15510000000000002,-0.2387623169517517,Patch transformer,SNV + patches(16)
N,1000,1,1,cb19ea109319b77cd2f8ecc408c75d87,0.12183,0.15176527,0.15510000000000002,-0.029935272021293646,Patch transformer,SNV + patches(16)
N,1000,1,1,fc026030051cd0b02fd3ec3378cbcbf3,0.30771,0.45359665,0.15510000000000002,-0.14588665155410768,Patch transformer,SNV + patches(16)
N,1000,1,1,4fdad525850bcbb71c8ae737b6cf342a,0.47651,0.31365332,0.15510000000000002,0.16285667992591857,Patch transformer,SNV + patches(16)
N,1000,1,1,5703a7be34cb9f63151f71a6fbab05e8,0.0,0.033244524,0.15510000000000002,-0.03324452415108681,Patch transformer,SNV + patches(16)
N,1000,1,1,1e867cca7e7dddfe8f7e93788d70dcf9,1.48344,1.0383955,0.15510000000000002,0.4450444759750367,Patch transformer,SNV + patches(16)
N,1000,1,1,640b7c3b43dbd1d5b6956202029e6c74,0.139292099243357,0.31203443,0.15510000000000002,-0.17274232887630242,Patch transformer,SNV + patches(16)
N,1000,1,1,6fa54f2e8eb032a794bff596700e8cf1,0.18669,0.121573865,0.15510000000000002,0.06511613458633422,Patch transformer,SNV + patches(16)
N,1000,1,1,b75913f294c052112f55fae3bca92e3d,2.18813,1.9280105,0.15510000000000002,0.2601195362854005,Patch transformer,SNV + patches(16)
N,1000,1,1,00fa88c87cc4b73b9b67615ff9a42247,0.01905,0.023664862,0.15510000000000002,-0.004614861917495727,Patch transformer,SNV + patches(16)
N,1000,1,1,56acbb6aa46763ffa29cb27014758fa9,0.95277,0.90725845,0.15510000000000002,0.04551154901504517,Patch transformer,SNV + patches(16)
N,1000,1,1,578f3f1dce4b5359f71da50dc93f7b37,0.0,0.049579192,0.15510000000000002,-0.0495791919529438,Patch transformer,SNV + patches(16)
N,1000,1,1,228513bbb071724449b6cd1767980784,2.04891,1.6052325,0.15510000000000002,0.44367752281188944,Patch transformer,SNV + patches(16)
N,1000,1,1,47411976edbbc681149b69fc3f736e42,0.22321,0.149434,0.15510000000000002,0.07377599974632262,Patch transformer,SNV + patches(16)
N,1000,1,1,3330fa09961b14f42645af3147df30cf,0.03019,0.05797982,0.15510000000000002,-0.027789818433523177,Patch transformer,SNV + patches(16)
N,1000,1,1,4ccc230ef4f95b0fe8a320ff62eb8241,0.26687962962963,0.57209224,0.15510000000000002,-0.30521260545871837,Patch transformer,SNV + patches(16)
N,1000,1,1,4b1f66e0a1dd117d24bd9896c29b1bb8,0.00405,0.107131965,0.15510000000000002,-0.1030819654583931,Patch transformer,SNV + patches(16)
N,1000,1,1,edcb7f9760a63d0f8c7269910ba83a30,2.17974,2.1377213,0.15510000000000002,0.04201869987487772,Patch transformer,SNV + patches(16)
N,1000,1,1,f0c3abce4704325c1bbe66fd1e2babf8,0.43317,0.10170298,0.15510000000000002,0.331467019302845,Patch transformer,SNV + patches(16)
N,1000,1,1,523bfb3edd9fd94511d037e4d6f5f7cc,0.06972,0.12269147,0.15510000000000002,-0.052971467404365535,Patch transformer,SNV + patches(16)
N,1000,1,1,be8c9294b5c8c4d734e71dbce4283978,0.22356,0.11597228,0.15510000000000002,0.10758771949768067,Patch transformer,SNV + patches(16)
N,1000,1,1,7b883efeb455b28ae64898ccab41934d,0.85777,0.4270108,0.15510000000000002,0.4307591955852509,Patch transformer,SNV + patches(16)
N,1000,1,1,fe34c9b464dc4f885a26e950897b22ae,0.16637,0.10833938,0.15510000000000002,0.058030623252391805,Patch transformer,SNV + patches(16)
N,1000,1,1,77402b83a26cf32c4b1b4fffb3591c6b,0.14399,0.19824457,0.15510000000000002,-0.05425457168579101,Patch transformer,SNV + patches(16)
N,1000,1,1,afc2b7e398fe7f4bab5adcff11fbb227,0.31994,0.18075977,0.15510000000000002,0.13918022734165192,Patch transformer,SNV + patches(16)
N,1000,1,1,0c7e0110da09deb0bfd2c7393f77b848,0.24648,0.15844469,0.15510000000000002,0.08803531227588654,Patch transformer,SNV + patches(16)
N,1000,1,1,e942975bc24705cf8739b6e4f8de360c,0.11373,0.17501141,0.15510000000000002,-0.06128141130924225,Patch transformer,SNV + patches(16)
N,1000,1,1,bf0cafc75c6000bfc1dc5acfc6bd0994,1.80081,0.8596506,0.15510000000000002,0.9411593881225586,Patch transformer,SNV + patches(16)
N,1000,1,1,e424eeaeda4b24bf5080f93787793955,0.40517,0.24002872,0.15510000000000002,0.16514127592563627,Patch transformer,SNV + patches(16)
N,1000,1,1,9e77551688638663048ca769bbe9d5f0,0.07091,0.08442621,0.15510000000000002,-0.013516209330558776,Patch transformer,SNV + patches(16)
N,1000,1,1,a296e27eb61a534368a70da111a54679,0.03096,0.02136982,0.15510000000000002,0.009590179539322854,Patch transformer,SNV + patches(16)
N,1000,1,1,296e124c653f79976d7120c8e631312d,0.25982,0.19674593,0.15510000000000002,0.06307406789779663,Patch transformer,SNV + patches(16)
N,1000,1,1,1165e6b8c1efc886a3d5b9a6a1a85a9f,0.20418,0.10699993,0.15510000000000002,0.09718006628036499,Patch transformer,SNV + patches(16)
N,1000,1,1,4bafe19988c11ac89d124773130af4fa,0.03036,0.066164315,0.15510000000000002,-0.03580431474685669,Patch transformer,SNV + patches(16)
N,1000,1,1,572ec823ee14c7e87887ac89e4f50d81,0.21372,0.17832713,0.15510000000000002,0.03539287170886993,Patch transformer,SNV + patches(16)
N,1000,1,1,ad44157b9dde5a21e2837af11b9d27bc,0.0295,0.06497069,0.15510000000000002,-0.03547068703174591,Patch transformer,SNV + patches(16)
N,1000,1,1,4e25010d2272e98c2921130a9a9bd1ce,0.04288,0.079185985,0.15510000000000002,-0.03630598502874374,Patch transformer,SNV + patches(16)
N,1000,1,1,f8b9c78faecc5baa0f2b6996f865f1b1,0.25861,0.13301677,0.15510000000000002,0.12559323488235474,Patch transformer,SNV + patches(16)
N,1000,1,1,48233ed9dfdeae60fa27c16a55a51bb9,0.2128,0.11119111,0.15510000000000002,0.10160889117717742,Patch transformer,SNV + patches(16)
N,1000,1,1,ceb575432e0575ae22935c776fbf5a28,0.1032,0.098101415,0.15510000000000002,0.005098585259914398,Patch transformer,SNV + patches(16)
N,1000,1,1,a3a18e80e22fcf5d97ba11e27be1b4ed,0.11234,0.120159805,0.15510000000000002,-0.007819804821014409,Patch transformer,SNV + patches(16)
N,1000,1,1,cd7db3131e3ff327cf2fac23f4d20fb7,0.87443,0.553825,0.15510000000000002,0.32060497920989994,Patch transformer,SNV + patches(16)
N,1000,1,1,b50934c28a788550ceeb86faf87dfd6d,0.07337,0.07136904,0.15510000000000002,0.0020009629678726243,Patch transformer,SNV + patches(16)
N,1000,1,1,65521edb8521fde0c391f0299c9a3dfd,0.53004,0.41205174,0.15510000000000002,0.11798826269149776,Patch transformer,SNV + patches(16)
N,1000,1,1,06ea724e0ec513750cec36662fb3296a,0.00827,0.050924983,0.15510000000000002,-0.042654982875585556,Patch transformer,SNV + patches(16)
N,1000,1,1,f484674f48913e5079150d0b44a0abef,0.11,0.07462184,0.15510000000000002,0.03537815868854523,Patch transformer,SNV + patches(16)
N,1000,1,1,932a69fee8656a6fb77bdfa091d4cf85,0.12258,0.16861358,0.15510000000000002,-0.04603358284950257,Patch transformer,SNV + patches(16)
N,1000,1,1,1a24e88ead0079697d5f05e0c8eb04fa,0.45912,0.231091,0.15510000000000002,0.22802900731086728,Patch transformer,SNV + patches(16)
N,1000,1,1,9c81ebdf51bdc265fe3b28445d9abf6c,0.13653,0.09765573,0.15510000000000002,0.0388742715406418,Patch transformer,SNV + patches(16)
N,1000,1,1,ee2f82a94390acd78a61f91772235f66,0.00424,0.08965005,0.15510000000000002,-0.08541004980564118,Patch transformer,SNV + patches(16)
N,1000,1,1,0e6f8ad910e279ae840aa0f2962ddbb7,0.23818,0.19397497,0.15510000000000002,0.04420502822875977,Patch transformer,SNV + patches(16)
N,1000,1,1,25a43deca689d04432f8ee785774368d,0.04972,0.07328558,0.15510000000000002,-0.023565579681396484,Patch transformer,SNV + patches(16)
N,1000,1,1,e3587728fb527045feb8b2f818b254c0,2.2905,2.1791582,0.15510000000000002,0.11134178924560567,Patch transformer,SNV + patches(16)
N,1000,1,1,a93d19a6d009df5b3cc8c7636599e934,1.22062,0.5432599,0.15510000000000002,0.6773600813102723,Patch transformer,SNV + patches(16)
N,1000,1,1,373063c7a6ef3b36f4839b4d43d2a7c2,0.18278,0.23765701,0.15510000000000002,-0.054877010555267336,Patch transformer,SNV + patches(16)
N,1000,1,1,51f41084ef32c9452e39e7523c2bbc61,0.22536,0.12772793,0.15510000000000002,0.0976320742225647,Patch transformer,SNV + patches(16)
N,1000,1,1,9dc33ff4c6af6332fabb534aa35c3e51,1.05558,0.7291644,0.15510000000000002,0.32641557844161984,Patch transformer,SNV + patches(16)
N,1000,1,1,1a2cb4885d6cdcab86dc57250c6bae8b,0.11192,0.09522085,0.15510000000000002,0.016699151082038885,Patch transformer,SNV + patches(16)
N,1000,1,1,6e34250276675d830e2f48691ac9ca7a,0.3426,0.20518593,0.15510000000000002,0.13741406509876253,Patch transformer,SNV + patches(16)
N,1000,1,1,d04947e84b39302a5abe9c8461deb011,0.07589,0.07767712,0.15510000000000002,-0.0017871232485771188,Patch transformer,SNV + patches(16)
N,1000,1,1,c0b80e3ea1abaf21246cc4955af7c311,2.34797,2.1012332,0.15510000000000002,0.24673675605773937,Patch transformer,SNV + patches(16)
N,1000,1,1,6c8c27352420799521fb2d54c0b767c3,0.39362,0.27363595,0.15510000000000002,0.11998404633522036,Patch transformer,SNV + patches(16)
N,1000,1,1,30fd52ff2b4309d4f396e18c21f9f3bd,2.61251,1.5625405,0.15510000000000002,1.0499694688415526,Patch transformer,SNV + patches(16)
N,1000,1,1,5f8b553f2e3f5ae26faab8401328c55e,0.04079,0.05181356,0.15510000000000002,-0.011023561469316483,Patch transformer,SNV + patches(16)
N,1000,1,1,21e41e48e93f3428e187916ff009ec97,0.08199,0.08932326,0.15510000000000002,-0.007333259890079505,Patch transformer,SNV + patches(16)
N,1000,1,1,50031367d05747d09d7784bdd051e1d4,2.1397,1.5922852,0.15510000000000002,0.5474148437499999,Patch transformer,SNV + patches(16)
N,1000,1,1,efe2b461a85e396a8051656b2489e2b7,0.54715,0.35678148,0.15510000000000002,0.19036851730346682,Patch transformer,SNV + patches(16)
N,1000,1,1,c1182b79f7e5ef25f7477e5403b7c394,0.24,0.10129087,0.15510000000000002,0.13870913326740264,Patch transformer,SNV + patches(16)
N,1000,1,1,a024e6b2e77817a47a8d00093b117997,0.77134,0.43685582,0.15510000000000002,0.33448417719841006,Patch transformer,SNV + patches(16)
N,1000,1,1,a14d80f08e57de74f37e51de0d08065a,0.10192,0.19121982,0.15510000000000002,-0.08929982157230378,Patch transformer,SNV + patches(16)
N,1000,1,1,e38bfaf13da892a6e524e2cf4902659c,1.63991,1.1173857,0.15510000000000002,0.522524254951477,Patch transformer,SNV + patches(16)
N,1000,1,1,44f14023a183e1f905562e22d1f12253,0.08298,0.061022155,0.15510000000000002,0.02195784501314163,Patch transformer,SNV + patches(16)
N,1000,1,1,99032447c1a2cd484ebae5a8b80cb88d,1.70173,1.3512197,0.15510000000000002,0.350510345916748,Patch transformer,SNV + patches(16)
N,1000,1,1,185bba2be5f3e1d50c72a90c35285313,0.07694,0.068147495,0.15510000000000002,0.008792504611015314,Patch transformer,SNV + patches(16)
N,1000,1,1,c6af4a0930de324705621c5d4707b434,0.0,0.043450903,0.15510000000000002,-0.04345090314745903,Patch transformer,SNV + patches(16)
N,1000,1,1,33b922cd5f4e0af5568fae40922f860e,0.05027,0.1101037,0.15510000000000002,-0.059833696584701536,Patch transformer,SNV + patches(16)
N,1000,1,1,0ea562015d6c8237ab221e40efe7d8ec,2.49863,1.4780229,0.15510000000000002,1.0206070669937133,Patch transformer,SNV + patches(16)
N,1000,1,1,bd4a1f858ba9de075afc93eef40ff572,0.2352,0.13356796,0.15510000000000002,0.1016320409297943,Patch transformer,SNV + patches(16)
N,1000,1,1,d2dbdfe726d9d7ec5f089a09ef8f0fe7,0.43238,0.4160195,0.15510000000000002,0.016360500698089586,Patch transformer,SNV + patches(16)
N,1000,1,1,38e93343acafa1acab21a0995ee9175b,0.03812,0.030035062,0.15510000000000002,0.008084938238263131,Patch transformer,SNV + patches(16)
N,1000,1,1,9f5b35b9a2c68b613e306b661681b6eb,0.10534,0.06784404,0.15510000000000002,0.037495959308147433,Patch transformer,SNV + patches(16)
N,1000,1,1,740c88c6b73795d0e3d8502411547a2e,0.08045,0.050101493,0.15510000000000002,0.030348507446050638,Patch transformer,SNV + patches(16)
N,1000,1,1,0b6aa14a62b8bd4a5560e4b395c3ce55,0.04055,0.08292354,0.15510000000000002,-0.04237353898286819,Patch transformer,SNV + patches(16)
N,1000,1,1,1cddea9a183071c03de4d8576ad91194,0.24692,0.19748786,0.15510000000000002,0.04943213908195496,Patch transformer,SNV + patches(16)
N,1000,1,1,1675b83eba296833225614039afe7bb4,0.02308,0.04158765,0.15510000000000002,-0.018507650775909424,Patch transformer,SNV + patches(16)
N,1000,1,1,67ec1aea2c17004f2e53c3fd2d5e304c,0.14341,0.101933874,0.15510000000000002,0.04147612581014634,Patch transformer,SNV + patches(16)
N,1000,1,1,aa31833d1feab4426eac2b9e1db32ae8,0.04927,0.02792184,0.15510000000000002,0.02134815945148468,Patch transformer,SNV + patches(16)
N,1000,1,1,3234226f61d16dc36e14c05525ca0620,3.69117,2.2336788,0.15510000000000002,1.4574911822509766,Patch transformer,SNV + patches(16)
P,1000,1,1,fc17b30b86ceb1f8655c9db11d7ce821,37.2928,8.071388,4.881165,29.221411755371093,Patch transformer,SNV + patches(16)
P,1000,1,1,9e4373497959b939f4f7b4124dec6a45,24.06916,12.115621,4.881165,11.953539386901856,Patch transformer,SNV + patches(16)
P,1000,1,1,e12ed1de4ae395e58114affd9feb299d,15.9,2.9901679,4.881165,12.90983214378357,Patch transformer,SNV + patches(16)
P,1000,1,1,f9891181b6ea77c29ec998e834de145b,4.27259,6.2276306,4.881165,-1.955040615234375,Patch transformer,SNV + patches(16)
P,1000,1,1,8beacf87fc55813738d600c1ea2a9c7d,10.1,2.6929388,4.881165,7.407061195373535,Patch transformer,SNV + patches(16)
P,1000,1,1,523b42168d37da22d1ed0c7c944dd149,24.46915,2.8967075,4.881165,21.57244246520996,Patch transformer,SNV + patches(16)
P,1000,1,1,76f2ff22173a5bfeecb15c686f829c68,67.6,11.100573,4.881165,56.499427413940424,Patch transformer,SNV + patches(16)
P,1000,1,1,b1b2c0a1acf771644dc87780ec149627,5.61784,8.533937,4.881165,-2.9160974542236326,Patch transformer,SNV + patches(16)
P,1000,1,1,ffbc4e924a3077f384897fd6871fc289,49.3044,9.625023,4.881165,39.67937711181641,Patch transformer,SNV + patches(16)
P,1000,1,1,f02d4e1a64456f33400e40f783eb26d5,0.98723,9.141134,4.881165,-8.15390426208496,Patch transformer,SNV + patches(16)
P,1000,1,1,079007847c148f48771780a23bd5ed7a,42.7773,7.2786636,4.881165,35.49863636474609,Patch transformer,SNV + patches(16)
P,1000,1,1,4289af3d036f7da61dcf2aceb651ad36,5.20023,5.3864837,4.881165,-0.1862536692810055,Patch transformer,SNV + patches(16)
P,1000,1,1,1565f3b97057f7672246e822e1bc19bf,26.09425,6.281621,4.881165,19.812629020690917,Patch transformer,SNV + patches(16)
P,1000,1,1,4b5527f2f6619045c4fcbd25d4e42ad4,0.0,5.87639,4.881165,-5.876389980316162,Patch transformer,SNV + patches(16)
P,1000,1,1,de66f37dab67300a7f7ab742079357ec,1.09279,6.9482765,4.881165,-5.855486519775391,Patch transformer,SNV + patches(16)
P,1000,1,1,00ad9f84382666ab26588a10f3c86dd3,0.69319,4.7611837,4.881165,-4.067993738708497,Patch transformer,SNV + patches(16)
P,1000,1,1,ad19edaab55210bf64a259c2181e3ede,23.63223,5.4951887,4.881165,18.13704128692627,Patch transformer,SNV + patches(16)
P,1000,1,1,2f4777b391f272e05496ed9099bcec35,20.5083844671796,10.509329,4.881165,9.999055625016513,Patch transformer,SNV + patches(16)
P,1000,1,1,acb6294600446ab5967dc89680fa11b0,0.70999,7.897531,4.881165,-7.1875410325622555,Patch transformer,SNV + patches(16)
P,1000,1,1,af2035e02288855f1c88caed05e971f3,4.37028,7.0285544,4.881165,-2.6582744395446776,Patch transformer,SNV + patches(16)
P,1000,1,1,dea143ad50e70eee95b6c98591c145f7,0.88329,7.1824327,4.881165,-6.299142651519776,Patch transformer,SNV + patches(16)
P,1000,1,1,edfa59d93d208f307042a23d2cd9708a,10.7,3.42207,4.881165,7.277929973602294,Patch transformer,SNV + patches(16)
P,1000,1,1,0a93017d626f4095956e86db556c0ced,65.9,3.131642,4.881165,62.768357896804815,Patch transformer,SNV + patches(16)
P,1000,1,1,932c33b500b4799942454d60604ed37f,10.64742,5.055751,4.881165,5.591669153137207,Patch transformer,SNV + patches(16)
P,1000,1,1,3113166f7ea9a3a4a023a38385430e49,15.47975,17.538239,4.881165,-2.0584885253906258,Patch transformer,SNV + patches(16)
P,1000,1,1,16086e9e9b15d8bc7c4389c147cca76a,7.10108,6.9275002,4.881165,0.17357975204467735,Patch transformer,SNV + patches(16)
P,1000,1,1,8ebb24e5650137d830013e39431bb72f,49.5,7.637047,4.881165,41.862953186035156,Patch transformer,SNV + patches(16)
P,1000,1,1,482f5898758113a5bcc30e6f3304d3a8,33.11378,7.056686,4.881165,26.05709407546997,Patch transformer,SNV + patches(16)
P,1000,1,1,4120f2755c44173c540a48976ff898a8,23.15034,2.5493379,4.881165,20.60100213607788,Patch transformer,SNV + patches(16)
P,1000,1,1,2ca9c91d1d6af1cd44c72858f83c01c0,5.42129,5.8102803,4.881165,-0.3889903230285645,Patch transformer,SNV + patches(16)
P,1000,1,1,32f69b4168bbfd25cc69f8b75f425f0f,59.9,6.5907297,4.881165,53.30927028656006,Patch transformer,SNV + patches(16)
P,1000,1,1,67196c55bbf3b9549498e1187ccf73f5,17.89559,8.72721,4.881165,9.168379955139159,Patch transformer,SNV + patches(16)
P,1000,1,1,7f58a753ed28597074848ce4f7858b3e,0.0,7.051446,4.881165,-7.051445960998535,Patch transformer,SNV + patches(16)
P,1000,1,1,8002e7ca727acbcc3c403f2bbef73738,2.02724,3.0688095,4.881165,-1.0415695092773438,Patch transformer,SNV + patches(16)
P,1000,1,1,150125e53673d96a235ce58eb2271728,16.24421,6.8209224,4.881165,9.423287625274657,Patch transformer,SNV + patches(16)
P,1000,1,1,7f8f66fda75a3083c8528c860ff5b181,22.17096,8.907921,4.881165,13.263039162597657,Patch transformer,SNV + patches(16)
P,1000,1,1,d5951edf1450b1cf3ec2f257f14b7b83,1.02045,3.5830965,4.881165,-2.5626465042114255,Patch transformer,SNV + patches(16)
P,1000,1,1,d1c2c33c986d707d29872e658345459d,1.0579,6.4165597,4.881165,-5.35865969619751,Patch transformer,SNV + patches(16)
P,1000,1,1,f373704bc5e76613392f1db6b4b47f44,25.53047,7.874009,4.881165,17.656460867614747,Patch transformer,SNV + patches(16)
P,1000,1,1,c22a45caaeac88fe0f3fcd9f99191167,145.42735,12.548813,4.881165,132.87853713378905,Patch transformer,SNV + patches(16)
P,1000,1,1,de649a2003ee2e5ade4cda71db53ee32,64.60586,8.67165,4.881165,55.93421006713868,Patch transformer,SNV + patches(16)
P,1000,1,1,c2e4a148cd8a065512a4c9783b57788f,30.53946,13.195591,4.881165,17.343869027099608,Patch transformer,SNV + patches(16)
P,1000,1,1,89d869fa5950ac8d08824a2e2d254e02,65.196,10.95571,4.881165,54.24028958892822,Patch transformer,SNV + patches(16)
P,1000,1,1,e4d80aeb919d4e867841e9c7eb8d7c2d,20.40029,9.7115755,4.881165,10.688714491882322,Patch transformer,SNV + patches(16)
P,1000,1,1,e6a65d600d5a7a7267043aca3ed00f14,15.77852,14.267969,4.881165,1.5105508685302738,Patch transformer,SNV + patches(16)
P,1000,1,1,8d261f2366860390398a8b296dc70bc2,5.4191,15.580938,4.881165,-10.161838339233398,Patch transformer,SNV + patches(16)
P,1000,1,1,7057566eb5370310b79ff15f3a652d34,23.91067,7.577676,4.881165,16.332994180603027,Patch transformer,SNV + patches(16)
P,1000,1,1,a15aa9c2a766f6dc67b355997d277a1a,5.41977,27.31317,4.881165,-21.893399479370117,Patch transformer,SNV + patches(16)
P,1000,1,1,defb6c0eb3c6e2193f618544f3b06a38,22.89185,9.775248,4.881165,13.116602426147463,Patch transformer,SNV + patches(16)
P,1000,1,1,152e0e3d76a2df9236b55bc35d890379,1.9557,3.57829,4.881165,-1.6225899856567383,Patch transformer,SNV + patches(16)
P,1000,1,1,3910964fff237758d4fd16af77ce64fe,7.32427,7.4757986,4.881165,-0.1515286068725583,Patch transformer,SNV + patches(16)
P,1000,1,1,fba21a0b9a6c075fc0913e1beb5d6229,2.34319,10.258507,4.881165,-7.915316774902344,Patch transformer,SNV + patches(16)
P,1000,1,1,b27eda04d320bc555570395b5087d784,2.32282,4.756959,4.881165,-2.4341389614868163,Patch transformer,SNV + patches(16)
P,1000,1,1,91ced3c7c03c6cbe8b6cab31c9ff10d5,1.53898,3.6329765,4.881165,-2.093996531982422,Patch transformer,SNV + patches(16)
P,1000,1,1,c017dbcb7d506744045409a577d8be20,12.37615,14.721215,4.881165,-2.3450652481079093,Patch transformer,SNV + patches(16)
P,1000,1,1,8e75b95f18c63777fa4651d60d1f8330,2.2617,4.4859347,4.881165,-2.2242347343444826,Patch transformer,SNV + patches(16)
P,1000,1,1,523342aa103321af85032763d2b94abb,2.6583,6.8081193,4.881165,-4.149819297027587,Patch transformer,SNV + patches(16)
P,1000,1,1,29455cc8eae37cf1072b8b26636f85b0,59.7,9.962512,4.881165,49.737487983703616,Patch transformer,SNV + patches(16)
P,1000,1,1,8cfcebdbeb273ea9e5ad1befc26f6529,1.00085,2.1097105,4.881165,-1.1088604549407959,Patch transformer,SNV + patches(16)
P,1000,1,1,2a99ffded85744370b107aecb555b71f,1.19521,5.3430495,4.881165,-4.147839526214599,Patch transformer,SNV + patches(16)
P,1000,1,1,66973d35c14392d690cc93cf1b9e8306,2.40924,8.188803,4.881165,-5.7795627191162104,Patch transformer,SNV + patches(16)
P,1000,1,1,38546557f57c94cc89b5f9e6dd4cb3e8,7.63696,16.592215,4.881165,-8.955254584350586,Patch transformer,SNV + patches(16)
P,1000,1,1,16fcf08fcb514fa9a814ac51d3a701b9,0.0,4.821361,4.881165,-4.821361064910889,Patch transformer,SNV + patches(16)
P,1000,1,1,6b02e05077591d9a45a3e8179f36018d,5.99365,8.227494,4.881165,-2.233844239807129,Patch transformer,SNV + patches(16)
P,1000,1,1,68a628f080e1d51b72d93462284ee096,0.0,5.246513,4.881165,-5.2465128898620605,Patch transformer,SNV + patches(16)
P,1000,1,1,f0a46a29f7a86081350c9851f4f6c660,12.3,2.9468908,4.881165,9.353109169006348,Patch transformer,SNV + patches(16)
P,1000,1,1,12e34c12bdd8ba4185c6f502fbb21b59,0.2848333994709,11.137675,4.881165,-10.852841885868456,Patch transformer,SNV + patches(16)
P,1000,1,1,89166bac7f9dcd23e7a3aa511dfa4329,23.4,2.1577165,4.881165,21.242283487319945,Patch transformer,SNV + patches(16)
P,1000,1,1,651676511e0ef898ec1189b9bc2de762,4.38045,4.357335,4.881165,0.0231149093627927,Patch transformer,SNV + patches(16)
P,1000,1,1,6d2fbd0b38025ed68fde9bf5e7545676,1.13272,2.3972595,4.881165,-1.2645394738006592,Patch transformer,SNV + patches(16)
P,1000,1,1,f3689a5ccd2d534f4bb08465968c5a3c,4.55311,7.9043393,4.881165,-3.35122931350708,Patch transformer,SNV + patches(16)
P,1000,1,1,cdf31644d4f5840f70e9684be56b23e5,57.87149,5.766075,4.881165,52.10541486572266,Patch transformer,SNV + patches(16)
P,1000,1,1,f1e4e04b35f2b0f9a957852df94c8232,34.08386,6.297472,4.881165,27.78638799987793,Patch transformer,SNV + patches(16)
P,1000,1,1,27df2652620786fa544eeeb7287f69f1,3.42777,2.9758825,4.881165,0.45188746978759786,Patch transformer,SNV + patches(16)
P,1000,1,1,721a77da054f515493a493a2c75ba0cb,129.36026,8.64517,4.881165,120.71508978820802,Patch transformer,SNV + patches(16)
P,1000,1,1,fb33801c30826b5425fa5982d4d61954,68.7,8.347459,4.881165,60.3525411605835,Patch transformer,SNV + patches(16)
P,1000,1,1,4f7cdfceb223ff1f958c8c4bf6c452f1,0.25257,2.0653121,4.881165,-1.812742147140503,Patch transformer,SNV + patches(16)
P,1000,1,1,accb3de3d04e8d56a10b55eacfa3d99e,1.17136,1.8805999,4.881165,-0.709239856376648,Patch transformer,SNV + patches(16)
P,1000,1,1,7f052c2ecda64235a27751c35dead312,1.24162,4.159963,4.881165,-2.9183431309509276,Patch transformer,SNV + patches(16)
P,1000,1,1,3916618534449b5691650a3c6cc3164a,3.32199,2.0112126,4.881165,1.3107774126434326,Patch transformer,SNV + patches(16)
P,1000,1,1,6161145fee34bf461d0b081a091bb28a,286.27703,12.430859,4.881165,273.8461713879395,Patch transformer,SNV + patches(16)
P,1000,1,1,da5299ca72c11cc26d5a3e7232b2eb4f,21.68383,30.536997,4.881165,-8.853166841430664,Patch transformer,SNV + patches(16)
P,1000,1,1,aac07b50590909777f9715f36a247753,4.64441,32.921234,4.881165,-28.276824130859374,Patch transformer,SNV + patches(16)
P,1000,1,1,ac06ea596ccfe41d4a0481fc96572cd5,3.50185,12.023625,4.881165,-8.521775373840331,Patch transformer,SNV + patches(16)
P,1000,1,1,e7e4527bb67f35ab464185fbdd0cab7a,16.32119,8.083263,4.881165,8.237926602783205,Patch transformer,SNV + patches(16)
P,1000,1,1,bec5f8391be1e41c0ad1aa171ac4647e,0.95932,3.5163705,4.881165,-2.5570505348968506,Patch transformer,SNV + patches(16)
P,1000,1,1,ba175cb615ffc86bd9229960223793e9,1.95372,2.8467634,4.881165,-0.8930433724212647,Patch transformer,SNV + patches(16)
P,1000,1,1,c4ff6b05f922aabed7c78f9ebefeef81,8.88769,9.885479,4.881165,-0.9977889733886727,Patch transformer,SNV + patches(16)
P,1000,1,1,602825da4dc9ec9287192ded60f8b416,23.65227,7.106689,4.881165,16.54558102371216,Patch transformer,SNV + patches(16)
P,1000,1,1,f11fab7c10b478b6c334f0cbff36d95e,19.03862,2.9753864,4.881165,16.06323361885071,Patch transformer,SNV + patches(16)
P,1000,1,1,ba0f8f76f37aade282b17f5db380dfad,75.1,10.720614,4.881165,64.37938556671142,Patch transformer,SNV + patches(16)
P,1000,1,1,f3c8f6acae530278cabbc465684cc8d7,3.33998,7.4786706,4.881165,-4.138690597076415,Patch transformer,SNV + patches(16)
P,1000,1,1,98e5d99f5a2fba554f2fbb35ea3659eb,0.79726,3.2906299,4.881165,-2.4933698637390136,Patch transformer,SNV + patches(16)
P,1000,1,1,877314426879cb890b4ad4ab1128d9a2,9.59943,17.159979,4.881165,-7.5605488665771485,Patch transformer,SNV + patches(16)
P,1000,1,1,f4468a0d26d762900caa5527662e627b,1.74026,8.029697,4.881165,-6.2894374182128905,Patch transformer,SNV + patches(16)
P,1000,1,1,7c71e746446ba35cdf6ab3b1f869e27d,17.54811,11.097425,4.881165,6.4506845391845715,Patch transformer,SNV + patches(16)
P,1000,1,1,f854b045673c8575dbf7fac64a58e91d,5.20066,4.3985457,4.881165,0.802114257965088,Patch transformer,SNV + patches(16)
P,1000,1,1,593e066e1d75e8691eaf231bd63668bf,3.91969,4.1551743,4.881165,-0.23548425537109363,Patch transformer,SNV + patches(16)
P,1000,1,1,18d858b7e5d5fbf5c56e7593c0d56f2d,33.3,4.4257364,4.881165,28.87426357269287,Patch transformer,SNV + patches(16)
P,1000,1,1,2cb5d07bb04534fc05904da18b499bf7,2.30418,24.688457,4.881165,-22.384277489013673,Patch transformer,SNV + patches(16)
P,1000,1,1,41b960a82e6ba390acc958352c271736,3.42666,18.08457,4.881165,-14.657909931030273,Patch transformer,SNV + patches(16)
P,1000,1,1,81732ab241b9a870e0544fd1725a4571,0.0,5.3759537,4.881165,-5.375953674316406,Patch transformer,SNV + patches(16)
P,1000,1,1,89e3f4e7a250bc7466e231ce688e1e3f,14.56145,12.579412,4.881165,1.9820375396728522,Patch transformer,SNV + patches(16)
P,1000,1,1,cf432b528eddcbcf41c5fb68a2023d7c,5.81604,2.9475167,4.881165,2.868523320236206,Patch transformer,SNV + patches(16)
P,1000,1,1,b5d8c012617cefb7c0fec1d9bc2f8332,8.58188,3.7927082,4.881165,4.789171841506958,Patch transformer,SNV + patches(16)
P,1000,1,1,a0c23bed3af3073d76d157d1573c5d50,4.72228,5.8941894,4.881165,-1.1719093577575688,Patch transformer,SNV + patches(16)
P,1000,1,1,5bc9c9c2c31c40d61e12f8981c2ebbc0,10.60518,3.8882492,4.881165,6.716930841140748,Patch transformer,SNV + patches(16)
P,1000,1,1,a352a91c2b0bb470c707ea2bd7d71c7f,27.2,1.6310816,4.881165,25.568918418884277,Patch transformer,SNV + patches(16)
P,1000,1,1,14193eb8284bd6a9cb3e9931661b5179,8.3509,6.1984115,4.881165,2.152488535308837,Patch transformer,SNV + patches(16)
P,1000,1,1,8005088e4964b542e1e6b1a4f176493b,18.506638919039,7.342659,4.881165,11.163979922456967,Patch transformer,SNV + patches(16)
P,1000,1,1,5fa37544268aed71d3bd32bbe3d859a7,11.89728,5.71741,4.881165,6.179869912414551,Patch transformer,SNV + patches(16)
P,1000,1,1,f4452a5a40bf395ccee54f07f58bd1d9,3.59576,4.2362967,4.881165,-0.6405366537475587,Patch transformer,SNV + patches(16)
P,1000,1,1,ae6685902f7faa18133a2427db7ab8a4,2.08052,6.8369546,4.881165,-4.756434593658447,Patch transformer,SNV + patches(16)
P,1000,1,1,cb19ea109319b77cd2f8ecc408c75d87,0.75939,4.1551647,4.881165,-3.39577471862793,Patch transformer,SNV + patches(16)
P,1000,1,1,fc026030051cd0b02fd3ec3378cbcbf3,7.45808,16.967876,4.881165,-9.509796434326173,Patch transformer,SNV + patches(16)
P,1000,1,1,4fdad525850bcbb71c8ae737b6cf342a,3.88587,7.7555766,4.881165,-3.8697066105651854,Patch transformer,SNV + patches(16)
P,1000,1,1,5703a7be34cb9f63151f71a6fbab05e8,0.69169,1.9004747,4.881165,-1.2087846675491334,Patch transformer,SNV + patches(16)
P,1000,1,1,1e867cca7e7dddfe8f7e93788d70dcf9,0.87816,14.723768,4.881165,-13.84560823425293,Patch transformer,SNV + patches(16)
P,1000,1,1,640b7c3b43dbd1d5b6956202029e6c74,11.3899129157135,9.081601,4.881165,2.3083117728301996,Patch transformer,SNV + patches(16)
P,1000,1,1,6fa54f2e8eb032a794bff596700e8cf1,60.12227,5.465022,4.881165,54.65724791290283,Patch transformer,SNV + patches(16)
P,1000,1,1,b75913f294c052112f55fae3bca92e3d,27.63481,11.348929,4.881165,16.2858805947876,Patch transformer,SNV + patches(16)
P,1000,1,1,00fa88c87cc4b73b9b67615ff9a42247,13.39003,2.4607983,4.881165,10.929231736450195,Patch transformer,SNV + patches(16)
P,1000,1,1,56acbb6aa46763ffa29cb27014758fa9,13.98835,15.344679,4.881165,-1.3563288787841792,Patch transformer,SNV + patches(16)
P,1000,1,1,578f3f1dce4b5359f71da50dc93f7b37,0.27685,2.0452366,4.881165,-1.768386587524414,Patch transformer,SNV + patches(16)
P,1000,1,1,228513bbb071724449b6cd1767980784,23.90157,7.184271,4.881165,16.71729914123535,Patch transformer,SNV + patches(16)
P,1000,1,1,47411976edbbc681149b69fc3f736e42,49.01367,7.5618086,4.881165,41.45186141387939,Patch transformer,SNV + patches(16)
P,1000,1,1,3330fa09961b14f42645af3147df30cf,1.42398,3.6297927,4.881165,-2.2058126902770994,Patch transformer,SNV + patches(16)
P,1000,1,1,4ccc230ef4f95b0fe8a320ff62eb8241,20.1448541313933,13.864858,4.881165,6.279996457748279,Patch transformer,SNV + patches(16)
P,1000,1,1,4b1f66e0a1dd117d24bd9896c29b1bb8,14.5598,3.6780438,4.881165,10.881756157684325,Patch transformer,SNV + patches(16)
P,1000,1,1,edcb7f9760a63d0f8c7269910ba83a30,11.30263,7.4815316,4.881165,3.821098379974366,Patch transformer,SNV + patches(16)
P,1000,1,1,f0c3abce4704325c1bbe66fd1e2babf8,11.32517,6.070163,4.881165,5.255007226867676,Patch transformer,SNV + patches(16)
P,1000,1,1,523bfb3edd9fd94511d037e4d6f5f7cc,45.92939,7.621316,4.881165,38.308074043884275,Patch transformer,SNV + patches(16)
P,1000,1,1,be8c9294b5c8c4d734e71dbce4283978,1.78453,7.351103,4.881165,-5.566572828979492,Patch transformer,SNV + patches(16)
P,1000,1,1,7b883efeb455b28ae64898ccab41934d,73.90384,15.57015,4.881165,58.33368962463379,Patch transformer,SNV + patches(16)
P,1000,1,1,fe34c9b464dc4f885a26e950897b22ae,9.76622,6.306234,4.881165,3.459986117095948,Patch transformer,SNV + patches(16)
P,1000,1,1,77402b83a26cf32c4b1b4fffb3591c6b,20.90968,11.737336,4.881165,9.17234384124756,Patch transformer,SNV + patches(16)
P,1000,1,1,afc2b7e398fe7f4bab5adcff11fbb227,20.40391,8.439415,4.881165,11.964495021972656,Patch transformer,SNV + patches(16)
P,1000,1,1,0c7e0110da09deb0bfd2c7393f77b848,6.65654,12.713664,4.881165,-6.057124054870606,Patch transformer,SNV + patches(16)
P,1000,1,1,e942975bc24705cf8739b6e4f8de360c,3.53977,5.765132,4.881165,-2.225361950378418,Patch transformer,SNV + patches(16)
P,1000,1,1,bf0cafc75c6000bfc1dc5acfc6bd0994,17.29668,14.3859825,4.881165,2.910697486572264,Patch transformer,SNV + patches(16)
P,1000,1,1,e424eeaeda4b24bf5080f93787793955,14.9891,10.614774,4.881165,4.374326249694825,Patch transformer,SNV + patches(16)
P,1000,1,1,9e77551688638663048ca769bbe9d5f0,0.96744,2.0382462,4.881165,-1.0708061547851564,Patch transformer,SNV + patches(16)
P,1000,1,1,a296e27eb61a534368a70da111a54679,0.13429,3.091551,4.881165,-2.9572610654449463,Patch transformer,SNV + patches(16)
P,1000,1,1,296e124c653f79976d7120c8e631312d,35.49046,12.385311,4.881165,23.105148873291014,Patch transformer,SNV + patches(16)
P,1000,1,1,1165e6b8c1efc886a3d5b9a6a1a85a9f,1.60046,4.0451427,4.881165,-2.444682650604248,Patch transformer,SNV + patches(16)
P,1000,1,1,4bafe19988c11ac89d124773130af4fa,0.0,1.9228115,4.881165,-1.922811508178711,Patch transformer,SNV + patches(16)
P,1000,1,1,572ec823ee14c7e87887ac89e4f50d81,25.75924,14.268388,4.881165,11.49085220550537,Patch transformer,SNV + patches(16)
P,1000,1,1,ad44157b9dde5a21e2837af11b9d27bc,6.30802,5.2642717,4.881165,1.0437482638549804,Patch transformer,SNV + patches(16)
P,1000,1,1,4e25010d2272e98c2921130a9a9bd1ce,6.68614,5.479384,4.881165,1.206756054534912,Patch transformer,SNV + patches(16)
P,1000,1,1,f8b9c78faecc5baa0f2b6996f865f1b1,30.59311,13.323,4.881165,17.270110045776367,Patch transformer,SNV + patches(16)
P,1000,1,1,48233ed9dfdeae60fa27c16a55a51bb9,2.34547,1.1630746,4.881165,1.1823953873825075,Patch transformer,SNV + patches(16)
P,1000,1,1,ceb575432e0575ae22935c776fbf5a28,3.11763,8.418722,4.881165,-5.301092152709961,Patch transformer,SNV + patches(16)
P,1000,1,1,a3a18e80e22fcf5d97ba11e27be1b4ed,9.62387,7.282004,4.881165,2.341866120452881,Patch transformer,SNV + patches(16)
P,1000,1,1,cd7db3131e3ff327cf2fac23f4d20fb7,11.9963,9.603391,4.881165,2.392909306335449,Patch transformer,SNV + patches(16)
P,1000,1,1,b50934c28a788550ceeb86faf87dfd6d,2.50454,2.4231238,4.881165,0.081416163482666,Patch transformer,SNV + patches(16)
P,1000,1,1,65521edb8521fde0c391f0299c9a3dfd,17.1447,31.473284,4.881165,-14.328583767700195,Patch transformer,SNV + patches(16)
P,1000,1,1,06ea724e0ec513750cec36662fb3296a,5.20416,5.00991,4.881165,0.19424989334106435,Patch transformer,SNV + patches(16)
P,1000,1,1,f484674f48913e5079150d0b44a0abef,0.0,4.259303,4.881165,-4.259303092956543,Patch transformer,SNV + patches(16)
P,1000,1,1,932a69fee8656a6fb77bdfa091d4cf85,3.22509,6.583214,4.881165,-3.358123806152344,Patch transformer,SNV + patches(16)
P,1000,1,1,1a24e88ead0079697d5f05e0c8eb04fa,43.93401,12.065752,4.881165,31.868257970581055,Patch transformer,SNV + patches(16)
P,1000,1,1,9c81ebdf51bdc265fe3b28445d9abf6c,1.47694,6.8087034,4.881165,-5.331763422546387,Patch transformer,SNV + patches(16)
P,1000,1,1,ee2f82a94390acd78a61f91772235f66,1.46447,6.428719,4.881165,-4.964249043731689,Patch transformer,SNV + patches(16)
P,1000,1,1,0e6f8ad910e279ae840aa0f2962ddbb7,1.79234,9.660021,4.881165,-7.86768082824707,Patch transformer,SNV + patches(16)
P,1000,1,1,25a43deca689d04432f8ee785774368d,4.88691,3.0152917,4.881165,1.8716183091735843,Patch transformer,SNV + patches(16)
P,1000,1,1,e3587728fb527045feb8b2f818b254c0,71.5755,7.7759557,4.881165,63.799544322967535,Patch transformer,SNV + patches(16)
P,1000,1,1,a93d19a6d009df5b3cc8c7636599e934,7.16623,9.756698,4.881165,-2.5904676547241214,Patch transformer,SNV + patches(16)
P,1000,1,1,373063c7a6ef3b36f4839b4d43d2a7c2,52.69248,13.200879,4.881165,39.49160090301514,Patch transformer,SNV + patches(16)
P,1000,1,1,51f41084ef32c9452e39e7523c2bbc61,2.6601,5.055181,4.881165,-2.3950810264587403,Patch transformer,SNV + patches(16)
P,1000,1,1,9dc33ff4c6af6332fabb534aa35c3e51,2.03602,15.944199,4.881165,-13.908178608398437,Patch transformer,SNV + patches(16)
P,1000,1,1,1a2cb4885d6cdcab86dc57250c6bae8b,13.43661,5.9038935,4.881165,7.53271652923584,Patch transformer,SNV + patches(16)
P,1000,1,1,6e34250276675d830e2f48691ac9ca7a,5.12655,4.421468,4.881165,0.7050822189331054,Patch transformer,SNV + patches(16)
P,1000,1,1,d04947e84b39302a5abe9c8461deb011,0.41079,1.9738469,4.881165,-1.5630569123840332,Patch transformer,SNV + patches(16)
P,1000,1,1,c0b80e3ea1abaf21246cc4955af7c311,8.17425,7.536831,4.881165,0.6374190979003913,Patch transformer,SNV + patches(16)
P,1000,1,1,6c8c27352420799521fb2d54c0b767c3,20.63225,19.694187,4.881165,0.9380628356933585,Patch transformer,SNV + patches(16)
P,1000,1,1,30fd52ff2b4309d4f396e18c21f9f3bd,1.74363,6.833172,4.881165,-5.089541844482422,Patch transformer,SNV + patches(16)
P,1000,1,1,5f8b553f2e3f5ae26faab8401328c55e,9.32336,5.0567975,4.881165,4.26656249557495,Patch transformer,SNV + patches(16)
P,1000,1,1,21e41e48e93f3428e187916ff009ec97,0.0,5.603865,4.881165,-5.603865146636963,Patch transformer,SNV + patches(16)
P,1000,1,1,50031367d05747d09d7784bdd051e1d4,64.24578,8.767033,4.881165,55.47874737670898,Patch transformer,SNV + patches(16)
P,1000,1,1,efe2b461a85e396a8051656b2489e2b7,21.97408,15.383608,4.881165,6.590472135620118,Patch transformer,SNV + patches(16)
P,1000,1,1,c1182b79f7e5ef25f7477e5403b7c394,33.5,6.5006156,4.881165,26.99938440322876,Patch transformer,SNV + patches(16)
P,1000,1,1,a024e6b2e77817a47a8d00093b117997,7.497,14.360171,4.881165,-6.863171318054199,Patch transformer,SNV + patches(16)
P,1000,1,1,a14d80f08e57de74f37e51de0d08065a,5.52874,9.84988,4.881165,-4.321140218505859,Patch transformer,SNV + patches(16)
P,1000,1,1,e38bfaf13da892a6e524e2cf4902659c,7.59381,23.867222,4.881165,-16.27341183227539,Patch transformer,SNV + patches(16)
P,1000,1,1,44f14023a183e1f905562e22d1f12253,8.4343,4.5563927,4.881165,3.877907330322266,Patch transformer,SNV + patches(16)
P,1000,1,1,99032447c1a2cd484ebae5a8b80cb88d,7.88168,18.283072,4.881165,-10.401391517944337,Patch transformer,SNV + patches(16)
P,1000,1,1,185bba2be5f3e1d50c72a90c35285313,3.60194,4.2180037,4.881165,-0.6160637498474122,Patch transformer,SNV + patches(16)
P,1000,1,1,c6af4a0930de324705621c5d4707b434,0.3464,4.738539,4.881165,-4.392139218902588,Patch transformer,SNV + patches(16)
P,1000,1,1,33b922cd5f4e0af5568fae40922f860e,15.92855,6.6540318,4.881165,9.27451824645996,Patch transformer,SNV + patches(16)
P,1000,1,1,0ea562015d6c8237ab221e40efe7d8ec,4.28632,10.017778,4.881165,-5.731458396606445,Patch transformer,SNV + patches(16)
P,1000,1,1,bd4a1f858ba9de075afc93eef40ff572,7.5849,8.073469,4.881165,-0.4885691619873045,Patch transformer,SNV + patches(16)
P,1000,1,1,d2dbdfe726d9d7ec5f089a09ef8f0fe7,20.27765,11.900603,4.881165,8.377046705627443,Patch transformer,SNV + patches(16)
P,1000,1,1,38e93343acafa1acab21a0995ee9175b,3.50496,2.8495052,4.881165,0.6554548139190675,Patch transformer,SNV + patches(16)
P,1000,1,1,9f5b35b9a2c68b613e306b661681b6eb,20.50671,3.8353274,4.881165,16.671382613143923,Patch transformer,SNV + patches(16)
P,1000,1,1,740c88c6b73795d0e3d8502411547a2e,1.44257,2.261705,4.881165,-0.8191349217224122,Patch transformer,SNV + patches(16)
P,1000,1,1,0b6aa14a62b8bd4a5560e4b395c3ce55,1.9849,5.189655,4.881165,-3.20475482711792,Patch transformer,SNV + patches(16)
P,1000,1,1,1cddea9a183071c03de4d8576ad91194,7.41992,7.8101106,4.881165,-0.39019056900024385,Patch transformer,SNV + patches(16)
P,1000,1,1,1675b83eba296833225614039afe7bb4,1.78249,3.758349,4.881165,-1.9758589418029786,Patch transformer,SNV + patches(16)
P,1000,1,1,67ec1aea2c17004f2e53c3fd2d5e304c,20.49381,7.7773304,4.881165,12.71647960144043,Patch transformer,SNV + patches(16)
P,1000,1,1,aa31833d1feab4426eac2b9e1db32ae8,12.13217,2.2043264,4.881165,9.927843608779908,Patch transformer,SNV + patches(16)
P,1000,1,1,3234226f61d16dc36e14c05525ca0620,6.36588,6.74772,4.881165,-0.3818397647094729,Patch transformer,SNV + patches(16)
K,1000,1,1,fc17b30b86ceb1f8655c9db11d7ce821,15.13991,1.0583647,0.4600650350401555,14.081545251045227,Patch transformer,SNV + patches(16)
K,1000,1,1,9e4373497959b939f4f7b4124dec6a45,0.57669,1.8572943,0.4600650350401555,-1.2806043210601805,Patch transformer,SNV + patches(16)
K,1000,1,1,e12ed1de4ae395e58114affd9feb299d,0.337101642027725,0.22614415,0.4600650350401555,0.1109574921282423,Patch transformer,SNV + patches(16)
K,1000,1,1,f9891181b6ea77c29ec998e834de145b,4.28215,1.0997896,0.4600650350401555,3.182360380554199,Patch transformer,SNV + patches(16)
K,1000,1,1,8beacf87fc55813738d600c1ea2a9c7d,0.316128702235408,0.44848308,0.4600650350401555,-0.13235437743645173,Patch transformer,SNV + patches(16)
K,1000,1,1,523b42168d37da22d1ed0c7c944dd149,2.85259,1.0172344,0.4600650350401555,1.835355555381775,Patch transformer,SNV + patches(16)
K,1000,1,1,76f2ff22173a5bfeecb15c686f829c68,0.388255153716303,0.8042542,0.4600650350401555,-0.41599902051617993,Patch transformer,SNV + patches(16)
K,1000,1,1,b1b2c0a1acf771644dc87780ec149627,0.2594,0.65226746,0.4600650350401555,-0.3928674560546875,Patch transformer,SNV + patches(16)
K,1000,1,1,ffbc4e924a3077f384897fd6871fc289,2.10904,1.2413713,0.4600650350401555,0.867668726005554,Patch transformer,SNV + patches(16)
K,1000,1,1,f02d4e1a64456f33400e40f783eb26d5,0.26567,0.9691424,0.4600650350401555,-0.7034723773765563,Patch transformer,SNV + patches(16)
K,1000,1,1,079007847c148f48771780a23bd5ed7a,12.51361,1.3497851,0.4600650350401555,11.163824910507202,Patch transformer,SNV + patches(16)
K,1000,1,1,4289af3d036f7da61dcf2aceb651ad36,0.24695,0.2643462,0.4600650350401555,-0.01739621214866638,Patch transformer,SNV + patches(16)
K,1000,1,1,1565f3b97057f7672246e822e1bc19bf,0.17779,0.434756,0.4600650350401555,-0.2569660107707977,Patch transformer,SNV + patches(16)
K,1000,1,1,4b5527f2f6619045c4fcbd25d4e42ad4,1.65993145429434,0.9922973,0.4600650350401555,0.6676341625386637,Patch transformer,SNV + patches(16)
K,1000,1,1,de66f37dab67300a7f7ab742079357ec,0.42156,0.72114176,0.4600650350401555,-0.2995817555809021,Patch transformer,SNV + patches(16)
K,1000,1,1,00ad9f84382666ab26588a10f3c86dd3,1.22904,2.2080104,0.4600650350401555,-0.9789704351043702,Patch transformer,SNV + patches(16)
K,1000,1,1,ad19edaab55210bf64a259c2181e3ede,0.47347,0.39596465,0.4600650350401555,0.07750534770011902,Patch transformer,SNV + patches(16)
K,1000,1,1,2f4777b391f272e05496ed9099bcec35,0.316158946234623,0.49784043,0.4600650350401555,-0.18168148807819745,Patch transformer,SNV + patches(16)
K,1000,1,1,acb6294600446ab5967dc89680fa11b0,0.17906,0.42722368,0.4600650350401555,-0.24816368240356446,Patch transformer,SNV + patches(16)
K,1000,1,1,af2035e02288855f1c88caed05e971f3,0.1798,1.161665,0.4600650350401555,-0.9818649627685547,Patch transformer,SNV + patches(16)
K,1000,1,1,dea143ad50e70eee95b6c98591c145f7,0.64382,0.5346231,0.4600650350401555,0.10919691354751582,Patch transformer,SNV + patches(16)
K,1000,1,1,edfa59d93d208f307042a23d2cd9708a,4.7501150954013,1.512679,0.4600650350401555,3.2374361145739687,Patch transformer,SNV + patches(16)
K,1000,1,1,0a93017d626f4095956e86db556c0ced,0.19489487953348,0.1867477,0.4600650350401555,0.008147179557512596,Patch transformer,SNV + patches(16)
K,1000,1,1,932c33b500b4799942454d60604ed37f,0.12317,0.3548421,0.4600650350401555,-0.23167209656715393,Patch transformer,SNV + patches(16)
K,1000,1,1,3113166f7ea9a3a4a023a38385430e49,0.63403,0.96170056,0.4600650350401555,-0.32767055866241457,Patch transformer,SNV + patches(16)
K,1000,1,1,16086e9e9b15d8bc7c4389c147cca76a,0.30965,1.0290791,0.4600650350401555,-0.7194290796279907,Patch transformer,SNV + patches(16)
K,1000,1,1,8ebb24e5650137d830013e39431bb72f,0.461404675430968,0.97345704,0.4600650350401555,-0.5120523629715894,Patch transformer,SNV + patches(16)
K,1000,1,1,482f5898758113a5bcc30e6f3304d3a8,1.84126,2.1157646,0.4600650350401555,-0.274504617919922,Patch transformer,SNV + patches(16)
K,1000,1,1,4120f2755c44173c540a48976ff898a8,0.14679,0.15847823,0.4600650350401555,-0.011688230237960812,Patch transformer,SNV + patches(16)
K,1000,1,1,2ca9c91d1d6af1cd44c72858f83c01c0,0.80856,0.47126317,0.4600650350401555,0.3372968297576904,Patch transformer,SNV + patches(16)
K,1000,1,1,32f69b4168bbfd25cc69f8b75f425f0f,3.04005319965216,0.8610467,0.4600650350401555,2.1790065277847894,Patch transformer,SNV + patches(16)
K,1000,1,1,67196c55bbf3b9549498e1187ccf73f5,0.74173,0.66441226,0.4600650350401555,0.07731773994445801,Patch transformer,SNV + patches(16)
K,1000,1,1,7f58a753ed28597074848ce4f7858b3e,0.292086551741777,0.4843929,0.4600650350401555,-0.192306359453978,Patch transformer,SNV + patches(16)
K,1000,1,1,8002e7ca727acbcc3c403f2bbef73738,0.0952,0.26225185,0.4600650350401555,-0.1670518539428711,Patch transformer,SNV + patches(16)
K,1000,1,1,150125e53673d96a235ce58eb2271728,1.7087,1.1735353,0.4600650350401555,0.5351646530151368,Patch transformer,SNV + patches(16)
K,1000,1,1,7f8f66fda75a3083c8528c860ff5b181,0.56486,1.4708803,0.4600650350401555,-0.9060202700042724,Patch transformer,SNV + patches(16)
K,1000,1,1,d5951edf1450b1cf3ec2f257f14b7b83,0.75014,0.8824212,0.4600650350401555,-0.13228119550704953,Patch transformer,SNV + patches(16)
K,1000,1,1,d1c2c33c986d707d29872e658345459d,0.21132,0.47340244,0.4600650350401555,-0.2620824405479431,Patch transformer,SNV + patches(16)
K,1000,1,1,f373704bc5e76613392f1db6b4b47f44,0.04581,0.40535593,0.4600650350401555,-0.3595459303283691,Patch transformer,SNV + patches(16)
K,1000,1,1,c22a45caaeac88fe0f3fcd9f99191167,0.21037,0.7616676,0.4600650350401555,-0.5512976092147828,Patch transformer,SNV + patches(16)
K,1000,1,1,de649a2003ee2e5ade4cda71db53ee32,0.50098,0.6875735,0.4600650350401555,-0.18659349252700808,Patch transformer,SNV + patches(16)
K,1000,1,1,c2e4a148cd8a065512a4c9783b57788f,0.99313,0.8848913,0.4600650350401555,0.10823872840881343,Patch transformer,SNV + patches(16)
K,1000,1,1,89d869fa5950ac8d08824a2e2d254e02,0.06611,0.666246,0.4600650350401555,-0.6001359969520569,Patch transformer,SNV + patches(16)
K,1000,1,1,e4d80aeb919d4e867841e9c7eb8d7c2d,0.0,1.3263146,0.4600650350401555,-1.3263145685195923,Patch transformer,SNV + patches(16)
K,1000,1,1,e6a65d600d5a7a7267043aca3ed00f14,0.29283,0.97236615,0.4600650350401555,-0.6795361541938783,Patch transformer,SNV + patches(16)
K,1000,1,1,8d261f2366860390398a8b296dc70bc2,3.62015,1.1534458,0.4600650350401555,2.4667041601181032,Patch transformer,SNV + patches(16)
K,1000,1,1,7057566eb5370310b79ff15f3a652d34,1.30518,1.1871693,0.4600650350401555,0.11801068656921387,Patch transformer,SNV + patches(16)
K,1000,1,1,a15aa9c2a766f6dc67b355997d277a1a,0.63746,1.7359068,0.4600650350401555,-1.0984468393707276,Patch transformer,SNV + patches(16)
K,1000,1,1,defb6c0eb3c6e2193f618544f3b06a38,0.35353,1.026489,0.4600650350401555,-0.6729590193939209,Patch transformer,SNV + patches(16)
K,1000,1,1,152e0e3d76a2df9236b55bc35d890379,0.56937,0.5675451,0.4600650350401555,0.001824884052276654,Patch transformer,SNV + patches(16)
K,1000,1,1,3910964fff237758d4fd16af77ce64fe,0.40376,0.501425,0.4600650350401555,-0.09766502784729003,Patch transformer,SNV + patches(16)
K,1000,1,1,fba21a0b9a6c075fc0913e1beb5d6229,2.11868,1.4107572,0.4600650350401555,0.7079228159713744,Patch transformer,SNV + patches(16)
K,1000,1,1,b27eda04d320bc555570395b5087d784,1.22715,0.48146838,0.4600650350401555,0.7456816205024719,Patch transformer,SNV + patches(16)
K,1000,1,1,91ced3c7c03c6cbe8b6cab31c9ff10d5,1.54124,1.296967,0.4600650350401555,0.24427297042846674,Patch transformer,SNV + patches(16)
K,1000,1,1,c017dbcb7d506744045409a577d8be20,0.19085,0.97877264,0.4600650350401555,-0.7879226402282715,Patch transformer,SNV + patches(16)
K,1000,1,1,8e75b95f18c63777fa4651d60d1f8330,0.07006,0.45695463,0.4600650350401555,-0.3868946282291412,Patch transformer,SNV + patches(16)
K,1000,1,1,523342aa103321af85032763d2b94abb,1.47004,0.5693752,0.4600650350401555,0.900664783039093,Patch transformer,SNV + patches(16)
K,1000,1,1,29455cc8eae37cf1072b8b26636f85b0,1.49828635735843,1.0601114,0.4600650350401555,0.43817495389315897,Patch transformer,SNV + patches(16)
K,1000,1,1,8cfcebdbeb273ea9e5ad1befc26f6529,0.26327,0.07302131,0.4600650350401555,0.1902486924123764,Patch transformer,SNV + patches(16)
K,1000,1,1,2a99ffded85744370b107aecb555b71f,0.37041,0.67431396,0.4600650350401555,-0.3039039624595642,Patch transformer,SNV + patches(16)
K,1000,1,1,66973d35c14392d690cc93cf1b9e8306,1.64808,1.0355722,0.4600650350401555,0.6125078287887573,Patch transformer,SNV + patches(16)
K,1000,1,1,38546557f57c94cc89b5f9e6dd4cb3e8,0.58886,0.9532642,0.4600650350401555,-0.3644041768455505,Patch transformer,SNV + patches(16)
K,1000,1,1,16fcf08fcb514fa9a814ac51d3a701b9,1.96071410302317,1.3292879,0.4600650350401555,0.6314262164036022,Patch transformer,SNV + patches(16)
K,1000,1,1,6b02e05077591d9a45a3e8179f36018d,0.26822,0.51430255,0.4600650350401555,-0.2460825517463684,Patch transformer,SNV + patches(16)
K,1000,1,1,68a628f080e1d51b72d93462284ee096,0.06204,0.29243276,0.4600650350401555,-0.23039275523185732,Patch transformer,SNV + patches(16)
K,1000,1,1,f0a46a29f7a86081350c9851f4f6c660,1.76888843419101,0.96733326,0.4600650350401555,0.8015551769926763,Patch transformer,SNV + patches(16)
K,1000,1,1,12e34c12bdd8ba4185c6f502fbb21b59,0.0,0.5809587,0.4600650350401555,-0.5809587240219116,Patch transformer,SNV + patches(16)
K,1000,1,1,89166bac7f9dcd23e7a3aa511dfa4329,0.0,0.16956699,0.4600650350401555,-0.16956698894500732,Patch transformer,SNV + patches(16)
K,1000,1,1,651676511e0ef898ec1189b9bc2de762,0.13874,0.33075908,0.4600650350401555,-0.19201907826423645,Patch transformer,SNV + patches(16)
K,1000,1,1,6d2fbd0b38025ed68fde9bf5e7545676,0.0,0.47264403,0.4600650350401555,-0.47264403104782104,Patch transformer,SNV + patches(16)
K,1000,1,1,f3689a5ccd2d534f4bb08465968c5a3c,0.02584,0.93780243,0.4600650350401555,-0.9119624339675904,Patch transformer,SNV + patches(16)
K,1000,1,1,cdf31644d4f5840f70e9684be56b23e5,7.09238,0.6186729,0.4600650350401555,6.473707092647553,Patch transformer,SNV + patches(16)
K,1000,1,1,f1e4e04b35f2b0f9a957852df94c8232,11.88083,3.279597,0.4600650350401555,8.60123295600891,Patch transformer,SNV + patches(16)
K,1000,1,1,27df2652620786fa544eeeb7287f69f1,0.38353,0.36657295,0.4600650350401555,0.016957053689956647,Patch transformer,SNV + patches(16)
K,1000,1,1,721a77da054f515493a493a2c75ba0cb,0.8983,0.917327,0.4600650350401555,-0.019026986789703382,Patch transformer,SNV + patches(16)
K,1000,1,1,fb33801c30826b5425fa5982d4d61954,3.394547035654,0.9590758,0.4600650350401555,2.4354712271289145,Patch transformer,SNV + patches(16)
K,1000,1,1,4f7cdfceb223ff1f958c8c4bf6c452f1,0.02305,0.18728977,0.4600650350401555,-0.16423977441787718,Patch transformer,SNV + patches(16)
K,1000,1,1,accb3de3d04e8d56a10b55eacfa3d99e,0.04411,0.09143085,0.4600650350401555,-0.04732085032701492,Patch transformer,SNV + patches(16)
K,1000,1,1,7f052c2ecda64235a27751c35dead312,0.13914,0.28220353,0.4600650350401555,-0.1430635253047943,Patch transformer,SNV + patches(16)
K,1000,1,1,3916618534449b5691650a3c6cc3164a,0.02497,0.29515982,0.4600650350401555,-0.27018981674194337,Patch transformer,SNV + patches(16)
K,1000,1,1,6161145fee34bf461d0b081a091bb28a,3.91767,1.1677682,0.4600650350401555,2.7499017600250246,Patch transformer,SNV + patches(16)
K,1000,1,1,da5299ca72c11cc26d5a3e7232b2eb4f,0.58195,2.965792,0.4600650350401555,-2.383841940689087,Patch transformer,SNV + patches(16)
K,1000,1,1,aac07b50590909777f9715f36a247753,1.6566,4.4830127,0.4600650350401555,-2.8264126762390136,Patch transformer,SNV + patches(16)
K,1000,1,1,ac06ea596ccfe41d4a0481fc96572cd5,0.93427,0.9054798,0.4600650350401555,0.028790211219787643,Patch transformer,SNV + patches(16)
K,1000,1,1,e7e4527bb67f35ab464185fbdd0cab7a,0.64938,0.98031354,0.4600650350401555,-0.3309335395050049,Patch transformer,SNV + patches(16)
K,1000,1,1,bec5f8391be1e41c0ad1aa171ac4647e,0.3168,0.20667574,0.4600650350401555,0.11012426190376284,Patch transformer,SNV + patches(16)
K,1000,1,1,ba175cb615ffc86bd9229960223793e9,0.16164,0.23420759,0.4600650350401555,-0.07256758545398712,Patch transformer,SNV + patches(16)
K,1000,1,1,c4ff6b05f922aabed7c78f9ebefeef81,7.11176,1.7462953,0.4600650350401555,5.36546466709137,Patch transformer,SNV + patches(16)
K,1000,1,1,602825da4dc9ec9287192ded60f8b416,3.91516,1.1027457,0.4600650350401555,2.8124143478012087,Patch transformer,SNV + patches(16)
K,1000,1,1,f11fab7c10b478b6c334f0cbff36d95e,0.3035,0.49015063,0.4600650350401555,-0.18665063047409058,Patch transformer,SNV + patches(16)
K,1000,1,1,ba0f8f76f37aade282b17f5db380dfad,1.23944958821423,0.9972452,0.4600650350401555,0.24220439568645902,Patch transformer,SNV + patches(16)
K,1000,1,1,f3c8f6acae530278cabbc465684cc8d7,1.34478,0.6197599,0.4600650350401555,0.7250200827407838,Patch transformer,SNV + patches(16)
K,1000,1,1,98e5d99f5a2fba554f2fbb35ea3659eb,0.08764,0.3363394,0.4600650350401555,-0.24869941411972046,Patch transformer,SNV + patches(16)
K,1000,1,1,877314426879cb890b4ad4ab1128d9a2,2.16921,1.354491,0.4600650350401555,0.8147190045928956,Patch transformer,SNV + patches(16)
K,1000,1,1,f4468a0d26d762900caa5527662e627b,0.06603,0.47791088,0.4600650350401555,-0.41188087627410885,Patch transformer,SNV + patches(16)
K,1000,1,1,7c71e746446ba35cdf6ab3b1f869e27d,0.09487,0.7476308,0.4600650350401555,-0.652760774974823,Patch transformer,SNV + patches(16)
K,1000,1,1,f854b045673c8575dbf7fac64a58e91d,16.70897,0.966182,0.4600650350401555,15.742788006515504,Patch transformer,SNV + patches(16)
K,1000,1,1,593e066e1d75e8691eaf231bd63668bf,0.80912,0.25651345,0.4600650350401555,0.5526065534305572,Patch transformer,SNV + patches(16)
K,1000,1,1,18d858b7e5d5fbf5c56e7593c0d56f2d,2.27684280525858,0.9116524,0.4600650350401555,1.365190419070073,Patch transformer,SNV + patches(16)
K,1000,1,1,2cb5d07bb04534fc05904da18b499bf7,4.27291,4.333299,0.4600650350401555,-0.06038916000366168,Patch transformer,SNV + patches(16)
K,1000,1,1,41b960a82e6ba390acc958352c271736,0.04625,0.82090306,0.4600650350401555,-0.7746530628204346,Patch transformer,SNV + patches(16)
K,1000,1,1,81732ab241b9a870e0544fd1725a4571,0.60366,0.6048843,0.4600650350401555,-0.0012243264579773205,Patch transformer,SNV + patches(16)
K,1000,1,1,89e3f4e7a250bc7466e231ce688e1e3f,1.67623,1.2818414,0.4600650350401555,0.3943886027145387,Patch transformer,SNV + patches(16)
K,1000,1,1,cf432b528eddcbcf41c5fb68a2023d7c,0.0,0.24623086,0.4600650350401555,-0.2462308555841446,Patch transformer,SNV + patches(16)
K,1000,1,1,b5d8c012617cefb7c0fec1d9bc2f8332,0.0,0.19349417,0.4600650350401555,-0.19349417090415955,Patch transformer,SNV + patches(16)
K,1000,1,1,a0c23bed3af3073d76d157d1573c5d50,1.05747,0.68101454,0.4600650350401555,0.3764554621887206,Patch transformer,SNV + patches(16)
K,1000,1,1,5bc9c9c2c31c40d61e12f8981c2ebbc0,0.32056,0.3469896,0.4600650350401555,-0.026429601850509632,Patch transformer,SNV + patches(16)
K,1000,1,1,a352a91c2b0bb470c707ea2bd7d71c7f,0.189779528364622,0.05310892,0.4600650350401555,0.13667060895272434,Patch transformer,SNV + patches(16)
K,1000,1,1,14193eb8284bd6a9cb3e9931661b5179,1.24557,1.210255,0.4600650350401555,0.03531497318267829,Patch transformer,SNV + patches(16)
K,1000,1,1,8005088e4964b542e1e6b1a4f176493b,0.0118868236290545,0.7158949,0.4600650350401555,-0.7040080542815595,Patch transformer,SNV + patches(16)
K,1000,1,1,5fa37544268aed71d3bd32bbe3d859a7,0.40083,0.3525586,0.4600650350401555,0.04827138717651369,Patch transformer,SNV + patches(16)
K,1000,1,1,f4452a5a40bf395ccee54f07f58bd1d9,0.36495,0.3506642,0.4600650350401555,0.014285801601409909,Patch transformer,SNV + patches(16)
K,1000,1,1,ae6685902f7faa18133a2427db7ab8a4,0.13901,0.50891685,0.4600650350401555,-0.36990685485839847,Patch transformer,SNV + patches(16)
K,1000,1,1,cb19ea109319b77cd2f8ecc408c75d87,0.09604,0.3876045,0.4600650350401555,-0.2915645048236847,Patch transformer,SNV + patches(16)
K,1000,1,1,fc026030051cd0b02fd3ec3378cbcbf3,0.43927,0.9765141,0.4600650350401555,-0.5372441010284423,Patch transformer,SNV + patches(16)
K,1000,1,1,4fdad525850bcbb71c8ae737b6cf342a,0.73515,1.8809773,0.4600650350401555,-1.1458272729873658,Patch transformer,SNV + patches(16)
K,1000,1,1,5703a7be34cb9f63151f71a6fbab05e8,0.0,0.1382273,0.4600650350401555,-0.13822729885578156,Patch transformer,SNV + patches(16)
K,1000,1,1,1e867cca7e7dddfe8f7e93788d70dcf9,0.18745,1.3036218,0.4600650350401555,-1.116171768951416,Patch transformer,SNV + patches(16)
K,1000,1,1,640b7c3b43dbd1d5b6956202029e6c74,0.285505530279431,0.8902892,0.4600650350401555,-0.6047836571519045,Patch transformer,SNV + patches(16)
K,1000,1,1,6fa54f2e8eb032a794bff596700e8cf1,6.73385,1.1575836,0.4600650350401555,5.576266405677796,Patch transformer,SNV + patches(16)
K,1000,1,1,b75913f294c052112f55fae3bca92e3d,9.26196,2.3277373,0.4600650350401555,6.934222668609619,Patch transformer,SNV + patches(16)
K,1000,1,1,00fa88c87cc4b73b9b67615ff9a42247,0.22736,0.16669503,0.4600650350401555,0.060664971456527716,Patch transformer,SNV + patches(16)
K,1000,1,1,56acbb6aa46763ffa29cb27014758fa9,0.38503,1.1777138,0.4600650350401555,-0.7926837517929077,Patch transformer,SNV + patches(16)
K,1000,1,1,578f3f1dce4b5359f71da50dc93f7b37,0.02261,0.06709945,0.4600650350401555,-0.04448945201873779,Patch transformer,SNV + patches(16)
K,1000,1,1,228513bbb071724449b6cd1767980784,0.85519,0.60092944,0.4600650350401555,0.25426056093215943,Patch transformer,SNV + patches(16)
K,1000,1,1,47411976edbbc681149b69fc3f736e42,1.15563,0.7478182,0.4600650350401555,0.4078118280220031,Patch transformer,SNV + patches(16)
K,1000,1,1,3330fa09961b14f42645af3147df30cf,0.064,0.31530774,0.4600650350401555,-0.25130773639678955,Patch transformer,SNV + patches(16)
K,1000,1,1,4ccc230ef4f95b0fe8a320ff62eb8241,0.348202727127904,0.7058679,0.4600650350401555,-0.3576651594153699,Patch transformer,SNV + patches(16)
K,1000,1,1,4b1f66e0a1dd117d24bd9896c29b1bb8,2.35,0.45031056,0.4600650350401555,1.8996894419193269,Patch transformer,SNV + patches(16)
K,1000,1,1,edcb7f9760a63d0f8c7269910ba83a30,5.82531,1.0460918,0.4600650350401555,4.779218205032349,Patch transformer,SNV + patches(16)
K,1000,1,1,f0c3abce4704325c1bbe66fd1e2babf8,0.86181,0.7240119,0.4600650350401555,0.13779810195922848,Patch transformer,SNV + patches(16)
K,1000,1,1,523bfb3edd9fd94511d037e4d6f5f7cc,0.19902,0.64812183,0.4600650350401555,-0.44910183380126956,Patch transformer,SNV + patches(16)
K,1000,1,1,be8c9294b5c8c4d734e71dbce4283978,3.28868,1.2468244,0.4600650350401555,2.041855616264343,Patch transformer,SNV + patches(16)
K,1000,1,1,7b883efeb455b28ae64898ccab41934d,2.82733,1.0118657,0.4600650350401555,1.8154642649459838,Patch transformer,SNV + patches(16)
K,1000,1,1,fe34c9b464dc4f885a26e950897b22ae,1.89472,0.930881,0.4600650350401555,0.9638389765930175,Patch transformer,SNV + patches(16)
K,1000,1,1,77402b83a26cf32c4b1b4fffb3591c6b,1.02287,1.0179613,0.4600650350401555,0.004908736343383735,Patch transformer,SNV + patches(16)
K,1000,1,1,afc2b7e398fe7f4bab5adcff11fbb227,1.27176,0.845685,0.4600650350401555,0.4260749948120117,Patch transformer,SNV + patches(16)
K,1000,1,1,0c7e0110da09deb0bfd2c7393f77b848,1.30411,1.0469235,0.4600650350401555,0.25718648181915293,Patch transformer,SNV + patches(16)
K,1000,1,1,e942975bc24705cf8739b6e4f8de360c,1.15021,0.96551174,0.4600650350401555,0.18469826074600215,Patch transformer,SNV + patches(16)
K,1000,1,1,bf0cafc75c6000bfc1dc5acfc6bd0994,0.12141,0.9322855,0.4600650350401555,-0.8108754876518249,Patch transformer,SNV + patches(16)
K,1000,1,1,e424eeaeda4b24bf5080f93787793955,0.30013,0.7859643,0.4600650350401555,-0.48583431016921996,Patch transformer,SNV + patches(16)
K,1000,1,1,9e77551688638663048ca769bbe9d5f0,0.21565,0.15397952,0.4600650350401555,0.06167047502994538,Patch transformer,SNV + patches(16)
K,1000,1,1,a296e27eb61a534368a70da111a54679,0.82412,0.2703208,0.4600650350401555,0.5537991970729828,Patch transformer,SNV + patches(16)
K,1000,1,1,296e124c653f79976d7120c8e631312d,0.74406,0.8301052,0.4600650350401555,-0.08604518550872797,Patch transformer,SNV + patches(16)
K,1000,1,1,1165e6b8c1efc886a3d5b9a6a1a85a9f,0.24787,0.2865388,0.4600650350401555,-0.038668809537887566,Patch transformer,SNV + patches(16)
K,1000,1,1,4bafe19988c11ac89d124773130af4fa,0.06557,0.06332707,0.4600650350401555,0.00224293339967728,Patch transformer,SNV + patches(16)
K,1000,1,1,572ec823ee14c7e87887ac89e4f50d81,0.698,1.425591,0.4600650350401555,-0.727590991973877,Patch transformer,SNV + patches(16)
K,1000,1,1,ad44157b9dde5a21e2837af11b9d27bc,0.25952,0.6522217,0.4600650350401555,-0.3927016796875,Patch transformer,SNV + patches(16)
K,1000,1,1,4e25010d2272e98c2921130a9a9bd1ce,0.97578,0.7842372,0.4600650350401555,0.19154279401779173,Patch transformer,SNV + patches(16)
K,1000,1,1,f8b9c78faecc5baa0f2b6996f865f1b1,0.91838,1.7227103,0.4600650350401555,-0.8043302518081665,Patch transformer,SNV + patches(16)
K,1000,1,1,48233ed9dfdeae60fa27c16a55a51bb9,0.23037,0.22334188,0.4600650350401555,0.007028117771148673,Patch transformer,SNV + patches(16)
K,1000,1,1,ceb575432e0575ae22935c776fbf5a28,0.97875,1.0252157,0.4600650350401555,-0.046465744972228995,Patch transformer,SNV + patches(16)
K,1000,1,1,a3a18e80e22fcf5d97ba11e27be1b4ed,0.34607,0.6213564,0.4600650350401555,-0.27528642766952516,Patch transformer,SNV + patches(16)
K,1000,1,1,cd7db3131e3ff327cf2fac23f4d20fb7,1.10005,0.5148975,0.4600650350401555,0.5851524746894836,Patch transformer,SNV + patches(16)
K,1000,1,1,b50934c28a788550ceeb86faf87dfd6d,0.67322,0.120109364,0.4600650350401555,0.5531106356096268,Patch transformer,SNV + patches(16)
K,1000,1,1,65521edb8521fde0c391f0299c9a3dfd,2.45092,2.1176078,0.4600650350401555,0.33331216804504393,Patch transformer,SNV + patches(16)
K,1000,1,1,06ea724e0ec513750cec36662fb3296a,2.00479,0.99823695,0.4600650350401555,1.0065530457878111,Patch transformer,SNV + patches(16)
K,1000,1,1,f484674f48913e5079150d0b44a0abef,0.793902501406721,0.71219623,0.4600650350401555,0.08170627051835433,Patch transformer,SNV + patches(16)
K,1000,1,1,932a69fee8656a6fb77bdfa091d4cf85,0.61945,1.7464554,0.4600650350401555,-1.127005430984497,Patch transformer,SNV + patches(16)
K,1000,1,1,1a24e88ead0079697d5f05e0c8eb04fa,0.72614,0.9047542,0.4600650350401555,-0.17861422143936156,Patch transformer,SNV + patches(16)
K,1000,1,1,9c81ebdf51bdc265fe3b28445d9abf6c,0.30242,1.0086224,0.4600650350401555,-0.706202407913208,Patch transformer,SNV + patches(16)
K,1000,1,1,ee2f82a94390acd78a61f91772235f66,1.04739,0.86455524,0.4600650350401555,0.18283476032257084,Patch transformer,SNV + patches(16)
K,1000,1,1,0e6f8ad910e279ae840aa0f2962ddbb7,0.35029,1.2656708,0.4600650350401555,-0.9153807763671875,Patch transformer,SNV + patches(16)
K,1000,1,1,25a43deca689d04432f8ee785774368d,0.15353,0.46250144,0.4600650350401555,-0.3089714364719391,Patch transformer,SNV + patches(16)
K,1000,1,1,e3587728fb527045feb8b2f818b254c0,1.90506,1.0605026,0.4600650350401555,0.8445573516464233,Patch transformer,SNV + patches(16)
K,1000,1,1,a93d19a6d009df5b3cc8c7636599e934,0.12475,0.5680629,0.4600650350401555,-0.4433129014968872,Patch transformer,SNV + patches(16)
K,1000,1,1,373063c7a6ef3b36f4839b4d43d2a7c2,0.07114,0.8043618,0.4600650350401555,-0.7332218202209473,Patch transformer,SNV + patches(16)
K,1000,1,1,51f41084ef32c9452e39e7523c2bbc61,0.56762,1.054023,0.4600650350401555,-0.48640302742004393,Patch transformer,SNV + patches(16)
K,1000,1,1,9dc33ff4c6af6332fabb534aa35c3e51,0.0,1.3592893,0.4600650350401555,-1.359289288520813,Patch transformer,SNV + patches(16)
K,1000,1,1,1a2cb4885d6cdcab86dc57250c6bae8b,1.36982,0.7690325,0.4600650350401555,0.6007875216674805,Patch transformer,SNV + patches(16)
K,1000,1,1,6e34250276675d830e2f48691ac9ca7a,0.43636,0.39252156,0.4600650350401555,0.04383843980789187,Patch transformer,SNV + patches(16)
K,1000,1,1,d04947e84b39302a5abe9c8461deb011,0.02384,0.124145575,0.4600650350401555,-0.10030557486772537,Patch transformer,SNV + patches(16)
K,1000,1,1,c0b80e3ea1abaf21246cc4955af7c311,1.4081,1.114867,0.4600650350401555,0.2932330280303954,Patch transformer,SNV + patches(16)
K,1000,1,1,6c8c27352420799521fb2d54c0b767c3,3.69651,1.435136,0.4600650350401555,2.2613740394210815,Patch transformer,SNV + patches(16)
K,1000,1,1,30fd52ff2b4309d4f396e18c21f9f3bd,0.58815,0.4513226,0.4600650350401555,0.13682741465568538,Patch transformer,SNV + patches(16)
K,1000,1,1,5f8b553f2e3f5ae26faab8401328c55e,1.22646,0.48278636,0.4600650350401555,0.7436736425971986,Patch transformer,SNV + patches(16)
K,1000,1,1,21e41e48e93f3428e187916ff009ec97,1.5123,1.0110682,0.4600650350401555,0.5012317750930786,Patch transformer,SNV + patches(16)
K,1000,1,1,50031367d05747d09d7784bdd051e1d4,0.7838,0.8565851,0.4600650350401555,-0.07278508539199824,Patch transformer,SNV + patches(16)
K,1000,1,1,efe2b461a85e396a8051656b2489e2b7,1.97137,1.2664666,0.4600650350401555,0.7049033824157716,Patch transformer,SNV + patches(16)
K,1000,1,1,c1182b79f7e5ef25f7477e5403b7c394,0.831756100056269,0.86021876,0.4600650350401555,-0.028462663295171442,Patch transformer,SNV + patches(16)
K,1000,1,1,a024e6b2e77817a47a8d00093b117997,0.55478,0.77873385,0.4600650350401555,-0.2239538495254516,Patch transformer,SNV + patches(16)
K,1000,1,1,a14d80f08e57de74f37e51de0d08065a,0.13226,0.75986993,0.4600650350401555,-0.6276099331283569,Patch transformer,SNV + patches(16)
K,1000,1,1,e38bfaf13da892a6e524e2cf4902659c,3.98319,4.002248,0.4600650350401555,-0.019057810363769523,Patch transformer,SNV + patches(16)
K,1000,1,1,44f14023a183e1f905562e22d1f12253,0.33881,0.5347322,0.4600650350401555,-0.19592222255706787,Patch transformer,SNV + patches(16)
K,1000,1,1,99032447c1a2cd484ebae5a8b80cb88d,1.64076,2.0262332,0.4600650350401555,-0.3854731962585449,Patch transformer,SNV + patches(16)
K,1000,1,1,185bba2be5f3e1d50c72a90c35285313,0.35357,0.74317545,0.4600650350401555,-0.3896054469871521,Patch transformer,SNV + patches(16)
K,1000,1,1,c6af4a0930de324705621c5d4707b434,0.11098,0.53312266,0.4600650350401555,-0.42214265872955326,Patch transformer,SNV + patches(16)
K,1000,1,1,33b922cd5f4e0af5568fae40922f860e,0.2748,0.38015482,0.4600650350401555,-0.1053548182964325,Patch transformer,SNV + patches(16)
K,1000,1,1,0ea562015d6c8237ab221e40efe7d8ec,0.07008,1.1165371,0.4600650350401555,-1.046457094116211,Patch transformer,SNV + patches(16)
K,1000,1,1,bd4a1f858ba9de075afc93eef40ff572,1.6313,0.4676022,0.4600650350401555,1.1636978066444397,Patch transformer,SNV + patches(16)
K,1000,1,1,d2dbdfe726d9d7ec5f089a09ef8f0fe7,0.39117,0.9736334,0.4600650350401555,-0.5824634085464477,Patch transformer,SNV + patches(16)
K,1000,1,1,38e93343acafa1acab21a0995ee9175b,0.09346,0.21715245,0.4600650350401555,-0.12369244650840759,Patch transformer,SNV + patches(16)
K,1000,1,1,9f5b35b9a2c68b613e306b661681b6eb,1.73175,0.4435695,0.4600650350401555,1.2881804888248443,Patch transformer,SNV + patches(16)
K,1000,1,1,740c88c6b73795d0e3d8502411547a2e,0.0,0.11333313,0.4600650350401555,-0.11333312839269638,Patch transformer,SNV + patches(16)
K,1000,1,1,0b6aa14a62b8bd4a5560e4b395c3ce55,0.76718,0.43374586,0.4600650350401555,0.3334341389465332,Patch transformer,SNV + patches(16)
K,1000,1,1,1cddea9a183071c03de4d8576ad91194,1.30927,0.8774821,0.4600650350401555,0.43178788377761834,Patch transformer,SNV + patches(16)
K,1000,1,1,1675b83eba296833225614039afe7bb4,0.28075,0.38123712,0.4600650350401555,-0.10048711943626404,Patch transformer,SNV + patches(16)
K,1000,1,1,67ec1aea2c17004f2e53c3fd2d5e304c,0.96356,1.0292255,0.4600650350401555,-0.06566546863555911,Patch transformer,SNV + patches(16)
K,1000,1,1,aa31833d1feab4426eac2b9e1db32ae8,0.22713,0.17950861,0.4600650350401555,0.04762138844013214,Patch transformer,SNV + patches(16)
K,1000,1,1,3234226f61d16dc36e14c05525ca0620,0.60385,0.9250377,0.4600650350401555,-0.321187682056427,Patch transformer,SNV + patches(16)
N,1000,1,2,a9fef1c7afb7ecd702b97eea9877847f,0.12,0.14060125,0.16355999999999998,-0.02060124754905701,Patch transformer,SNV + patches(16)
N,1000,1,2,98f2650032d8e2784cfef807bd8eb1db,0.07,0.05144432,0.16355999999999998,0.018555681854486472,Patch transformer,SNV + patches(16)
N,1000,1,2,01fc386431af7ef46743dcb5fd1b13bd,1.05686,1.0992322,0.16355999999999998,-0.04237219680786142,Patch transformer,SNV + patches(16)
N,1000,1,2,b06ef2ff977073c8a423f935c3707702,0.06205,0.06356239,0.16355999999999998,-0.0015123931884765615,Patch transformer,SNV + patches(16)
N,1000,1,2,d88174e63b46494814d55c01e91daaa4,0.19,0.12509863,0.16355999999999998,0.06490136921405792,Patch transformer,SNV + patches(16)
N,1000,1,2,d2c3ecadc93aab25e7fa34de2435f03b,0.47639,0.29163137,0.16355999999999998,0.1847586292171478,Patch transformer,SNV + patches(16)
N,1000,1,2,5e679b2fd98577dbf032a322e04b7cc1,0.04545,0.06313481,0.16355999999999998,-0.017684811818599704,Patch transformer,SNV + patches(16)
N,1000,1,2,93d8af16cc306e2d3077e97a5d39e234,2.72532,2.1715736,0.16355999999999998,0.5537463610839843,Patch transformer,SNV + patches(16)
N,1000,1,2,a54c94d278344e81ad0267025f57fa43,0.001,0.075509064,0.16355999999999998,-0.07450906389951706,Patch transformer,SNV + patches(16)
N,1000,1,2,8faafffca19a188f3f01a1a80045ee3e,0.03417,0.08034643,0.16355999999999998,-0.046176427857875825,Patch transformer,SNV + patches(16)
N,1000,1,2,162b3559316de7b2dc7ac29c3e59a718,0.04864,0.09528675,0.16355999999999998,-0.04664674930334091,Patch transformer,SNV + patches(16)
N,1000,1,2,e9a496477ff32b111ac8ef1f6448dec9,0.05318,0.090656266,0.16355999999999998,-0.03747626561641693,Patch transformer,SNV + patches(16)
N,1000,1,2,4859dec60a5e518c6ae010e360aaa43f,0.03016,0.09802497,0.16355999999999998,-0.06786497178316117,Patch transformer,SNV + patches(16)
N,1000,1,2,04fcaa7329b712aecb2ac794c961ad79,0.0132,0.09355243,0.16355999999999998,-0.08035243295431137,Patch transformer,SNV + patches(16)
N,1000,1,2,186111e6da3c326211af261df886e7d0,1.26439,1.1650298,0.16355999999999998,0.09936023582458486,Patch transformer,SNV + patches(16)
N,1000,1,2,64099e20e95e43ef712465b5b12930f1,0.08699,0.096162304,0.16355999999999998,-0.009172304282188418,Patch transformer,SNV + patches(16)
N,1000,1,2,b126dd4e0d98b6b6fb3513d7fd0b0e54,0.05034,0.05676057,0.16355999999999998,-0.0064205681717395754,Patch transformer,SNV + patches(16)
N,1000,1,2,240c629cc1d23ba8c3f97fee48b615a2,0.23835,0.18919875,0.16355999999999998,0.04915125272274018,Patch transformer,SNV + patches(16)
N,1000,1,2,412f2f1d138f9c0f1ba8e2da980c5ea9,1.43221,1.181529,0.16355999999999998,0.2506809548950195,Patch transformer,SNV + patches(16)
N,1000,1,2,4ccdbf99991f857d8a412338b6fa9953,0.36991,0.32047895,0.16355999999999998,0.04943105402946474,Patch transformer,SNV + patches(16)
N,1000,1,2,2fc52618db0f54af64e6f7c3fcbd5f80,0.17051,0.19529566,0.16355999999999998,-0.024785661687850957,Patch transformer,SNV + patches(16)
N,1000,1,2,067033af0210e9360e25de3dc9de9ccd,0.06407,0.096771814,0.16355999999999998,-0.03270181392908096,Patch transformer,SNV + patches(16)
N,1000,1,2,8731720b1072c100b4ab9728cf84bfab,0.01911,0.05095065,0.16355999999999998,-0.03184065012574196,Patch transformer,SNV + patches(16)
N,1000,1,2,7feb20905e9f4efc12ce8a1557489993,1.24672,1.2791818,0.16355999999999998,-0.032461838035583446,Patch transformer,SNV + patches(16)
N,1000,1,2,8128d56631a7f6447e40e74dc11ff064,0.25415,0.18638779,0.16355999999999998,0.06776220777034758,Patch transformer,SNV + patches(16)
N,1000,1,2,db31232f97981b49ca2c8c2957caf340,0.31662,0.14876363,0.16355999999999998,0.16785637318611146,Patch transformer,SNV + patches(16)
N,1000,1,2,d09cee4a1c44977d7d98d49fa4624661,0.05139,0.13403735,0.16355999999999998,-0.0826473456478119,Patch transformer,SNV + patches(16)
N,1000,1,2,9453f1f17dd36bfa9c4e50dfcf35adcb,0.07234,0.047321685,0.16355999999999998,0.025018315341472627,Patch transformer,SNV + patches(16)
N,1000,1,2,b4caee112f48cd4910f34619452c46b2,0.18674,0.2173957,0.16355999999999998,-0.030655693063735973,Patch transformer,SNV + patches(16)
N,1000,1,2,fe9816b5ad430765c8bd5a6bda62a95e,0.54197,0.73764473,0.16355999999999998,-0.19567473199844365,Patch transformer,SNV + patches(16)
N,1000,1,2,35ec662104b460940a363f825351e109,0.19,0.14811677,0.16355999999999998,0.04188323259353638,Patch transformer,SNV + patches(16)
N,1000,1,2,22c715f706441403720a9cb73e8cfb59,0.16604,0.13789521,0.16355999999999998,0.028144788422584527,Patch transformer,SNV + patches(16)
N,1000,1,2,32bc667fb9bb120f30a1198007bbd575,0.06053,0.11558246,0.16355999999999998,-0.055052458674907684,Patch transformer,SNV + patches(16)
N,1000,1,2,4498b77faad0f41e4d301625f46bfd0e,0.18812,0.13736494,0.16355999999999998,0.050755061144828806,Patch transformer,SNV + patches(16)
N,1000,1,2,602ae701fbefa56dafe6dbdca1e75ccc,0.29515,0.41943634,0.16355999999999998,-0.12428633556365964,Patch transformer,SNV + patches(16)
N,1000,1,2,34009f6906da53820c2143e77ce35ab7,1.12076,1.1650351,0.16355999999999998,-0.044275128593444846,Patch transformer,SNV + patches(16)
N,1000,1,2,b40e079751b59225cd8a0fdcf646e5d5,0.63714,0.53005505,0.16355999999999998,0.10708495391845707,Patch transformer,SNV + patches(16)
N,1000,1,2,8d9599912269312b6363bb7be5efb7c5,0.03948,0.055976078,0.16355999999999998,-0.016496077914237975,Patch transformer,SNV + patches(16)
N,1000,1,2,fbcc4c6effaa7272a5f83fa6d42086aa,0.08878,0.17869262,0.16355999999999998,-0.08991262397289276,Patch transformer,SNV + patches(16)
N,1000,1,2,2a1c524fa24ba9868f76860af8003a22,0.47086,0.47321558,0.16355999999999998,-0.002355579986572265,Patch transformer,SNV + patches(16)
N,1000,1,2,6edb7c8088d386ffa53e9552bc6a71cd,0.06229,0.05329199,0.16355999999999998,0.008998008646965025,Patch transformer,SNV + patches(16)
N,1000,1,2,b9ef6f14e4b8bbeeb496c9c9263905ff,0.4061,0.33410972,0.16355999999999998,0.07199027643203737,Patch transformer,SNV + patches(16)
N,1000,1,2,34bd1e9a312d4bf84671a0da202772a0,1.94385,1.9528085,0.16355999999999998,-0.008958499336242598,Patch transformer,SNV + patches(16)
N,1000,1,2,ae8fcfada4845108055ebcfe0cdd02e4,0.39,0.6657767,0.16355999999999998,-0.2757767295837402,Patch transformer,SNV + patches(16)
N,1000,1,2,db007383b57de630a9a940fbba7d8295,0.41,0.27576643,0.16355999999999998,0.13423356771469114,Patch transformer,SNV + patches(16)
N,1000,1,2,613aec5e5aa0315c05dcbe1218854375,0.14277,0.18575294,0.16355999999999998,-0.04298294315814971,Patch transformer,SNV + patches(16)
N,1000,1,2,3d332786462a4019013e1d7404302fb4,0.30074,0.3816114,0.16355999999999998,-0.0808714068031311,Patch transformer,SNV + patches(16)
N,1000,1,2,8ed876de30785a39bb86749cbd780b79,0.01614,0.07214761,0.16355999999999998,-0.056007607803344725,Patch transformer,SNV + patches(16)
N,1000,1,2,455f401321ca53b008a3d0d829078c9a,0.09081,0.07184867,0.16355999999999998,0.01896133184194565,Patch transformer,SNV + patches(16)
N,1000,1,2,c834aaa9a67b0de316a58d4d572cdec1,0.77611,0.78673357,0.16355999999999998,-0.010623567714691196,Patch transformer,SNV + patches(16)
N,1000,1,2,15b43b4eb75ce849305904f83de2745b,0.49891,1.4262571,0.16355999999999998,-0.9273471334838868,Patch transformer,SNV + patches(16)
N,1000,1,2,6379d38f962866ec614aa892f965a2c5,0.25766,0.50626075,0.16355999999999998,-0.24860075267791748,Patch transformer,SNV + patches(16)
N,1000,1,2,29d23181ffc8d70f77cd6d0d9804c336,0.11377,0.112754196,0.16355999999999998,0.0010158040714263877,Patch transformer,SNV + patches(16)
N,1000,1,2,b09d3df6476c9a2bd1260ed99c316ec1,0.02945,0.060759183,0.16355999999999998,-0.03130918301939964,Patch transformer,SNV + patches(16)
N,1000,1,2,7fa6a7587f8e77afc3d006721ea76ade,0.1917,0.09693801,0.16355999999999998,0.09476199342012406,Patch transformer,SNV + patches(16)
N,1000,1,2,e3e665ce13a14a5da8c3572c2f43169b,0.08577,0.16677651,0.16355999999999998,-0.08100650809288025,Patch transformer,SNV + patches(16)
N,1000,1,2,0c18c20646f9c12e134b58694d80ac6f,0.11237,0.09912104,0.16355999999999998,0.013248958404064176,Patch transformer,SNV + patches(16)
N,1000,1,2,4fbe75a861568cd10e5c3909c3be6b6d,0.11,0.12266134,0.16355999999999998,-0.012661337256431579,Patch transformer,SNV + patches(16)
N,1000,1,2,9d3ea990c16c0dcea361b28113f5c9bd,0.01418,0.07844201,0.16355999999999998,-0.06426200730323792,Patch transformer,SNV + patches(16)
N,1000,1,2,2f5a749e92589fd18b41533e81008550,0.05005,0.10835029,0.16355999999999998,-0.05830029184818268,Patch transformer,SNV + patches(16)
N,1000,1,2,0316815cbc802093747eeee9c674fbc2,0.03499,0.1614587,0.16355999999999998,-0.12646870089530945,Patch transformer,SNV + patches(16)
N,1000,1,2,e8b4942f9fc771fc1bef4b80313ab90c,0.03038,0.09950808,0.16355999999999998,-0.06912807690620422,Patch transformer,SNV + patches(16)
N,1000,1,2,c15302e7f67c1d3279d9a244f5b672da,0.21,0.07552451,0.16355999999999998,0.1344754910469055,Patch transformer,SNV + patches(16)
N,1000,1,2,a397b492fc6cdab217e438468859d64c,0.14413,0.21348949,0.16355999999999998,-0.06935948776721954,Patch transformer,SNV + patches(16)
N,1000,1,2,f4d9df52b482396a97327fa0a88adfca,1.67898,0.10789645,0.16355999999999998,1.5710835528182983,Patch transformer,SNV + patches(16)
N,1000,1,2,02d757e2f902c3ac8117434b19dcf71f,0.09161,0.08035406,0.16355999999999998,0.011255942747592923,Patch transformer,SNV + patches(16)
N,1000,1,2,134267ce6d1628bf9a912936f17da81c,0.08137,0.14921352,0.16355999999999998,-0.0678435226726532,Patch transformer,SNV + patches(16)
N,1000,1,2,090ae092521d9e1c6500909f6739a050,0.30831,0.36668605,0.16355999999999998,-0.058376046123504666,Patch transformer,SNV + patches(16)
N,1000,1,2,cb642067cab47b51cf7b68061a95aaf4,0.49568,0.59765124,0.16355999999999998,-0.10197124320983886,Patch transformer,SNV + patches(16)
N,1000,1,2,2ab1b577303006be62bd47ec2acf7ee7,0.27405,0.14374824,0.16355999999999998,0.13030176131725313,Patch transformer,SNV + patches(16)
N,1000,1,2,daab472a9752137c6b6a63779153f156,0.21659,0.24935,0.16355999999999998,-0.03275999644756317,Patch transformer,SNV + patches(16)
N,1000,1,2,609be570da9e73d0a037ecc579091d84,0.27831,0.21862087,0.16355999999999998,0.059689133462905886,Patch transformer,SNV + patches(16)
N,1000,1,2,998dbc24f7ffbc16e4ab6154f68111a8,0.13413,0.066447966,0.16355999999999998,0.06768203419923782,Patch transformer,SNV + patches(16)
N,1000,1,2,ded35db63be8e697119fd9d4f2492569,0.4849,0.40332568,0.16355999999999998,0.08157432308197021,Patch transformer,SNV + patches(16)
N,1000,1,2,c792621fce64d34c15224e7fa5262a9e,0.02493,0.09393273,0.16355999999999998,-0.06900273293972015,Patch transformer,SNV + patches(16)
N,1000,1,2,ae0aa8379ea579d844caead6a4169c60,0.11,0.11733327,0.16355999999999998,-0.007333270609378814,Patch transformer,SNV + patches(16)
N,1000,1,2,7c2379344f309053a2b0d42be398e8ec,0.58378,0.46842042,0.16355999999999998,0.11535958388328549,Patch transformer,SNV + patches(16)
N,1000,1,2,98eee00d43ddd1c634e9be19751162c8,0.75731,0.3463338,0.16355999999999998,0.41097619825363163,Patch transformer,SNV + patches(16)
N,1000,1,2,34bf2cef6025ea82c3e6aa79622fe546,0.62138,1.2079917,0.16355999999999998,-0.5866117192459106,Patch transformer,SNV + patches(16)
N,1000,1,2,35b63077b23340b6dff05365c20a4e84,0.44606,0.1684653,0.16355999999999998,0.2775946986055374,Patch transformer,SNV + patches(16)
N,1000,1,2,a55387be0e406d75dd3bc0c4abefd4a6,0.652,0.6040256,0.16355999999999998,0.04797439765930178,Patch transformer,SNV + patches(16)
N,1000,1,2,f13486c1fb5def7715becfd4353ba53a,0.09149,0.07877246,0.16355999999999998,0.012717537095546724,Patch transformer,SNV + patches(16)
N,1000,1,2,05da40be75ccd7e3a3d23d49edeb4547,0.34502,0.21357524,0.16355999999999998,0.13144475605010986,Patch transformer,SNV + patches(16)
N,1000,1,2,9e4f62e613cd10b03934f40a71963094,0.09789,0.15371856,0.16355999999999998,-0.05582856093406677,Patch transformer,SNV + patches(16)
N,1000,1,2,a7f951d4a73c1d0a2b3439f054dc3aa9,0.13405,0.17593932,0.16355999999999998,-0.04188932151794433,Patch transformer,SNV + patches(16)
N,1000,1,2,04bda56132ad90c6c3b8a547301b9c6c,0.15,0.07290112,0.16355999999999998,0.07709887772798538,Patch transformer,SNV + patches(16)
N,1000,1,2,fded08c52ae1449d8dc0817f320416c1,0.13291,0.17001458,0.16355999999999998,-0.037104575123786926,Patch transformer,SNV + patches(16)
N,1000,1,2,c133a9ed2f32d2ff6be27e1af4172fee,0.05053,0.058954425,0.16355999999999998,-0.008424425156116487,Patch transformer,SNV + patches(16)
N,1000,1,2,7940e5091003b41403d935bdd026f9ff,0.31614,0.26826423,0.16355999999999998,0.047875765933990455,Patch transformer,SNV + patches(16)
N,1000,1,2,40dd734300324a9ed64f8ada018f7317,0.65456,1.062027,0.16355999999999998,-0.40746697753906247,Patch transformer,SNV + patches(16)
N,1000,1,2,611a631f494a5a6faa825381ab29d54c,2.31163,2.039216,0.16355999999999998,0.27241395843505867,Patch transformer,SNV + patches(16)
N,1000,1,2,f52127083de5255bdd07bfa5e2f0745b,0.04055,0.09125381,0.16355999999999998,-0.050703809630870816,Patch transformer,SNV + patches(16)
N,1000,1,2,5e7294f292f17d31556ae3afef8b2d03,0.0,0.11853086,0.16355999999999998,-0.11853086203336716,Patch transformer,SNV + patches(16)
N,1000,1,2,61e75ade159042254c326b3a6f1cbf9f,0.20973,0.14677061,0.16355999999999998,0.06295938859462738,Patch transformer,SNV + patches(16)
N,1000,1,2,030a8f0fb1d56991da69b7be99700fd0,1.19216,1.1908724,0.16355999999999998,0.001287569198608507,Patch transformer,SNV + patches(16)
N,1000,1,2,3d731752c3cf67ced9330891dbd87cfb,1.3728,1.3158281,0.16355999999999998,0.05697191505432131,Patch transformer,SNV + patches(16)
N,1000,1,2,3dfaa690d857dfa8eadf70886f8a4c5c,0.11787,0.18533379,0.16355999999999998,-0.06746378839492798,Patch transformer,SNV + patches(16)
N,1000,1,2,dd788fdd1afcfd0cbb840b1eef64e16a,1.28932,2.3563092,0.16355999999999998,-1.066989175491333,Patch transformer,SNV + patches(16)
N,1000,1,2,f8b4debeff4b80a0ebde6db843007af1,2.00241,1.8488375,0.16355999999999998,0.1535725051498411,Patch transformer,SNV + patches(16)
N,1000,1,2,095a2407796cbbca946c16e9d8ecd632,0.11,0.0664316,0.16355999999999998,0.043568403124809266,Patch transformer,SNV + patches(16)
N,1000,1,2,adffd752cb39d861771cd1b06c3cbfcc,0.08,0.06942155,0.16355999999999998,0.01057844787836075,Patch transformer,SNV + patches(16)
N,1000,1,2,23c2e0496d63817687f9df3f2e5a7ffd,0.05153,0.158908,0.16355999999999998,-0.10737799462795258,Patch transformer,SNV + patches(16)
N,1000,1,2,ce2730fe38f80cb3118513d512ab3226,0.05268,0.06688373,0.16355999999999998,-0.014203727908134463,Patch transformer,SNV + patches(16)
N,1000,1,2,225c881bf19bf2fb606ba872e3f78488,0.0903,0.10021602,0.16355999999999998,-0.009916023623943324,Patch transformer,SNV + patches(16)
N,1000,1,2,33437ea4507d472a837bf8c2de79cf70,0.13144,0.11064511,0.16355999999999998,0.0207948920750618,Patch transformer,SNV + patches(16)
N,1000,1,2,b3a0dea1a5796f3c0574702237169065,0.05121,0.059719384,0.16355999999999998,-0.008509383716583253,Patch transformer,SNV + patches(16)
N,1000,1,2,4e2902193e4f4e6d278787a9e1d7077c,0.00926,0.10402255,0.16355999999999998,-0.0947625476026535,Patch transformer,SNV + patches(16)
N,1000,1,2,5daf0f304a7626620ace1d18500e44b2,0.11,0.10809585,0.16355999999999998,0.001904152929782868,Patch transformer,SNV + patches(16)
N,1000,1,2,aaf1cc3f7d2da175f29e292634911138,0.02825,0.08259075,0.16355999999999998,-0.054340751349926,Patch transformer,SNV + patches(16)
N,1000,1,2,10cdfba3a240e0897332d6a5286136b2,0.38925,0.43055984,0.16355999999999998,-0.041309843778610245,Patch transformer,SNV + patches(16)
N,1000,1,2,1bbc415aa46c2d96d8fc7f68da3386fa,1.06618,1.0805227,0.16355999999999998,-0.014342656440734958,Patch transformer,SNV + patches(16)
N,1000,1,2,9df9da18d3646d438df8787f56dfc1da,0.03602,0.07159298,0.16355999999999998,-0.035572979133129116,Patch transformer,SNV + patches(16)
N,1000,1,2,e44561cd6a8e20b7c9606f8a83c180d2,0.15337,0.17639707,0.16355999999999998,-0.023027070288658136,Patch transformer,SNV + patches(16)
N,1000,1,2,cf441619fc4ce49280348ad5f2a17ab6,0.87394,1.0836116,0.16355999999999998,-0.20967160755157466,Patch transformer,SNV + patches(16)
N,1000,1,2,1ced3ac2735736f8fb8cb870ddccd9f1,0.39,1.0361671,0.16355999999999998,-0.6461671447753906,Patch transformer,SNV + patches(16)
N,1000,1,2,83e9cadf14fd18fc4725123a6b0c6c6a,0.18,0.17034836,0.16355999999999998,0.00965163886547088,Patch transformer,SNV + patches(16)
N,1000,1,2,1bcb55594443d516ebda0705b04f84f4,0.56247,0.94267374,0.16355999999999998,-0.38020374277114866,Patch transformer,SNV + patches(16)
N,1000,1,2,51f9c435c74a91b287a2b4f862fb55a5,0.0203,0.037890624,0.16355999999999998,-0.01759062425494194,Patch transformer,SNV + patches(16)
N,1000,1,2,9cc8b87044b84c3930bb123508311620,0.77543,0.71877444,0.16355999999999998,0.05665556209564204,Patch transformer,SNV + patches(16)
N,1000,1,2,b062214367654eab4b39d4af12a83e18,0.10189,0.19338611,0.16355999999999998,-0.09149610768318177,Patch transformer,SNV + patches(16)
N,1000,1,2,fab0c8d4f178d681b22be59ab44cea4f,0.6394,0.63431793,0.16355999999999998,0.005082065486907927,Patch transformer,SNV + patches(16)
N,1000,1,2,c2b3259d9ab0ad2b0ebc75745bff9d92,0.33663,0.21093546,0.16355999999999998,0.12569454145908354,Patch transformer,SNV + patches(16)
N,1000,1,2,3f735ec7c3a433cb15bfb6ece409f8ba,2.35951,2.3020399,0.16355999999999998,0.05747013832092307,Patch transformer,SNV + patches(16)
N,1000,1,2,636244f2c5e8b1a9a177037c52e36e7b,0.90111,1.386002,0.16355999999999998,-0.4848919445419312,Patch transformer,SNV + patches(16)
N,1000,1,2,9505c62b83f8c76195a309efe90ab040,2.46105,1.8379897,0.16355999999999998,0.6230603120803835,Patch transformer,SNV + patches(16)
N,1000,1,2,610635653f17feb5ebd0e95c6348acfe,1.02862,1.0225652,0.16355999999999998,0.006054754371643156,Patch transformer,SNV + patches(16)
N,1000,1,2,ab23985296116afa78786e66647647ae,0.13141,0.072540455,0.16355999999999998,0.05886954543352127,Patch transformer,SNV + patches(16)
N,1000,1,2,f49e6f826f10bdb241c0d3a1d9a843c7,0.23718,0.2752098,0.16355999999999998,-0.03802981431007385,Patch transformer,SNV + patches(16)
N,1000,1,2,95c3cc5f7b1d214d420c5742de284b28,0.07147,0.09990789,0.16355999999999998,-0.028437889962196344,Patch transformer,SNV + patches(16)
N,1000,1,2,0397b23c44cc2c4032aa58a525fa7010,0.10155,0.063958466,0.16355999999999998,0.03759153394699097,Patch transformer,SNV + patches(16)
N,1000,1,2,b12c580878272a24cf3ce8a14f99070f,0.13175,0.11220943,0.16355999999999998,0.019540568172931677,Patch transformer,SNV + patches(16)
N,1000,1,2,423de6e28d44dad18cb16d8d91acb75a,3.33257,2.3903182,0.16355999999999998,0.9422518447113037,Patch transformer,SNV + patches(16)
N,1000,1,2,5abf73f113cd62ad49b62615c96cbaca,0.29674,0.251645,0.16355999999999998,0.045095001211166386,Patch transformer,SNV + patches(16)
N,1000,1,2,2e247ae51fa5d70613ddeae968630979,2.25,2.5074437,0.16355999999999998,-0.2574436664581299,Patch transformer,SNV + patches(16)
N,1000,1,2,e94b682ffd2b6c8f4afcf0015bc84ed2,0.03221,0.19298209,0.16355999999999998,-0.16077209249973295,Patch transformer,SNV + patches(16)
N,1000,1,2,6b18e69b6b616e1badbdc1bee9042062,0.05057,0.11433128,0.16355999999999998,-0.06376128267526626,Patch transformer,SNV + patches(16)
N,1000,1,2,9be85540581becad235370717b8c27fd,0.09199,0.08638793,0.16355999999999998,0.005602067699432375,Patch transformer,SNV + patches(16)
N,1000,1,2,5354092a65fdaf270f745e78f5144395,0.04049,0.057175614,0.16355999999999998,-0.016685613939762117,Patch transformer,SNV + patches(16)
N,1000,1,2,f02b2c9315000feb384753d908b30b40,0.05055,0.11613453,0.16355999999999998,-0.06558453179597855,Patch transformer,SNV + patches(16)
N,1000,1,2,221a76aad9fb4116275c510b446c4598,0.22373,0.70975775,0.16355999999999998,-0.4860277452659607,Patch transformer,SNV + patches(16)
N,1000,1,2,c734a3cae4642e63de52e5f2c68863ce,0.23216,0.15763754,0.16355999999999998,0.07452246347427369,Patch transformer,SNV + patches(16)
N,1000,1,2,449fb72b25cdc75c9139924474ab91f2,0.15301,0.26283625,0.16355999999999998,-0.1098262476825714,Patch transformer,SNV + patches(16)
N,1000,1,2,ae251bfcba4907b52d586f1140aa17b5,0.05115,0.10538082,0.16355999999999998,-0.054230818247795104,Patch transformer,SNV + patches(16)
N,1000,1,2,b2941b632785372c0e1418b800194d95,0.06095,0.10888695,0.16355999999999998,-0.04793694971799851,Patch transformer,SNV + patches(16)
N,1000,1,2,03815a2ee802c561b20caff5441bee97,0.36538,0.18089052,0.16355999999999998,0.18448948455333708,Patch transformer,SNV + patches(16)
N,1000,1,2,3940c9faacecdd263f5549c73f2914b2,0.49781,1.1992648,0.16355999999999998,-0.7014547647857666,Patch transformer,SNV + patches(16)
N,1000,1,2,657d66e9fddc9c4e1d39febdb96116de,0.1623,0.25084233,0.16355999999999998,-0.08854233283996582,Patch transformer,SNV + patches(16)
N,1000,1,2,55f2b208a1b82be0515b5a7c182f3b89,0.22,0.30759645,0.16355999999999998,-0.08759644508361816,Patch transformer,SNV + patches(16)
N,1000,1,2,3c2b26c131af8477e2476ce5f0ad9a2a,0.20561,0.13998146,0.16355999999999998,0.06562853644847869,Patch transformer,SNV + patches(16)
N,1000,1,2,4ceb6af9f83391a4a0204ebc5a1ea3d6,0.76529,1.1396908,0.16355999999999998,-0.3744007567977905,Patch transformer,SNV + patches(16)
N,1000,1,2,388ef6efdf5a8450b3be1b232f235359,1.05787,1.1396307,0.16355999999999998,-0.08176067531585685,Patch transformer,SNV + patches(16)
N,1000,1,2,6a0c327551c649e439e75207fd0c9dea,0.04071,0.045616616,0.16355999999999998,-0.004906615563631055,Patch transformer,SNV + patches(16)
N,1000,1,2,663a4ae7d3046b73f1c3254f2574cf19,0.51799,0.6837633,0.16355999999999998,-0.16577332521438604,Patch transformer,SNV + patches(16)
N,1000,1,2,dbaa7cfc185ea2895116957bf614b867,0.0,0.05168337,0.16355999999999998,-0.051683370023965836,Patch transformer,SNV + patches(16)
N,1000,1,2,bcf60c083aa40544d7d0c7a3e868f422,1.22683,1.2412063,0.16355999999999998,-0.014376288337707432,Patch transformer,SNV + patches(16)
N,1000,1,2,24f01c396d6c358d591a99496e72bf4e,1.22934,1.6443744,0.16355999999999998,-0.4150343705749511,Patch transformer,SNV + patches(16)
N,1000,1,2,e28629c2e9c1efe0e158a0c3a547086c,0.04024,0.06303515,0.16355999999999998,-0.02279515285253525,Patch transformer,SNV + patches(16)
N,1000,1,2,763902a700685d5c514d41f647e733c3,0.02462,0.07751815,0.16355999999999998,-0.05289815021038055,Patch transformer,SNV + patches(16)
N,1000,1,2,f65112d86f9e74fed8e25924e81d5771,0.17013,0.14254987,0.16355999999999998,0.02758012760162354,Patch transformer,SNV + patches(16)
N,1000,1,2,c16886c485b9c66933fd0614713fad0d,1.11841,1.0075347,0.16355999999999998,0.11087525764465322,Patch transformer,SNV + patches(16)
N,1000,1,2,62212814fc76edd611fbce65794fdcdc,1.5136,2.4107494,0.16355999999999998,-0.8971494354248046,Patch transformer,SNV + patches(16)
N,1000,1,2,2f2224b706cd4b6e6fba4424e875dea0,0.55426,0.7428972,0.16355999999999998,-0.1886372125053406,Patch transformer,SNV + patches(16)
N,1000,1,2,c848a6cc3f10c191eaf18225c5eabdef,0.10527,0.07825412,0.16355999999999998,0.027015881438255313,Patch transformer,SNV + patches(16)
N,1000,1,2,61109d6b54c5607c0a202589a3587805,0.1222,0.25387165,0.16355999999999998,-0.13167164950370788,Patch transformer,SNV + patches(16)
N,1000,1,2,60c3e7a46f9c979a56f438710e9baa75,0.1454,0.0936773,0.16355999999999998,0.051722702765464784,Patch transformer,SNV + patches(16)
N,1000,1,2,5d60d1b85cbe4410ba5bcdb8416e0297,0.06075,0.0652148,0.16355999999999998,-0.0044647978544235245,Patch transformer,SNV + patches(16)
N,1000,1,2,0007baeacbd7351ca6e13e1174b21d44,1.34765,1.00075,0.16355999999999998,0.34690005435943605,Patch transformer,SNV + patches(16)
N,1000,1,2,f406be8ff9788d8f3d596597b264c14d,0.69687,0.55183166,0.16355999999999998,0.14503833734512328,Patch transformer,SNV + patches(16)
N,1000,1,2,47781cd91022284c03ddfa253730b707,0.4619,0.30913526,0.16355999999999998,0.15276474180221555,Patch transformer,SNV + patches(16)
N,1000,1,2,e4e1c2166b14644b697abf5954cf2306,0.08426,0.072261736,0.16355999999999998,0.011998264203071596,Patch transformer,SNV + patches(16)
N,1000,1,2,15e2d62257929c04c8a7da80bf898e89,0.07146,0.09686321,0.16355999999999998,-0.025403210201263432,Patch transformer,SNV + patches(16)
N,1000,1,2,45d187672ef73d2f61a35c4540641edb,0.15418,0.29322976,0.16355999999999998,-0.13904975873947142,Patch transformer,SNV + patches(16)
N,1000,1,2,d361354baf4e900a0d589abd7b5a5a67,0.48063,0.3907183,0.16355999999999998,0.08991168892860413,Patch transformer,SNV + patches(16)
N,1000,1,2,c92eaaa8a8d4faf84d59f5572bd7affe,0.55134,0.43187594,0.16355999999999998,0.11946405586242681,Patch transformer,SNV + patches(16)
N,1000,1,2,d4c2941ea25c5d35a480d5aaf4180ba9,0.03042,0.078740664,0.16355999999999998,-0.048320663826465604,Patch transformer,SNV + patches(16)
N,1000,1,2,482527709d14fe2e1012910e52bf50e3,1.91332,1.9799966,0.16355999999999998,-0.06667656200408945,Patch transformer,SNV + patches(16)
N,1000,1,2,c1e8101462b0853e143237e842736b83,1.81637,1.8972415,0.16355999999999998,-0.08087147319793697,Patch transformer,SNV + patches(16)
N,1000,1,2,380373e1d9e62b8930f2c31d300b7354,0.08,0.061092626,0.16355999999999998,0.01890737369656563,Patch transformer,SNV + patches(16)
N,1000,1,2,35b98ba8d45d0b4752e7aa690c2239b4,0.39557,0.4935848,0.16355999999999998,-0.0980148116874695,Patch transformer,SNV + patches(16)
N,1000,1,2,8a03b96c084aa54cee73c3ee548c7cde,0.24,0.25016832,0.16355999999999998,-0.010168323516845712,Patch transformer,SNV + patches(16)
N,1000,1,2,cba26cfb3db05dedae29cf880f039ca7,0.05015,0.10298085,0.16355999999999998,-0.052830852127075195,Patch transformer,SNV + patches(16)
N,1000,1,2,276bf0792524ee113e4313fff3bd94e7,0.04749,0.086657725,0.16355999999999998,-0.03916772527456284,Patch transformer,SNV + patches(16)
N,1000,1,2,5be2dec8b5eb84a3d5fa28eeb8b7fcdd,0.04947,0.120109,0.16355999999999998,-0.07063899931192398,Patch transformer,SNV + patches(16)
N,1000,1,2,6e027ed6e0cec4006f5b3eb4482bc72f,0.03033,0.069973566,0.16355999999999998,-0.03964356563806534,Patch transformer,SNV + patches(16)
N,1000,1,2,252358d87ffae2e30611d0552c97f0fc,0.77912,0.73724425,0.16355999999999998,0.04187575160980228,Patch transformer,SNV + patches(16)
N,1000,1,2,03e00e68bf23942797702429533e71b1,0.05214,0.20060302,0.16355999999999998,-0.14846302317142487,Patch transformer,SNV + patches(16)
N,1000,1,2,dbbb7f854268a372dd2cafb98185597e,0.3056,0.3691468,0.16355999999999998,-0.06354679408073427,Patch transformer,SNV + patches(16)
N,1000,1,2,18c7d6a2d64524cbcedba0db3990d3f7,0.23636,0.26248217,0.16355999999999998,-0.026122166290283216,Patch transformer,SNV + patches(16)
N,1000,1,2,076ad84949428864f37e997bc9128917,0.20022,0.2064145,0.16355999999999998,-0.00619450583934783,Patch transformer,SNV + patches(16)
N,1000,1,2,d81b8755180194a6c90a2222b9281ffb,0.1291,0.14196151,0.16355999999999998,-0.012861514949798591,Patch transformer,SNV + patches(16)
N,1000,1,2,428b6a434673d36ad3a368a4ac53adf1,0.0,0.058123544,0.16355999999999998,-0.05812354385852814,Patch transformer,SNV + patches(16)
N,1000,1,2,d3464e49c7ce759de3d91b746232e700,0.2883,0.29361054,0.16355999999999998,-0.005310543012619018,Patch transformer,SNV + patches(16)
N,1000,1,2,b93d6ff1892f5f13e595e674e1506b8b,0.04019,0.03838314,0.16355999999999998,0.001806858839988705,Patch transformer,SNV + patches(16)
N,1000,1,2,91d82014d53562144553d170cf1dd9cb,0.17528,0.32571796,0.16355999999999998,-0.15043795582771302,Patch transformer,SNV + patches(16)
N,1000,1,2,17f78f704177409a65c62d5e8e11d31a,0.02004,0.06131744,0.16355999999999998,-0.04127744012236595,Patch transformer,SNV + patches(16)
N,1000,1,2,62318da61436043d6228c501f5f9b066,0.74923,1.21511,0.16355999999999998,-0.46587994434356694,Patch transformer,SNV + patches(16)
N,1000,1,2,400b9a175cb977814551757c378f9cc8,0.0,0.05938569,0.16355999999999998,-0.059385690838098526,Patch transformer,SNV + patches(16)
N,1000,1,2,fb86c0466236f9cbc66884f373078130,0.0,0.14197218,0.16355999999999998,-0.14197218418121338,Patch transformer,SNV + patches(16)
N,1000,1,2,643186fb23ccfa31ff1beedb2f27dfee,0.73462,0.8231309,0.16355999999999998,-0.0885109056282043,Patch transformer,SNV + patches(16)
N,1000,1,2,9e40b310da1b0eb121ecad69d82e38d0,0.01971,0.075074196,0.16355999999999998,-0.05536419586181641,Patch transformer,SNV + patches(16)
P,1000,1,2,a9fef1c7afb7ecd702b97eea9877847f,0.0,84.064995,5.495485,-84.06499481201172,Patch transformer,SNV + patches(16)
P,1000,1,2,98f2650032d8e2784cfef807bd8eb1db,0.0,2.0516686,5.495485,-2.051668643951416,Patch transformer,SNV + patches(16)
P,1000,1,2,01fc386431af7ef46743dcb5fd1b13bd,22.68916,15.766841,5.495485,6.922319065246583,Patch transformer,SNV + patches(16)
P,1000,1,2,b06ef2ff977073c8a423f935c3707702,8.76614,1.5866739,5.495485,7.179466144218445,Patch transformer,SNV + patches(16)
P,1000,1,2,d88174e63b46494814d55c01e91daaa4,25.3,1.8105717,5.495485,23.489428329467774,Patch transformer,SNV + patches(16)
P,1000,1,2,d2c3ecadc93aab25e7fa34de2435f03b,61.68966,25.386196,5.495485,36.303463863525394,Patch transformer,SNV + patches(16)
P,1000,1,2,5e679b2fd98577dbf032a322e04b7cc1,0.45407,1.2458063,5.495485,-0.7917363364028931,Patch transformer,SNV + patches(16)
P,1000,1,2,93d8af16cc306e2d3077e97a5d39e234,6.95761,23.530842,5.495485,-16.57323182739258,Patch transformer,SNV + patches(16)
P,1000,1,2,a54c94d278344e81ad0267025f57fa43,0.40792,2.0819402,5.495485,-1.6740201741027831,Patch transformer,SNV + patches(16)
P,1000,1,2,8faafffca19a188f3f01a1a80045ee3e,0.97178,2.3102908,5.495485,-1.338510813446045,Patch transformer,SNV + patches(16)
P,1000,1,2,162b3559316de7b2dc7ac29c3e59a718,3.3208,4.825538,5.495485,-1.5047381584167479,Patch transformer,SNV + patches(16)
P,1000,1,2,e9a496477ff32b111ac8ef1f6448dec9,0.92289,1.7601552,5.495485,-0.837265200958252,Patch transformer,SNV + patches(16)
P,1000,1,2,4859dec60a5e518c6ae010e360aaa43f,2.1068,1.490901,5.495485,0.6158990066528318,Patch transformer,SNV + patches(16)
P,1000,1,2,04fcaa7329b712aecb2ac794c961ad79,2.8997,2.8267586,5.495485,0.07294137687683122,Patch transformer,SNV + patches(16)
P,1000,1,2,186111e6da3c326211af261df886e7d0,124.68283,5.542243,5.495485,119.14058699615478,Patch transformer,SNV + patches(16)
P,1000,1,2,64099e20e95e43ef712465b5b12930f1,1.57458,2.926064,5.495485,-1.3514840144348144,Patch transformer,SNV + patches(16)
P,1000,1,2,b126dd4e0d98b6b6fb3513d7fd0b0e54,28.69688,1.6844083,5.495485,27.0124716929245,Patch transformer,SNV + patches(16)
P,1000,1,2,240c629cc1d23ba8c3f97fee48b615a2,64.31502,9.559534,5.495485,54.75548592712403,Patch transformer,SNV + patches(16)
P,1000,1,2,412f2f1d138f9c0f1ba8e2da980c5ea9,8.70727,3.0052276,5.495485,5.7020424342346185,Patch transformer,SNV + patches(16)
P,1000,1,2,4ccdbf99991f857d8a412338b6fa9953,37.34343,17.1703,5.495485,20.1731304699707,Patch transformer,SNV + patches(16)
P,1000,1,2,2fc52618db0f54af64e6f7c3fcbd5f80,59.79796,9.475799,5.495485,50.322161393127445,Patch transformer,SNV + patches(16)
P,1000,1,2,067033af0210e9360e25de3dc9de9ccd,23.43699,1.3783203,5.495485,22.058669663658144,Patch transformer,SNV + patches(16)
P,1000,1,2,8731720b1072c100b4ab9728cf84bfab,1.52704,0.9015459,5.495485,0.6254941177749633,Patch transformer,SNV + patches(16)
P,1000,1,2,7feb20905e9f4efc12ce8a1557489993,4.10143,12.487634,5.495485,-8.38620370513916,Patch transformer,SNV + patches(16)
P,1000,1,2,8128d56631a7f6447e40e74dc11ff064,4.12422,24.12917,5.495485,-20.004949464111327,Patch transformer,SNV + patches(16)
P,1000,1,2,db31232f97981b49ca2c8c2957caf340,2.69396,2.9344838,5.495485,-0.240523766555786,Patch transformer,SNV + patches(16)
P,1000,1,2,d09cee4a1c44977d7d98d49fa4624661,21.49851,1.7620466,5.495485,19.736463424453735,Patch transformer,SNV + patches(16)
P,1000,1,2,9453f1f17dd36bfa9c4e50dfcf35adcb,0.0,1.2661664,5.495485,-1.2661664485931396,Patch transformer,SNV + patches(16)
P,1000,1,2,b4caee112f48cd4910f34619452c46b2,0.61292,3.346024,5.495485,-2.733104036407471,Patch transformer,SNV + patches(16)
P,1000,1,2,fe9816b5ad430765c8bd5a6bda62a95e,42.56622,13.427781,5.495485,29.138438894958497,Patch transformer,SNV + patches(16)
P,1000,1,2,35ec662104b460940a363f825351e109,0.0,0.01628705,5.495485,-0.016287049278616905,Patch transformer,SNV + patches(16)
P,1000,1,2,22c715f706441403720a9cb73e8cfb59,46.17486,3.5983815,5.495485,42.576478480682376,Patch transformer,SNV + patches(16)
P,1000,1,2,32bc667fb9bb120f30a1198007bbd575,1.3585,10.03825,5.495485,-8.679749969482423,Patch transformer,SNV + patches(16)
P,1000,1,2,4498b77faad0f41e4d301625f46bfd0e,69.76589,2.7613156,5.495485,67.00457441581726,Patch transformer,SNV + patches(16)
P,1000,1,2,602ae701fbefa56dafe6dbdca1e75ccc,4.76923,4.490729,5.495485,0.27850114486694366,Patch transformer,SNV + patches(16)
P,1000,1,2,34009f6906da53820c2143e77ce35ab7,0.86799,10.266049,5.495485,-9.3980593850708,Patch transformer,SNV + patches(16)
P,1000,1,2,b40e079751b59225cd8a0fdcf646e5d5,17.13148,19.308,5.495485,-2.1765205645751955,Patch transformer,SNV + patches(16)
P,1000,1,2,8d9599912269312b6363bb7be5efb7c5,0.2207,1.9364139,5.495485,-1.715713884162903,Patch transformer,SNV + patches(16)
P,1000,1,2,fbcc4c6effaa7272a5f83fa6d42086aa,0.16104,0.27424994,5.495485,-0.11320994111061097,Patch transformer,SNV + patches(16)
P,1000,1,2,2a1c524fa24ba9868f76860af8003a22,2.02999,20.552067,5.495485,-18.522076802978514,Patch transformer,SNV + patches(16)
P,1000,1,2,6edb7c8088d386ffa53e9552bc6a71cd,7.03243,0.7627918,5.495485,6.269638187580108,Patch transformer,SNV + patches(16)
P,1000,1,2,b9ef6f14e4b8bbeeb496c9c9263905ff,41.98877,22.765934,5.495485,19.222836009521487,Patch transformer,SNV + patches(16)
P,1000,1,2,34bd1e9a312d4bf84671a0da202772a0,15.85927,9.3741045,5.495485,6.485165500183106,Patch transformer,SNV + patches(16)
P,1000,1,2,ae8fcfada4845108055ebcfe0cdd02e4,0.0,20.237337,5.495485,-20.237337112426758,Patch transformer,SNV + patches(16)
P,1000,1,2,db007383b57de630a9a940fbba7d8295,11.4,28.726208,5.495485,-17.3262077331543,Patch transformer,SNV + patches(16)
P,1000,1,2,613aec5e5aa0315c05dcbe1218854375,0.0,11.564881,5.495485,-11.564881324768066,Patch transformer,SNV + patches(16)
P,1000,1,2,3d332786462a4019013e1d7404302fb4,7.79508,5.368836,5.495485,2.4262440739440914,Patch transformer,SNV + patches(16)
P,1000,1,2,8ed876de30785a39bb86749cbd780b79,2.94656,2.3945892,5.495485,0.5519708142852782,Patch transformer,SNV + patches(16)
P,1000,1,2,455f401321ca53b008a3d0d829078c9a,3.76026,3.748426,5.495485,0.011834039459228674,Patch transformer,SNV + patches(16)
P,1000,1,2,c834aaa9a67b0de316a58d4d572cdec1,32.97114,5.691937,5.495485,27.27920303024292,Patch transformer,SNV + patches(16)
P,1000,1,2,15b43b4eb75ce849305904f83de2745b,2.97489,5.189308,5.495485,-2.2144181665039064,Patch transformer,SNV + patches(16)
P,1000,1,2,6379d38f962866ec614aa892f965a2c5,26.60513,16.594412,5.495485,10.010718150024413,Patch transformer,SNV + patches(16)
P,1000,1,2,29d23181ffc8d70f77cd6d0d9804c336,1.45093,2.682205,5.495485,-1.2312749617767333,Patch transformer,SNV + patches(16)
P,1000,1,2,b09d3df6476c9a2bd1260ed99c316ec1,1.66747,2.8874662,5.495485,-1.2199961922454834,Patch transformer,SNV + patches(16)
P,1000,1,2,7fa6a7587f8e77afc3d006721ea76ade,2.63475,0.61924744,5.495485,2.0155025634765624,Patch transformer,SNV + patches(16)
P,1000,1,2,e3e665ce13a14a5da8c3572c2f43169b,3.79471,3.6665568,5.495485,0.12815316482543926,Patch transformer,SNV + patches(16)
P,1000,1,2,0c18c20646f9c12e134b58694d80ac6f,6.46371,1.2155102,5.495485,5.248199750862121,Patch transformer,SNV + patches(16)
P,1000,1,2,4fbe75a861568cd10e5c3909c3be6b6d,0.0,14.644511,5.495485,-14.644511222839355,Patch transformer,SNV + patches(16)
P,1000,1,2,9d3ea990c16c0dcea361b28113f5c9bd,2.2257,2.188878,5.495485,0.03682194061279276,Patch transformer,SNV + patches(16)
P,1000,1,2,2f5a749e92589fd18b41533e81008550,1.70069,1.7209163,5.495485,-0.020226271209716762,Patch transformer,SNV + patches(16)
P,1000,1,2,0316815cbc802093747eeee9c674fbc2,2.83416,10.656822,5.495485,-7.822662204589844,Patch transformer,SNV + patches(16)
P,1000,1,2,e8b4942f9fc771fc1bef4b80313ab90c,2.094,1.7174855,5.495485,0.376514452934265,Patch transformer,SNV + patches(16)
P,1000,1,2,c15302e7f67c1d3279d9a244f5b672da,0.0,2.268903,5.495485,-2.2689030170440674,Patch transformer,SNV + patches(16)
P,1000,1,2,a397b492fc6cdab217e438468859d64c,1.54221,10.991866,5.495485,-9.44965611175537,Patch transformer,SNV + patches(16)
P,1000,1,2,f4d9df52b482396a97327fa0a88adfca,97.36938,3.11635,5.495485,94.25303006446839,Patch transformer,SNV + patches(16)
P,1000,1,2,02d757e2f902c3ac8117434b19dcf71f,21.34204,3.0467918,5.495485,18.295248208084107,Patch transformer,SNV + patches(16)
P,1000,1,2,134267ce6d1628bf9a912936f17da81c,0.72654,0.8731132,5.495485,-0.14657321496963505,Patch transformer,SNV + patches(16)
P,1000,1,2,090ae092521d9e1c6500909f6739a050,40.36429,23.166573,5.495485,17.197717429199216,Patch transformer,SNV + patches(16)
P,1000,1,2,cb642067cab47b51cf7b68061a95aaf4,132.40468,25.806139,5.495485,106.59854100769044,Patch transformer,SNV + patches(16)
P,1000,1,2,2ab1b577303006be62bd47ec2acf7ee7,50.4926,5.426667,5.495485,45.06593278656006,Patch transformer,SNV + patches(16)
P,1000,1,2,daab472a9752137c6b6a63779153f156,1.4267,3.380771,5.495485,-1.9540709217071532,Patch transformer,SNV + patches(16)
P,1000,1,2,609be570da9e73d0a037ecc579091d84,29.60489,8.773829,5.495485,20.831060539855958,Patch transformer,SNV + patches(16)
P,1000,1,2,998dbc24f7ffbc16e4ab6154f68111a8,5.16185,1.3933333,5.495485,3.768516684150696,Patch transformer,SNV + patches(16)
P,1000,1,2,ded35db63be8e697119fd9d4f2492569,0.42421,8.881633,5.495485,-8.457422804870605,Patch transformer,SNV + patches(16)
P,1000,1,2,c792621fce64d34c15224e7fa5262a9e,0.2985,2.9709985,5.495485,-2.672498525619507,Patch transformer,SNV + patches(16)
P,1000,1,2,ae0aa8379ea579d844caead6a4169c60,0.0,1.0865493,5.495485,-1.0865492820739746,Patch transformer,SNV + patches(16)
P,1000,1,2,7c2379344f309053a2b0d42be398e8ec,9.58195,18.69724,5.495485,-9.115290829467773,Patch transformer,SNV + patches(16)
P,1000,1,2,98eee00d43ddd1c634e9be19751162c8,9.27578,9.258339,5.495485,0.017441071777342998,Patch transformer,SNV + patches(16)
P,1000,1,2,34bf2cef6025ea82c3e6aa79622fe546,18.82633,13.704089,5.495485,5.122240835266112,Patch transformer,SNV + patches(16)
P,1000,1,2,35b63077b23340b6dff05365c20a4e84,22.27838,1.3222198,5.495485,20.956160151367186,Patch transformer,SNV + patches(16)
P,1000,1,2,a55387be0e406d75dd3bc0c4abefd4a6,15.90713,26.839718,5.495485,-10.932587864990234,Patch transformer,SNV + patches(16)
P,1000,1,2,f13486c1fb5def7715becfd4353ba53a,1.72978,1.5603253,5.495485,0.169454735069275,Patch transformer,SNV + patches(16)
P,1000,1,2,05da40be75ccd7e3a3d23d49edeb4547,9.65932,12.766826,5.495485,-3.1075056759643562,Patch transformer,SNV + patches(16)
P,1000,1,2,9e4f62e613cd10b03934f40a71963094,1.24813,7.7712135,5.495485,-6.523083531494141,Patch transformer,SNV + patches(16)
P,1000,1,2,a7f951d4a73c1d0a2b3439f054dc3aa9,2.91067,5.4324703,5.495485,-2.5218003216552733,Patch transformer,SNV + patches(16)
P,1000,1,2,04bda56132ad90c6c3b8a547301b9c6c,14.5,0.7393513,5.495485,13.760648727416992,Patch transformer,SNV + patches(16)
P,1000,1,2,fded08c52ae1449d8dc0817f320416c1,0.90651,0.8115459,5.495485,0.09496409154891972,Patch transformer,SNV + patches(16)
P,1000,1,2,c133a9ed2f32d2ff6be27e1af4172fee,0.30058,0.71795964,5.495485,-0.4173796424102783,Patch transformer,SNV + patches(16)
P,1000,1,2,7940e5091003b41403d935bdd026f9ff,34.19526,13.906971,5.495485,20.288289022216794,Patch transformer,SNV + patches(16)
P,1000,1,2,40dd734300324a9ed64f8ada018f7317,59.06656,15.13595,5.495485,43.930609911499026,Patch transformer,SNV + patches(16)
P,1000,1,2,611a631f494a5a6faa825381ab29d54c,1.03276,4.1900425,5.495485,-3.1572824957275394,Patch transformer,SNV + patches(16)
P,1000,1,2,f52127083de5255bdd07bfa5e2f0745b,3.60686,2.1690464,5.495485,1.4378135980224611,Patch transformer,SNV + patches(16)
P,1000,1,2,5e7294f292f17d31556ae3afef8b2d03,1.47331,3.0440323,5.495485,-1.5707223352813722,Patch transformer,SNV + patches(16)
P,1000,1,2,61e75ade159042254c326b3a6f1cbf9f,9.497,14.405069,5.495485,-4.908069351196289,Patch transformer,SNV + patches(16)
P,1000,1,2,030a8f0fb1d56991da69b7be99700fd0,115.44948,21.833672,5.495485,93.61580843017578,Patch transformer,SNV + patches(16)
P,1000,1,2,3d731752c3cf67ced9330891dbd87cfb,2.48907,11.831107,5.495485,-9.342037139587402,Patch transformer,SNV + patches(16)
P,1000,1,2,3dfaa690d857dfa8eadf70886f8a4c5c,34.84061,3.609693,5.495485,31.230916949615477,Patch transformer,SNV + patches(16)
P,1000,1,2,dd788fdd1afcfd0cbb840b1eef64e16a,2.07172,11.847647,5.495485,-9.775926713256837,Patch transformer,SNV + patches(16)
P,1000,1,2,f8b4debeff4b80a0ebde6db843007af1,92.63791,19.91297,5.495485,72.7249404107666,Patch transformer,SNV + patches(16)
P,1000,1,2,095a2407796cbbca946c16e9d8ecd632,117.4,1.3985902,5.495485,116.00140979290009,Patch transformer,SNV + patches(16)
P,1000,1,2,adffd752cb39d861771cd1b06c3cbfcc,0.0,1.810756,5.495485,-1.810755968093872,Patch transformer,SNV + patches(16)
P,1000,1,2,23c2e0496d63817687f9df3f2e5a7ffd,11.53822,5.601967,5.495485,5.936253142089845,Patch transformer,SNV + patches(16)
P,1000,1,2,ce2730fe38f80cb3118513d512ab3226,1.44698,1.5186243,5.495485,-0.07164430572509772,Patch transformer,SNV + patches(16)
P,1000,1,2,225c881bf19bf2fb606ba872e3f78488,7.96085,0.864331,5.495485,7.096518992996216,Patch transformer,SNV + patches(16)
P,1000,1,2,33437ea4507d472a837bf8c2de79cf70,4.21274,4.953177,5.495485,-0.740436975250244,Patch transformer,SNV + patches(16)
P,1000,1,2,b3a0dea1a5796f3c0574702237169065,5.73084,0.8511387,5.495485,4.879701289024353,Patch transformer,SNV + patches(16)
P,1000,1,2,4e2902193e4f4e6d278787a9e1d7077c,2.79917,3.824588,5.495485,-1.0254180603790282,Patch transformer,SNV + patches(16)
P,1000,1,2,5daf0f304a7626620ace1d18500e44b2,11.3,2.2073264,5.495485,9.092673587799073,Patch transformer,SNV + patches(16)
P,1000,1,2,aaf1cc3f7d2da175f29e292634911138,1.37577,2.2055244,5.495485,-0.8297544445800782,Patch transformer,SNV + patches(16)
P,1000,1,2,10cdfba3a240e0897332d6a5286136b2,0.98903,23.185738,5.495485,-22.19670760986328,Patch transformer,SNV + patches(16)
P,1000,1,2,1bbc415aa46c2d96d8fc7f68da3386fa,23.63563,17.545834,5.495485,6.089796412353515,Patch transformer,SNV + patches(16)
P,1000,1,2,9df9da18d3646d438df8787f56dfc1da,0.53368,1.1151025,5.495485,-0.5814225295257568,Patch transformer,SNV + patches(16)
P,1000,1,2,e44561cd6a8e20b7c9606f8a83c180d2,21.78382,10.274833,5.495485,11.508987274475096,Patch transformer,SNV + patches(16)
P,1000,1,2,cf441619fc4ce49280348ad5f2a17ab6,1.58005,8.852733,5.495485,-7.2726826583862305,Patch transformer,SNV + patches(16)
P,1000,1,2,1ced3ac2735736f8fb8cb870ddccd9f1,23.2,13.39224,5.495485,9.807760429382324,Patch transformer,SNV + patches(16)
P,1000,1,2,83e9cadf14fd18fc4725123a6b0c6c6a,86.7,2.9987657,5.495485,83.70123429298401,Patch transformer,SNV + patches(16)
P,1000,1,2,1bcb55594443d516ebda0705b04f84f4,10.34447,8.342508,5.495485,2.0019616839599603,Patch transformer,SNV + patches(16)
P,1000,1,2,51f9c435c74a91b287a2b4f862fb55a5,0.79155,0.9728513,5.495485,-0.1813012763977051,Patch transformer,SNV + patches(16)
P,1000,1,2,9cc8b87044b84c3930bb123508311620,6.42139,13.020002,5.495485,-6.598612365112305,Patch transformer,SNV + patches(16)
P,1000,1,2,b062214367654eab4b39d4af12a83e18,10.22187,6.6645885,5.495485,3.557281548614501,Patch transformer,SNV + patches(16)
P,1000,1,2,fab0c8d4f178d681b22be59ab44cea4f,13.22234,19.719786,5.495485,-6.497445690307616,Patch transformer,SNV + patches(16)
P,1000,1,2,c2b3259d9ab0ad2b0ebc75745bff9d92,21.33518,6.641072,5.495485,14.694108203582765,Patch transformer,SNV + patches(16)
P,1000,1,2,3f735ec7c3a433cb15bfb6ece409f8ba,6.6562,18.874273,5.495485,-12.218073300170898,Patch transformer,SNV + patches(16)
P,1000,1,2,636244f2c5e8b1a9a177037c52e36e7b,1.72162,14.066782,5.495485,-12.345161997680664,Patch transformer,SNV + patches(16)
P,1000,1,2,9505c62b83f8c76195a309efe90ab040,10.56462,13.542423,5.495485,-2.977803248291016,Patch transformer,SNV + patches(16)
P,1000,1,2,610635653f17feb5ebd0e95c6348acfe,28.32584,9.788893,5.495485,18.53694725402832,Patch transformer,SNV + patches(16)
P,1000,1,2,ab23985296116afa78786e66647647ae,22.19271,1.7443794,5.495485,20.44833059879303,Patch transformer,SNV + patches(16)
P,1000,1,2,f49e6f826f10bdb241c0d3a1d9a843c7,5.81711,2.1198642,5.495485,3.6972457746124263,Patch transformer,SNV + patches(16)
P,1000,1,2,95c3cc5f7b1d214d420c5742de284b28,0.37218,3.245325,5.495485,-2.8731450885009764,Patch transformer,SNV + patches(16)
P,1000,1,2,0397b23c44cc2c4032aa58a525fa7010,1.53685,2.105785,5.495485,-0.5689348930358886,Patch transformer,SNV + patches(16)
P,1000,1,2,b12c580878272a24cf3ce8a14f99070f,4.9788,3.5929425,5.495485,1.3858575237274167,Patch transformer,SNV + patches(16)
P,1000,1,2,423de6e28d44dad18cb16d8d91acb75a,38.49332,15.373994,5.495485,23.119326126403806,Patch transformer,SNV + patches(16)
P,1000,1,2,5abf73f113cd62ad49b62615c96cbaca,9.72644,18.123016,5.495485,-8.396576357421875,Patch transformer,SNV + patches(16)
P,1000,1,2,2e247ae51fa5d70613ddeae968630979,14.2,16.6577,5.495485,-2.457699584960938,Patch transformer,SNV + patches(16)
P,1000,1,2,e94b682ffd2b6c8f4afcf0015bc84ed2,22.59791,6.584203,5.495485,16.013707233581542,Patch transformer,SNV + patches(16)
P,1000,1,2,6b18e69b6b616e1badbdc1bee9042062,0.0445,0.82198787,5.495485,-0.7774878673553467,Patch transformer,SNV + patches(16)
P,1000,1,2,9be85540581becad235370717b8c27fd,1.87412,2.2459943,5.495485,-0.37187432945251464,Patch transformer,SNV + patches(16)
P,1000,1,2,5354092a65fdaf270f745e78f5144395,0.87541,2.2153323,5.495485,-1.339922269668579,Patch transformer,SNV + patches(16)
P,1000,1,2,f02b2c9315000feb384753d908b30b40,13.54266,6.671016,5.495485,6.8716437837219235,Patch transformer,SNV + patches(16)
P,1000,1,2,221a76aad9fb4116275c510b446c4598,5.76625,8.072002,5.495485,-2.3057524108886716,Patch transformer,SNV + patches(16)
P,1000,1,2,c734a3cae4642e63de52e5f2c68863ce,0.0,2.974833,5.495485,-2.9748330116271973,Patch transformer,SNV + patches(16)
P,1000,1,2,449fb72b25cdc75c9139924474ab91f2,5.15027,19.042408,5.495485,-13.892137989501954,Patch transformer,SNV + patches(16)
P,1000,1,2,ae251bfcba4907b52d586f1140aa17b5,5.82005,4.0450783,5.495485,1.7749717224121095,Patch transformer,SNV + patches(16)
P,1000,1,2,b2941b632785372c0e1418b800194d95,18.33688,2.3983676,5.495485,15.938512356643677,Patch transformer,SNV + patches(16)
P,1000,1,2,03815a2ee802c561b20caff5441bee97,0.7572,4.9558754,5.495485,-4.1986753967285155,Patch transformer,SNV + patches(16)
P,1000,1,2,3940c9faacecdd263f5549c73f2914b2,7.57672,19.705885,5.495485,-12.12916493347168,Patch transformer,SNV + patches(16)
P,1000,1,2,657d66e9fddc9c4e1d39febdb96116de,8.67296,13.097299,5.495485,-4.424338622131348,Patch transformer,SNV + patches(16)
P,1000,1,2,55f2b208a1b82be0515b5a7c182f3b89,0.0,2.7730367,5.495485,-2.7730367183685303,Patch transformer,SNV + patches(16)
P,1000,1,2,3c2b26c131af8477e2476ce5f0ad9a2a,2.0357,2.0485911,5.495485,-0.012891136932373204,Patch transformer,SNV + patches(16)
P,1000,1,2,4ceb6af9f83391a4a0204ebc5a1ea3d6,2.74621,10.620295,5.495485,-7.874084570922852,Patch transformer,SNV + patches(16)
P,1000,1,2,388ef6efdf5a8450b3be1b232f235359,25.1225,17.3045,5.495485,7.817999420166014,Patch transformer,SNV + patches(16)
P,1000,1,2,6a0c327551c649e439e75207fd0c9dea,1.17231,2.173431,5.495485,-1.0011209196472168,Patch transformer,SNV + patches(16)
P,1000,1,2,663a4ae7d3046b73f1c3254f2574cf19,14.16793,8.936024,5.495485,5.231906287841797,Patch transformer,SNV + patches(16)
P,1000,1,2,dbaa7cfc185ea2895116957bf614b867,2.1616,1.5978217,5.495485,0.5637782875061035,Patch transformer,SNV + patches(16)
P,1000,1,2,bcf60c083aa40544d7d0c7a3e868f422,19.41711,12.986969,5.495485,6.430141005859376,Patch transformer,SNV + patches(16)
P,1000,1,2,24f01c396d6c358d591a99496e72bf4e,10.41679,18.232574,5.495485,-7.815784462890624,Patch transformer,SNV + patches(16)
P,1000,1,2,e28629c2e9c1efe0e158a0c3a547086c,16.11485,2.358813,5.495485,13.756036952590943,Patch transformer,SNV + patches(16)
P,1000,1,2,763902a700685d5c514d41f647e733c3,3.66054,1.4483098,5.495485,2.212230220832825,Patch transformer,SNV + patches(16)
P,1000,1,2,f65112d86f9e74fed8e25924e81d5771,13.05535,4.668926,5.495485,8.386424237823487,Patch transformer,SNV + patches(16)
P,1000,1,2,c16886c485b9c66933fd0614713fad0d,33.57958,13.500829,5.495485,20.078751257019043,Patch transformer,SNV + patches(16)
P,1000,1,2,62212814fc76edd611fbce65794fdcdc,2.53243,14.306275,5.495485,-11.773845367736817,Patch transformer,SNV + patches(16)
P,1000,1,2,2f2224b706cd4b6e6fba4424e875dea0,3.53555,0.17840539,5.495485,3.35714461081028,Patch transformer,SNV + patches(16)
P,1000,1,2,c848a6cc3f10c191eaf18225c5eabdef,3.54102,1.3775414,5.495485,2.163478577156067,Patch transformer,SNV + patches(16)
P,1000,1,2,61109d6b54c5607c0a202589a3587805,3.18599,11.719049,5.495485,-8.533059453735351,Patch transformer,SNV + patches(16)
P,1000,1,2,60c3e7a46f9c979a56f438710e9baa75,2.22166,3.6331422,5.495485,-1.4114822328948975,Patch transformer,SNV + patches(16)
P,1000,1,2,5d60d1b85cbe4410ba5bcdb8416e0297,9.05551,1.5148276,5.495485,7.540682390937805,Patch transformer,SNV + patches(16)
P,1000,1,2,0007baeacbd7351ca6e13e1174b21d44,55.00981,7.7997694,5.495485,47.21004059844971,Patch transformer,SNV + patches(16)
P,1000,1,2,f406be8ff9788d8f3d596597b264c14d,52.5817,23.544752,5.495485,29.036947879028318,Patch transformer,SNV + patches(16)
P,1000,1,2,47781cd91022284c03ddfa253730b707,44.82412,20.846842,5.495485,23.97727818786621,Patch transformer,SNV + patches(16)
P,1000,1,2,e4e1c2166b14644b697abf5954cf2306,4.272,2.0861835,5.495485,2.1858164520263674,Patch transformer,SNV + patches(16)
P,1000,1,2,15e2d62257929c04c8a7da80bf898e89,14.4691,1.7191757,5.495485,12.749924303627013,Patch transformer,SNV + patches(16)
P,1000,1,2,45d187672ef73d2f61a35c4540641edb,14.59683,12.360981,5.495485,2.2358490124511725,Patch transformer,SNV + patches(16)
P,1000,1,2,d361354baf4e900a0d589abd7b5a5a67,49.91918,17.163431,5.495485,32.75574883239746,Patch transformer,SNV + patches(16)
P,1000,1,2,c92eaaa8a8d4faf84d59f5572bd7affe,34.92247,22.703167,5.495485,12.219303038330075,Patch transformer,SNV + patches(16)
P,1000,1,2,d4c2941ea25c5d35a480d5aaf4180ba9,14.0604,2.7033734,5.495485,11.357026567840576,Patch transformer,SNV + patches(16)
P,1000,1,2,482527709d14fe2e1012910e52bf50e3,8.60334,14.786303,5.495485,-6.182962566528321,Patch transformer,SNV + patches(16)
P,1000,1,2,c1e8101462b0853e143237e842736b83,2.76624,5.990484,5.495485,-3.2242442376708986,Patch transformer,SNV + patches(16)
P,1000,1,2,380373e1d9e62b8930f2c31d300b7354,21.3,1.0906218,5.495485,20.209378170967103,Patch transformer,SNV + patches(16)
P,1000,1,2,35b98ba8d45d0b4752e7aa690c2239b4,5.22186,10.400665,5.495485,-5.178805283203125,Patch transformer,SNV + patches(16)
P,1000,1,2,8a03b96c084aa54cee73c3ee548c7cde,0.0,8.005238,5.495485,-8.005237579345703,Patch transformer,SNV + patches(16)
P,1000,1,2,cba26cfb3db05dedae29cf880f039ca7,0.0,0.9742925,5.495485,-0.974292516708374,Patch transformer,SNV + patches(16)
P,1000,1,2,276bf0792524ee113e4313fff3bd94e7,1.17419,2.909666,5.495485,-1.7354760614013671,Patch transformer,SNV + patches(16)
P,1000,1,2,5be2dec8b5eb84a3d5fa28eeb8b7fcdd,7.14294,3.3072484,5.495485,3.8356916460418704,Patch transformer,SNV + patches(16)
P,1000,1,2,6e027ed6e0cec4006f5b3eb4482bc72f,0.75724,2.99629,5.495485,-2.2390499684906007,Patch transformer,SNV + patches(16)
P,1000,1,2,252358d87ffae2e30611d0552c97f0fc,51.41516,23.365128,5.495485,28.050032436523438,Patch transformer,SNV + patches(16)
P,1000,1,2,03e00e68bf23942797702429533e71b1,2.9294,13.53722,5.495485,-10.607820001220704,Patch transformer,SNV + patches(16)
P,1000,1,2,dbbb7f854268a372dd2cafb98185597e,90.49324,21.997149,5.495485,68.49609148620605,Patch transformer,SNV + patches(16)
P,1000,1,2,18c7d6a2d64524cbcedba0db3990d3f7,2.0144,16.235258,5.495485,-14.220858102416992,Patch transformer,SNV + patches(16)
P,1000,1,2,076ad84949428864f37e997bc9128917,1.9305,10.394717,5.495485,-8.464217216491699,Patch transformer,SNV + patches(16)
P,1000,1,2,d81b8755180194a6c90a2222b9281ffb,2.96522,5.994822,5.495485,-3.0296020252990723,Patch transformer,SNV + patches(16)
P,1000,1,2,428b6a434673d36ad3a368a4ac53adf1,3.81679,1.956351,5.495485,1.8604389582061769,Patch transformer,SNV + patches(16)
P,1000,1,2,d3464e49c7ce759de3d91b746232e700,46.89845,13.899285,5.495485,32.99916468353271,Patch transformer,SNV + patches(16)
P,1000,1,2,b93d6ff1892f5f13e595e674e1506b8b,0.15443,0.7846472,5.495485,-0.6302172263336181,Patch transformer,SNV + patches(16)
P,1000,1,2,91d82014d53562144553d170cf1dd9cb,0.96495,17.23911,5.495485,-16.27416094665527,Patch transformer,SNV + patches(16)
P,1000,1,2,17f78f704177409a65c62d5e8e11d31a,0.11045,0.818616,5.495485,-0.708165972995758,Patch transformer,SNV + patches(16)
P,1000,1,2,62318da61436043d6228c501f5f9b066,10.10698,19.066172,5.495485,-8.959191646118164,Patch transformer,SNV + patches(16)
P,1000,1,2,400b9a175cb977814551757c378f9cc8,1.59854,2.0023155,5.495485,-0.4037755212402343,Patch transformer,SNV + patches(16)
P,1000,1,2,fb86c0466236f9cbc66884f373078130,1.49289,3.3992648,5.495485,-1.9063748124694824,Patch transformer,SNV + patches(16)
P,1000,1,2,643186fb23ccfa31ff1beedb2f27dfee,12.17629,21.522978,5.495485,-9.346687828979492,Patch transformer,SNV + patches(16)
P,1000,1,2,9e40b310da1b0eb121ecad69d82e38d0,0.65228,1.543963,5.495485,-0.8916829554748535,Patch transformer,SNV + patches(16)
K,1000,1,2,a9fef1c7afb7ecd702b97eea9877847f,0.29413269220932,2.2732055,0.4600650350401555,-1.9790728265132143,Patch transformer,SNV + patches(16)
K,1000,1,2,98f2650032d8e2784cfef807bd8eb1db,0.419458795846335,0.20328532,0.4600650350401555,0.2161734742530504,Patch transformer,SNV + patches(16)
K,1000,1,2,01fc386431af7ef46743dcb5fd1b13bd,0.39992,0.66712767,0.4600650350401555,-0.26720766885757447,Patch transformer,SNV + patches(16)
K,1000,1,2,b06ef2ff977073c8a423f935c3707702,4.67686,0.930699,0.4600650350401555,3.746161009178161,Patch transformer,SNV + patches(16)
K,1000,1,2,d88174e63b46494814d55c01e91daaa4,0.95145531740754,0.5430416,0.4600650350401555,0.40841373053162444,Patch transformer,SNV + patches(16)
K,1000,1,2,d2c3ecadc93aab25e7fa34de2435f03b,5.92081,2.8685288,0.4600650350401555,3.052281157073975,Patch transformer,SNV + patches(16)
K,1000,1,2,5e679b2fd98577dbf032a322e04b7cc1,0.21227,0.38231796,0.4600650350401555,-0.1700479602622986,Patch transformer,SNV + patches(16)
K,1000,1,2,93d8af16cc306e2d3077e97a5d39e234,0.13713,2.2646096,0.4600650350401555,-2.1274795752716065,Patch transformer,SNV + patches(16)
K,1000,1,2,a54c94d278344e81ad0267025f57fa43,0.0,0.28190678,0.4600650350401555,-0.28190678358078003,Patch transformer,SNV + patches(16)
K,1000,1,2,8faafffca19a188f3f01a1a80045ee3e,0.63937,1.4161268,0.4600650350401555,-0.7767568472671509,Patch transformer,SNV + patches(16)
K,1000,1,2,162b3559316de7b2dc7ac29c3e59a718,0.21139,0.56845474,0.4600650350401555,-0.35706474243164066,Patch transformer,SNV + patches(16)
K,1000,1,2,e9a496477ff32b111ac8ef1f6448dec9,0.4578,0.4817043,0.4600650350401555,-0.023904294681549088,Patch transformer,SNV + patches(16)
K,1000,1,2,4859dec60a5e518c6ae010e360aaa43f,0.0,0.023894947,0.4600650350401555,-0.02389494702219963,Patch transformer,SNV + patches(16)
K,1000,1,2,04fcaa7329b712aecb2ac794c961ad79,0.5053,0.77064615,0.4600650350401555,-0.2653461548805237,Patch transformer,SNV + patches(16)
K,1000,1,2,186111e6da3c326211af261df886e7d0,0.80504,2.1940644,0.4600650350401555,-1.3890243787384033,Patch transformer,SNV + patches(16)
K,1000,1,2,64099e20e95e43ef712465b5b12930f1,3.8009,0.37067068,0.4600650350401555,3.4302293237686157,Patch transformer,SNV + patches(16)
K,1000,1,2,b126dd4e0d98b6b6fb3513d7fd0b0e54,0.0686,0.09626417,0.4600650350401555,-0.027664168620109564,Patch transformer,SNV + patches(16)
K,1000,1,2,240c629cc1d23ba8c3f97fee48b615a2,0.67496,1.424409,0.4600650350401555,-0.749449031867981,Patch transformer,SNV + patches(16)
K,1000,1,2,412f2f1d138f9c0f1ba8e2da980c5ea9,0.18582,0.086045004,0.4600650350401555,0.099774995572567,Patch transformer,SNV + patches(16)
K,1000,1,2,4ccdbf99991f857d8a412338b6fa9953,0.83541,1.6525712,0.4600650350401555,-0.8171612013244629,Patch transformer,SNV + patches(16)
K,1000,1,2,2fc52618db0f54af64e6f7c3fcbd5f80,2.14356,1.0484784,0.4600650350401555,1.095081635055542,Patch transformer,SNV + patches(16)
K,1000,1,2,067033af0210e9360e25de3dc9de9ccd,1.49811,0.6007988,0.4600650350401555,0.8973112143135071,Patch transformer,SNV + patches(16)
K,1000,1,2,8731720b1072c100b4ab9728cf84bfab,0.12813,0.19584034,0.4600650350401555,-0.06771034383296967,Patch transformer,SNV + patches(16)
K,1000,1,2,7feb20905e9f4efc12ce8a1557489993,1.59386,0.4578563,0.4600650350401555,1.136003702507019,Patch transformer,SNV + patches(16)
K,1000,1,2,8128d56631a7f6447e40e74dc11ff064,5.60899,2.7139854,0.4600650350401555,2.895004556884766,Patch transformer,SNV + patches(16)
K,1000,1,2,db31232f97981b49ca2c8c2957caf340,0.90174,1.0873041,0.4600650350401555,-0.18556411529541017,Patch transformer,SNV + patches(16)
K,1000,1,2,d09cee4a1c44977d7d98d49fa4624661,0.05748,0.14941913,0.4600650350401555,-0.0919391288948059,Patch transformer,SNV + patches(16)
K,1000,1,2,9453f1f17dd36bfa9c4e50dfcf35adcb,0.2258,0.3343397,0.4600650350401555,-0.10853970808982849,Patch transformer,SNV + patches(16)
K,1000,1,2,b4caee112f48cd4910f34619452c46b2,0.2473,0.51500624,0.4600650350401555,-0.2677062441825867,Patch transformer,SNV + patches(16)
K,1000,1,2,fe9816b5ad430765c8bd5a6bda62a95e,2.41349,0.6193355,0.4600650350401555,1.7941545274162292,Patch transformer,SNV + patches(16)
K,1000,1,2,35ec662104b460940a363f825351e109,1.78116527699627,0.3288896,0.4600650350401555,1.4522756686130913,Patch transformer,SNV + patches(16)
K,1000,1,2,22c715f706441403720a9cb73e8cfb59,1.65342,0.7979789,0.4600650350401555,0.8554411219787597,Patch transformer,SNV + patches(16)
K,1000,1,2,32bc667fb9bb120f30a1198007bbd575,0.36971,0.8670277,0.4600650350401555,-0.4973176999473572,Patch transformer,SNV + patches(16)
K,1000,1,2,4498b77faad0f41e4d301625f46bfd0e,0.90991,0.61224186,0.4600650350401555,0.29766813579559326,Patch transformer,SNV + patches(16)
K,1000,1,2,602ae701fbefa56dafe6dbdca1e75ccc,0.04269,0.20685425,0.4600650350401555,-0.16416425400733947,Patch transformer,SNV + patches(16)
K,1000,1,2,34009f6906da53820c2143e77ce35ab7,0.16838,0.29086772,0.4600650350401555,-0.12248771607398987,Patch transformer,SNV + patches(16)
K,1000,1,2,b40e079751b59225cd8a0fdcf646e5d5,1.64217,1.1039392,0.4600650350401555,0.538230824394226,Patch transformer,SNV + patches(16)
K,1000,1,2,8d9599912269312b6363bb7be5efb7c5,0.1872,0.26240054,0.4600650350401555,-0.0752005377292633,Patch transformer,SNV + patches(16)
K,1000,1,2,fbcc4c6effaa7272a5f83fa6d42086aa,0.22771,0.31891227,0.4600650350401555,-0.09120226768493653,Patch transformer,SNV + patches(16)
K,1000,1,2,2a1c524fa24ba9868f76860af8003a22,0.45219,1.2318107,0.4600650350401555,-0.7796206889724732,Patch transformer,SNV + patches(16)
K,1000,1,2,6edb7c8088d386ffa53e9552bc6a71cd,0.87677,0.4257473,0.4600650350401555,0.45102269484519963,Patch transformer,SNV + patches(16)
K,1000,1,2,b9ef6f14e4b8bbeeb496c9c9263905ff,3.91767,3.1034558,0.4600650350401555,0.8142142180633547,Patch transformer,SNV + patches(16)
K,1000,1,2,34bd1e9a312d4bf84671a0da202772a0,0.9046,0.4116495,0.4600650350401555,0.4929505046367645,Patch transformer,SNV + patches(16)
K,1000,1,2,ae8fcfada4845108055ebcfe0cdd02e4,0.836871451225127,2.215337,0.4600650350401555,-1.3784655868150342,Patch transformer,SNV + patches(16)
K,1000,1,2,db007383b57de630a9a940fbba7d8295,1.43434446774771,3.6082315,0.4600650350401555,-2.1738870767469187,Patch transformer,SNV + patches(16)
K,1000,1,2,613aec5e5aa0315c05dcbe1218854375,0.42331,1.2347031,0.4600650350401555,-0.8113930639648437,Patch transformer,SNV + patches(16)
K,1000,1,2,3d332786462a4019013e1d7404302fb4,0.12096,0.80712104,0.4600650350401555,-0.6861610384368897,Patch transformer,SNV + patches(16)
K,1000,1,2,8ed876de30785a39bb86749cbd780b79,0.06965,0.13424179,0.4600650350401555,-0.06459178957939148,Patch transformer,SNV + patches(16)
K,1000,1,2,455f401321ca53b008a3d0d829078c9a,0.067,0.27911368,0.4600650350401555,-0.21211368012428283,Patch transformer,SNV + patches(16)
K,1000,1,2,c834aaa9a67b0de316a58d4d572cdec1,0.51703,1.9643998,0.4600650350401555,-1.4473698146057128,Patch transformer,SNV + patches(16)
K,1000,1,2,15b43b4eb75ce849305904f83de2745b,0.07015,0.19804554,0.4600650350401555,-0.1278955368757248,Patch transformer,SNV + patches(16)
K,1000,1,2,6379d38f962866ec614aa892f965a2c5,0.42205,0.85772324,0.4600650350401555,-0.4356732360839844,Patch transformer,SNV + patches(16)
K,1000,1,2,29d23181ffc8d70f77cd6d0d9804c336,0.04473,0.2048649,0.4600650350401555,-0.16013490428447724,Patch transformer,SNV + patches(16)
K,1000,1,2,b09d3df6476c9a2bd1260ed99c316ec1,0.15838,0.2597615,0.4600650350401555,-0.1013815122795105,Patch transformer,SNV + patches(16)
K,1000,1,2,7fa6a7587f8e77afc3d006721ea76ade,0.17691,0.2769349,0.4600650350401555,-0.1000248919391632,Patch transformer,SNV + patches(16)
K,1000,1,2,e3e665ce13a14a5da8c3572c2f43169b,0.59319,0.7407159,0.4600650350401555,-0.14752592092514039,Patch transformer,SNV + patches(16)
K,1000,1,2,0c18c20646f9c12e134b58694d80ac6f,0.37687,0.21693888,0.4600650350401555,0.15993111693382261,Patch transformer,SNV + patches(16)
K,1000,1,2,4fbe75a861568cd10e5c3909c3be6b6d,1.64816614660596,1.5930063,0.4600650350401555,0.05515989336346738,Patch transformer,SNV + patches(16)
K,1000,1,2,9d3ea990c16c0dcea361b28113f5c9bd,0.0,0.5251586,0.4600650350401555,-0.5251585841178894,Patch transformer,SNV + patches(16)
K,1000,1,2,2f5a749e92589fd18b41533e81008550,0.0,0.09668237,0.4600650350401555,-0.09668236970901489,Patch transformer,SNV + patches(16)
K,1000,1,2,0316815cbc802093747eeee9c674fbc2,0.70478,2.017664,0.4600650350401555,-1.3128839556884766,Patch transformer,SNV + patches(16)
K,1000,1,2,e8b4942f9fc771fc1bef4b80313ab90c,0.36169,0.5443236,0.4600650350401555,-0.1826336231803894,Patch transformer,SNV + patches(16)
K,1000,1,2,c15302e7f67c1d3279d9a244f5b672da,0.237863829351885,0.06941308,0.4600650350401555,0.16845074854038444,Patch transformer,SNV + patches(16)
K,1000,1,2,a397b492fc6cdab217e438468859d64c,7.41514,2.223502,0.4600650350401555,5.191638079299927,Patch transformer,SNV + patches(16)
K,1000,1,2,f4d9df52b482396a97327fa0a88adfca,2.71425,0.46375635,0.4600650350401555,2.2504936473369597,Patch transformer,SNV + patches(16)
K,1000,1,2,02d757e2f902c3ac8117434b19dcf71f,3.30482,0.6970025,0.4600650350401555,2.607817529506683,Patch transformer,SNV + patches(16)
K,1000,1,2,134267ce6d1628bf9a912936f17da81c,0.09781,0.17012638,0.4600650350401555,-0.07231637853622437,Patch transformer,SNV + patches(16)
K,1000,1,2,090ae092521d9e1c6500909f6739a050,0.60568,0.77906734,0.4600650350401555,-0.17338733751296997,Patch transformer,SNV + patches(16)
K,1000,1,2,cb642067cab47b51cf7b68061a95aaf4,3.49821,2.6357524,0.4600650350401555,0.8624575605010985,Patch transformer,SNV + patches(16)
K,1000,1,2,2ab1b577303006be62bd47ec2acf7ee7,1.16147,0.40916213,0.4600650350401555,0.7523078660678864,Patch transformer,SNV + patches(16)
K,1000,1,2,daab472a9752137c6b6a63779153f156,0.40974,0.43447953,0.4600650350401555,-0.024739534626007087,Patch transformer,SNV + patches(16)
K,1000,1,2,609be570da9e73d0a037ecc579091d84,0.31734,0.9943019,0.4600650350401555,-0.6769619151687623,Patch transformer,SNV + patches(16)
K,1000,1,2,998dbc24f7ffbc16e4ab6154f68111a8,0.19873,0.57337177,0.4600650350401555,-0.37464176799774174,Patch transformer,SNV + patches(16)
K,1000,1,2,ded35db63be8e697119fd9d4f2492569,0.07256,0.32372063,0.4600650350401555,-0.25116063398361205,Patch transformer,SNV + patches(16)
K,1000,1,2,c792621fce64d34c15224e7fa5262a9e,0.18655,0.94429004,0.4600650350401555,-0.757740041923523,Patch transformer,SNV + patches(16)
K,1000,1,2,ae0aa8379ea579d844caead6a4169c60,0.747352805770116,0.44530213,0.4600650350401555,0.3020506769783069,Patch transformer,SNV + patches(16)
K,1000,1,2,7c2379344f309053a2b0d42be398e8ec,0.81765,1.428311,0.4600650350401555,-0.6106609903335571,Patch transformer,SNV + patches(16)
K,1000,1,2,98eee00d43ddd1c634e9be19751162c8,4.64446,1.759619,0.4600650350401555,2.884841002426147,Patch transformer,SNV + patches(16)
K,1000,1,2,34bf2cef6025ea82c3e6aa79622fe546,1.07018,0.8470863,0.4600650350401555,0.2230936896133422,Patch transformer,SNV + patches(16)
K,1000,1,2,35b63077b23340b6dff05365c20a4e84,0.42945,0.10873436,0.4600650350401555,0.3207156381726265,Patch transformer,SNV + patches(16)
K,1000,1,2,a55387be0e406d75dd3bc0c4abefd4a6,0.78549,2.601791,0.4600650350401555,-1.8163009049987793,Patch transformer,SNV + patches(16)
K,1000,1,2,f13486c1fb5def7715becfd4353ba53a,0.3704,1.0542059,0.4600650350401555,-0.6838058944702148,Patch transformer,SNV + patches(16)
K,1000,1,2,05da40be75ccd7e3a3d23d49edeb4547,1.53553,1.7426523,0.4600650350401555,-0.20712229701995843,Patch transformer,SNV + patches(16)
K,1000,1,2,9e4f62e613cd10b03934f40a71963094,0.24106,1.2432636,0.4600650350401555,-1.0022036022567749,Patch transformer,SNV + patches(16)
K,1000,1,2,a7f951d4a73c1d0a2b3439f054dc3aa9,0.09484,0.22685133,0.4600650350401555,-0.13201132920742037,Patch transformer,SNV + patches(16)
K,1000,1,2,04bda56132ad90c6c3b8a547301b9c6c,1.21847664842191,0.39084607,0.4600650350401555,0.8276305747944381,Patch transformer,SNV + patches(16)
K,1000,1,2,fded08c52ae1449d8dc0817f320416c1,0.25988,0.2215318,0.4600650350401555,0.03834820652484894,Patch transformer,SNV + patches(16)
K,1000,1,2,c133a9ed2f32d2ff6be27e1af4172fee,0.0493,0.25639296,0.4600650350401555,-0.2070929557800293,Patch transformer,SNV + patches(16)
K,1000,1,2,7940e5091003b41403d935bdd026f9ff,3.16441,2.0230405,0.4600650350401555,1.1413694669342043,Patch transformer,SNV + patches(16)
K,1000,1,2,40dd734300324a9ed64f8ada018f7317,0.44693,0.4677272,0.4600650350401555,-0.02079721409797669,Patch transformer,SNV + patches(16)
K,1000,1,2,611a631f494a5a6faa825381ab29d54c,0.83699,0.41192526,0.4600650350401555,0.4250647437477112,Patch transformer,SNV + patches(16)
K,1000,1,2,f52127083de5255bdd07bfa5e2f0745b,0.2015,0.058981597,0.4600650350401555,0.14251840257644655,Patch transformer,SNV + patches(16)
K,1000,1,2,5e7294f292f17d31556ae3afef8b2d03,0.68622,0.81047285,0.4600650350401555,-0.12425284603118891,Patch transformer,SNV + patches(16)
K,1000,1,2,61e75ade159042254c326b3a6f1cbf9f,2.92519,1.0601445,0.4600650350401555,1.865045456352234,Patch transformer,SNV + patches(16)
K,1000,1,2,030a8f0fb1d56991da69b7be99700fd0,0.84816,1.355969,0.4600650350401555,-0.507808952178955,Patch transformer,SNV + patches(16)
K,1000,1,2,3d731752c3cf67ced9330891dbd87cfb,1.24254,0.41065598,0.4600650350401555,0.8318840246582031,Patch transformer,SNV + patches(16)
K,1000,1,2,3dfaa690d857dfa8eadf70886f8a4c5c,3.00344,0.65301186,0.4600650350401555,2.3504281415367125,Patch transformer,SNV + patches(16)
K,1000,1,2,dd788fdd1afcfd0cbb840b1eef64e16a,1.78366,0.77204216,0.4600650350401555,1.011617844734192,Patch transformer,SNV + patches(16)
K,1000,1,2,f8b4debeff4b80a0ebde6db843007af1,1.23799,2.5238483,0.4600650350401555,-1.285858295211792,Patch transformer,SNV + patches(16)
K,1000,1,2,095a2407796cbbca946c16e9d8ecd632,0.945828431121796,0.44583616,0.4600650350401555,0.49999227451512185,Patch transformer,SNV + patches(16)
K,1000,1,2,adffd752cb39d861771cd1b06c3cbfcc,1.15146554810988,0.79626787,0.4600650350401555,0.35519768102156224,Patch transformer,SNV + patches(16)
K,1000,1,2,23c2e0496d63817687f9df3f2e5a7ffd,0.53311,1.1498955,0.4600650350401555,-0.6167855488204956,Patch transformer,SNV + patches(16)
K,1000,1,2,ce2730fe38f80cb3118513d512ab3226,1.29576,0.4018791,0.4600650350401555,0.8938808980083466,Patch transformer,SNV + patches(16)
K,1000,1,2,225c881bf19bf2fb606ba872e3f78488,0.04489,0.06858281,0.4600650350401555,-0.02369281046152115,Patch transformer,SNV + patches(16)
K,1000,1,2,33437ea4507d472a837bf8c2de79cf70,0.24263,0.2043005,0.4600650350401555,0.038329506998062146,Patch transformer,SNV + patches(16)
K,1000,1,2,b3a0dea1a5796f3c0574702237169065,0.50033,0.9076409,0.4600650350401555,-0.4073108743858337,Patch transformer,SNV + patches(16)
K,1000,1,2,4e2902193e4f4e6d278787a9e1d7077c,0.34917,0.6361696,0.4600650350401555,-0.28699961240768435,Patch transformer,SNV + patches(16)
K,1000,1,2,5daf0f304a7626620ace1d18500e44b2,1.16374239091514,0.5464316,0.4600650350401555,0.6173107898676242,Patch transformer,SNV + patches(16)
K,1000,1,2,aaf1cc3f7d2da175f29e292634911138,0.36006,0.40205166,0.4600650350401555,-0.04199165743827821,Patch transformer,SNV + patches(16)
K,1000,1,2,10cdfba3a240e0897332d6a5286136b2,0.33581,1.176343,0.4600650350401555,-0.8405329641723633,Patch transformer,SNV + patches(16)
K,1000,1,2,1bbc415aa46c2d96d8fc7f68da3386fa,2.2303,3.4663095,0.4600650350401555,-1.2360095474243162,Patch transformer,SNV + patches(16)
K,1000,1,2,9df9da18d3646d438df8787f56dfc1da,0.29413,1.092861,0.4600650350401555,-0.7987310563278198,Patch transformer,SNV + patches(16)
K,1000,1,2,e44561cd6a8e20b7c9606f8a83c180d2,0.1126,0.41672713,0.4600650350401555,-0.3041271256446838,Patch transformer,SNV + patches(16)
K,1000,1,2,cf441619fc4ce49280348ad5f2a17ab6,0.18695,0.14191486,0.4600650350401555,0.04503514058589936,Patch transformer,SNV + patches(16)
K,1000,1,2,1ced3ac2735736f8fb8cb870ddccd9f1,1.11361194946033,0.41299403,0.4600650350401555,0.7006179223225737,Patch transformer,SNV + patches(16)
K,1000,1,2,83e9cadf14fd18fc4725123a6b0c6c6a,4.00634303544938,0.7214167,0.4600650350401555,3.2849263236421287,Patch transformer,SNV + patches(16)
K,1000,1,2,1bcb55594443d516ebda0705b04f84f4,2.40965,0.564042,0.4600650350401555,1.8456080278396607,Patch transformer,SNV + patches(16)
K,1000,1,2,51f9c435c74a91b287a2b4f862fb55a5,0.95022,0.5636554,0.4600650350401555,0.3865646235656738,Patch transformer,SNV + patches(16)
K,1000,1,2,9cc8b87044b84c3930bb123508311620,0.27329,1.0317521,0.4600650350401555,-0.7584621095275879,Patch transformer,SNV + patches(16)
K,1000,1,2,b062214367654eab4b39d4af12a83e18,0.8687,0.8996769,0.4600650350401555,-0.030976918983459445,Patch transformer,SNV + patches(16)
K,1000,1,2,fab0c8d4f178d681b22be59ab44cea4f,3.20347,0.8082524,0.4600650350401555,2.3952176058006285,Patch transformer,SNV + patches(16)
K,1000,1,2,c2b3259d9ab0ad2b0ebc75745bff9d92,0.60171,0.33383173,0.4600650350401555,0.26787827249526974,Patch transformer,SNV + patches(16)
K,1000,1,2,3f735ec7c3a433cb15bfb6ece409f8ba,0.77775,1.6381552,0.4600650350401555,-0.8604052219390869,Patch transformer,SNV + patches(16)
K,1000,1,2,636244f2c5e8b1a9a177037c52e36e7b,1.22973,0.9837982,0.4600650350401555,0.24593179414749144,Patch transformer,SNV + patches(16)
K,1000,1,2,9505c62b83f8c76195a309efe90ab040,2.20339,3.1414921,0.4600650350401555,-0.9381021283721922,Patch transformer,SNV + patches(16)
K,1000,1,2,610635653f17feb5ebd0e95c6348acfe,0.65572,0.30062997,0.4600650350401555,0.3550900265884399,Patch transformer,SNV + patches(16)
K,1000,1,2,ab23985296116afa78786e66647647ae,0.0,0.3303881,0.4600650350401555,-0.3303880989551544,Patch transformer,SNV + patches(16)
K,1000,1,2,f49e6f826f10bdb241c0d3a1d9a843c7,0.0,0.468819,0.4600650350401555,-0.4688189923763275,Patch transformer,SNV + patches(16)
K,1000,1,2,95c3cc5f7b1d214d420c5742de284b28,0.56205,0.93025184,0.4600650350401555,-0.36820183677673335,Patch transformer,SNV + patches(16)
K,1000,1,2,0397b23c44cc2c4032aa58a525fa7010,0.09328,0.11381647,0.4600650350401555,-0.02053646990776062,Patch transformer,SNV + patches(16)
K,1000,1,2,b12c580878272a24cf3ce8a14f99070f,0.17128,0.24562788,0.4600650350401555,-0.07434788009643556,Patch transformer,SNV + patches(16)
K,1000,1,2,423de6e28d44dad18cb16d8d91acb75a,1.33729,0.8903417,0.4600650350401555,0.4469483008766175,Patch transformer,SNV + patches(16)
K,1000,1,2,5abf73f113cd62ad49b62615c96cbaca,1.19395,1.6980796,0.4600650350401555,-0.5041295860290527,Patch transformer,SNV + patches(16)
K,1000,1,2,2e247ae51fa5d70613ddeae968630979,0.692107013146453,0.6898016,0.4600650350401555,0.0023054393930960204,Patch transformer,SNV + patches(16)
K,1000,1,2,e94b682ffd2b6c8f4afcf0015bc84ed2,0.25746,0.38760164,0.4600650350401555,-0.13014164380073545,Patch transformer,SNV + patches(16)
K,1000,1,2,6b18e69b6b616e1badbdc1bee9042062,0.06392,0.14457157,0.4600650350401555,-0.08065157254219055,Patch transformer,SNV + patches(16)
K,1000,1,2,9be85540581becad235370717b8c27fd,0.57683,0.6454791,0.4600650350401555,-0.06864908306121831,Patch transformer,SNV + patches(16)
K,1000,1,2,5354092a65fdaf270f745e78f5144395,0.1227,0.25130296,0.4600650350401555,-0.12860295753479004,Patch transformer,SNV + patches(16)
K,1000,1,2,f02b2c9315000feb384753d908b30b40,1.82182,1.0156431,0.4600650350401555,0.8061768801879883,Patch transformer,SNV + patches(16)
K,1000,1,2,221a76aad9fb4116275c510b446c4598,0.23701,0.25612408,0.4600650350401555,-0.01911407922744751,Patch transformer,SNV + patches(16)
K,1000,1,2,c734a3cae4642e63de52e5f2c68863ce,0.15575,0.061960794,0.4600650350401555,0.09378920596837997,Patch transformer,SNV + patches(16)
K,1000,1,2,449fb72b25cdc75c9139924474ab91f2,0.15874,1.5884079,0.4600650350401555,-1.429667874107361,Patch transformer,SNV + patches(16)
K,1000,1,2,ae251bfcba4907b52d586f1140aa17b5,0.96296,0.54823285,0.4600650350401555,0.41472714658737186,Patch transformer,SNV + patches(16)
K,1000,1,2,b2941b632785372c0e1418b800194d95,0.87325,0.8354598,0.4600650350401555,0.03779017162322995,Patch transformer,SNV + patches(16)
K,1000,1,2,03815a2ee802c561b20caff5441bee97,0.82434,0.9294324,0.4600650350401555,-0.10509239212036137,Patch transformer,SNV + patches(16)
K,1000,1,2,3940c9faacecdd263f5549c73f2914b2,0.56858,1.8237736,0.4600650350401555,-1.2551936225128175,Patch transformer,SNV + patches(16)
K,1000,1,2,657d66e9fddc9c4e1d39febdb96116de,1.99435,0.9163999,0.4600650350401555,1.0779501038551331,Patch transformer,SNV + patches(16)
K,1000,1,2,55f2b208a1b82be0515b5a7c182f3b89,0.600542227223899,0.34283486,0.4600650350401555,0.257707367137458,Patch transformer,SNV + patches(16)
K,1000,1,2,3c2b26c131af8477e2476ce5f0ad9a2a,0.0,0.16197813,0.4600650350401555,-0.1619781255722046,Patch transformer,SNV + patches(16)
K,1000,1,2,4ceb6af9f83391a4a0204ebc5a1ea3d6,0.09607,0.41135114,0.4600650350401555,-0.31528114431381227,Patch transformer,SNV + patches(16)
K,1000,1,2,388ef6efdf5a8450b3be1b232f235359,0.50607,0.9675827,0.4600650350401555,-0.46151270263671873,Patch transformer,SNV + patches(16)
K,1000,1,2,6a0c327551c649e439e75207fd0c9dea,0.25537,0.27264708,0.4600650350401555,-0.01727708280563356,Patch transformer,SNV + patches(16)
K,1000,1,2,663a4ae7d3046b73f1c3254f2574cf19,1.68358,0.33751237,0.4600650350401555,1.3460676260757447,Patch transformer,SNV + patches(16)
K,1000,1,2,dbaa7cfc185ea2895116957bf614b867,0.0,0.11457223,0.4600650350401555,-0.11457222700119019,Patch transformer,SNV + patches(16)
K,1000,1,2,bcf60c083aa40544d7d0c7a3e868f422,0.20631,0.37552643,0.4600650350401555,-0.16921642822265626,Patch transformer,SNV + patches(16)
K,1000,1,2,24f01c396d6c358d591a99496e72bf4e,0.43089,1.7677482,0.4600650350401555,-1.336858236656189,Patch transformer,SNV + patches(16)
K,1000,1,2,e28629c2e9c1efe0e158a0c3a547086c,0.11573,0.16568883,0.4600650350401555,-0.04995882763385773,Patch transformer,SNV + patches(16)
K,1000,1,2,763902a700685d5c514d41f647e733c3,0.44718,0.720396,0.4600650350401555,-0.2732159822654724,Patch transformer,SNV + patches(16)
K,1000,1,2,f65112d86f9e74fed8e25924e81d5771,2.27321,1.0697533,0.4600650350401555,1.203456710777283,Patch transformer,SNV + patches(16)
K,1000,1,2,c16886c485b9c66933fd0614713fad0d,0.59613,0.8745978,0.4600650350401555,-0.2784677878570556,Patch transformer,SNV + patches(16)
K,1000,1,2,62212814fc76edd611fbce65794fdcdc,0.38229,0.8297837,0.4600650350401555,-0.44749367805480955,Patch transformer,SNV + patches(16)
K,1000,1,2,2f2224b706cd4b6e6fba4424e875dea0,0.17491,0.7478003,0.4600650350401555,-0.5728902905845642,Patch transformer,SNV + patches(16)
K,1000,1,2,c848a6cc3f10c191eaf18225c5eabdef,0.7927,1.3287072,0.4600650350401555,-0.536007218170166,Patch transformer,SNV + patches(16)
K,1000,1,2,61109d6b54c5607c0a202589a3587805,0.29445,1.2141602,0.4600650350401555,-0.9197102039337158,Patch transformer,SNV + patches(16)
K,1000,1,2,60c3e7a46f9c979a56f438710e9baa75,0.74923,1.8746216,0.4600650350401555,-1.125391629714966,Patch transformer,SNV + patches(16)
K,1000,1,2,5d60d1b85cbe4410ba5bcdb8416e0297,0.06683,0.26601723,0.4600650350401555,-0.19918722836494446,Patch transformer,SNV + patches(16)
K,1000,1,2,0007baeacbd7351ca6e13e1174b21d44,7.88817,5.9707503,0.4600650350401555,1.9174196681213376,Patch transformer,SNV + patches(16)
K,1000,1,2,f406be8ff9788d8f3d596597b264c14d,2.93054,3.153714,0.4600650350401555,-0.22317394157409653,Patch transformer,SNV + patches(16)
K,1000,1,2,47781cd91022284c03ddfa253730b707,2.34766,1.3671405,0.4600650350401555,0.9805194684600829,Patch transformer,SNV + patches(16)
K,1000,1,2,e4e1c2166b14644b697abf5954cf2306,0.69638,0.49659696,0.4600650350401555,0.19978303778648376,Patch transformer,SNV + patches(16)
K,1000,1,2,15e2d62257929c04c8a7da80bf898e89,1.04849,1.0377679,0.4600650350401555,0.010722112884521406,Patch transformer,SNV + patches(16)
K,1000,1,2,45d187672ef73d2f61a35c4540641edb,2.71586,1.5606301,0.4600650350401555,1.1552299169158937,Patch transformer,SNV + patches(16)
K,1000,1,2,d361354baf4e900a0d589abd7b5a5a67,4.35582,2.4919736,0.4600650350401555,1.8638463614654537,Patch transformer,SNV + patches(16)
K,1000,1,2,c92eaaa8a8d4faf84d59f5572bd7affe,1.67776,1.0623959,0.4600650350401555,0.6153640697097778,Patch transformer,SNV + patches(16)
K,1000,1,2,d4c2941ea25c5d35a480d5aaf4180ba9,0.06973,0.35089976,0.4600650350401555,-0.2811697559547424,Patch transformer,SNV + patches(16)
K,1000,1,2,482527709d14fe2e1012910e52bf50e3,1.44233,1.1856865,0.4600650350401555,0.2566435309219359,Patch transformer,SNV + patches(16)
K,1000,1,2,c1e8101462b0853e143237e842736b83,0.36498,0.3818632,0.4600650350401555,-0.016883206624984715,Patch transformer,SNV + patches(16)
K,1000,1,2,380373e1d9e62b8930f2c31d300b7354,1.41746380889048,0.77188027,0.4600650350401555,0.6455835398398819,Patch transformer,SNV + patches(16)
K,1000,1,2,35b98ba8d45d0b4752e7aa690c2239b4,0.25697,0.27267522,0.4600650350401555,-0.015705216197967553,Patch transformer,SNV + patches(16)
K,1000,1,2,8a03b96c084aa54cee73c3ee548c7cde,3.99815847357921,1.3597145,0.4600650350401555,2.6384439655225695,Patch transformer,SNV + patches(16)
K,1000,1,2,cba26cfb3db05dedae29cf880f039ca7,0.06868,0.059773803,0.4600650350401555,0.008906197242736821,Patch transformer,SNV + patches(16)
K,1000,1,2,276bf0792524ee113e4313fff3bd94e7,0.33778,0.6605756,0.4600650350401555,-0.3227956282806396,Patch transformer,SNV + patches(16)
K,1000,1,2,5be2dec8b5eb84a3d5fa28eeb8b7fcdd,0.32371,0.69122887,0.4600650350401555,-0.36751886657714844,Patch transformer,SNV + patches(16)
K,1000,1,2,6e027ed6e0cec4006f5b3eb4482bc72f,0.24456,0.16300383,0.4600650350401555,0.0815561678981781,Patch transformer,SNV + patches(16)
K,1000,1,2,252358d87ffae2e30611d0552c97f0fc,1.14327,1.6445414,0.4600650350401555,-0.5012713827896118,Patch transformer,SNV + patches(16)
K,1000,1,2,03e00e68bf23942797702429533e71b1,3.80619,3.0959723,0.4600650350401555,0.7102177004241943,Patch transformer,SNV + patches(16)
K,1000,1,2,dbbb7f854268a372dd2cafb98185597e,1.3865,2.179961,0.4600650350401555,-0.7934609661102294,Patch transformer,SNV + patches(16)
K,1000,1,2,18c7d6a2d64524cbcedba0db3990d3f7,1.97247,1.0850863,0.4600650350401555,0.8873836543273925,Patch transformer,SNV + patches(16)
K,1000,1,2,076ad84949428864f37e997bc9128917,1.21366,1.5368973,0.4600650350401555,-0.3232373016738892,Patch transformer,SNV + patches(16)
K,1000,1,2,d81b8755180194a6c90a2222b9281ffb,2.52435,1.3240438,0.4600650350401555,1.2003062492370606,Patch transformer,SNV + patches(16)
K,1000,1,2,428b6a434673d36ad3a368a4ac53adf1,0.06734,0.09470872,0.4600650350401555,-0.02736871835947037,Patch transformer,SNV + patches(16)
K,1000,1,2,d3464e49c7ce759de3d91b746232e700,0.70274,0.86098045,0.4600650350401555,-0.15824045110702512,Patch transformer,SNV + patches(16)
K,1000,1,2,b93d6ff1892f5f13e595e674e1506b8b,0.06929,0.10757896,0.4600650350401555,-0.03828896304130554,Patch transformer,SNV + patches(16)
K,1000,1,2,91d82014d53562144553d170cf1dd9cb,0.11364,1.0661285,0.4600650350401555,-0.9524884923553467,Patch transformer,SNV + patches(16)
K,1000,1,2,17f78f704177409a65c62d5e8e11d31a,0.0087,0.14359716,0.4600650350401555,-0.13489715580940248,Patch transformer,SNV + patches(16)
K,1000,1,2,62318da61436043d6228c501f5f9b066,0.68216,1.211516,0.4600650350401555,-0.52935602268219,Patch transformer,SNV + patches(16)
K,1000,1,2,400b9a175cb977814551757c378f9cc8,0.09183,0.14992249,0.4600650350401555,-0.05809249011993409,Patch transformer,SNV + patches(16)
K,1000,1,2,fb86c0466236f9cbc66884f373078130,0.01431,0.08547728,0.4600650350401555,-0.07116727763652801,Patch transformer,SNV + patches(16)
K,1000,1,2,643186fb23ccfa31ff1beedb2f27dfee,5.53338,4.0944157,0.4600650350401555,1.4389643353271486,Patch transformer,SNV + patches(16)
K,1000,1,2,9e40b310da1b0eb121ecad69d82e38d0,0.18121,0.70988816,0.4600650350401555,-0.5286781602287293,Patch transformer,SNV + patches(16)
N,1000,1,3,2a70fd5d10ad11d40aa7dc7c2bd08c6b,0.15,0.067027315,0.16355999999999998,0.08297268450260162,Patch transformer,SNV + patches(16)
N,1000,1,3,836e490b36d38c7ede978670a87f373c,0.11,0.08946589,0.16355999999999998,0.02053411364555359,Patch transformer,SNV + patches(16)
N,1000,1,3,9bf40fbc33c25dcf39d7b57bd6fc29b0,0.01018,0.07490909,0.16355999999999998,-0.06472909099578858,Patch transformer,SNV + patches(16)
N,1000,1,3,7fef387ff08f0b2326a8afa69c3985fc,0.04545,0.13561288,0.16355999999999998,-0.0901628752231598,Patch transformer,SNV + patches(16)
N,1000,1,3,0eeb39bc2910755db03181cf10c0c2ba,0.0,0.014748751,0.16355999999999998,-0.014748751185834408,Patch transformer,SNV + patches(16)
N,1000,1,3,9e69bb72cbea5a83216fdf89f7bc688b,0.07727,0.39429164,0.16355999999999998,-0.3170216393280029,Patch transformer,SNV + patches(16)
N,1000,1,3,d0d71d3eccc407738b0ae371f32a31a0,0.30446,0.14833179,0.16355999999999998,0.15612820883750916,Patch transformer,SNV + patches(16)
N,1000,1,3,4398ab81f3375b3c43861282040717d5,0.03458,0.02934776,0.16355999999999998,0.005232239397168159,Patch transformer,SNV + patches(16)
N,1000,1,3,65751894b2651a4ea9150d001b6b269a,1.23418,0.73959595,0.16355999999999998,0.49458405035018926,Patch transformer,SNV + patches(16)
N,1000,1,3,d246ecb2db1de88b809710d98456b02c,0.97178,1.2035432,0.16355999999999998,-0.23176318618774416,Patch transformer,SNV + patches(16)
N,1000,1,3,bc9350958e979068ecea1ca1db7a83d1,1.16226,0.072800994,0.16355999999999998,1.0894590060806275,Patch transformer,SNV + patches(16)
N,1000,1,3,7696cf4581ce7e708547572ae05362fe,0.61,0.5377272,0.16355999999999998,0.07227282285690306,Patch transformer,SNV + patches(16)
N,1000,1,3,0a28321e068f9a8574a41d937943e9f7,0.12,0.10075936,0.16355999999999998,0.019240642786025997,Patch transformer,SNV + patches(16)
N,1000,1,3,f917123e0bedd68406229288befd3fb1,0.0,0.011226168,0.16355999999999998,-0.011226167902350426,Patch transformer,SNV + patches(16)
N,1000,1,3,bc720b9a91a11919f13be41af81568b3,0.01011,0.030241737,0.16355999999999998,-0.020131737142205237,Patch transformer,SNV + patches(16)
N,1000,1,3,978c2fda07a9b6177057274456692be8,0.03702,0.09049995,0.16355999999999998,-0.05347995243549347,Patch transformer,SNV + patches(16)
N,1000,1,3,bf64cb8289dd48b77e9cdb4a7931195a,0.06039,0.027861431,0.16355999999999998,0.03252856875896454,Patch transformer,SNV + patches(16)
N,1000,1,3,e784b262bfa3de6b8cd330d659ebf5df,2.43981,2.4120317,0.16355999999999998,0.027778349456787144,Patch transformer,SNV + patches(16)
N,1000,1,3,12eabe86c6939f157f4d47945debbe71,0.0,0.002556935,0.16355999999999998,-0.002556934952735901,Patch transformer,SNV + patches(16)
N,1000,1,3,412cbf2c090f0135a2dd7d26a16ac46b,0.25,0.28846872,0.16355999999999998,-0.03846871852874756,Patch transformer,SNV + patches(16)
N,1000,1,3,59c704cc8e2b4ee050ea8a34bff1eadd,0.33,0.22757526,0.16355999999999998,0.10242474257946016,Patch transformer,SNV + patches(16)
N,1000,1,3,51c963bad01d047d23f6b6921cf5a237,0.15319,0.14252676,0.16355999999999998,0.010663239302635186,Patch transformer,SNV + patches(16)
N,1000,1,3,277863bfb0bccfdf32cbf71d40f4adda,0.3046,0.32683375,0.16355999999999998,-0.022233754777908343,Patch transformer,SNV + patches(16)
N,1000,1,3,f1e6f9a39db8847f9d921dd6d79d1e1b,2.67729,2.3697329,0.16355999999999998,0.3075571432495119,Patch transformer,SNV + patches(16)
N,1000,1,3,9bd8d4d5efc849ccca622c214e38d240,0.80567,2.2628498,0.16355999999999998,-1.4571798077392577,Patch transformer,SNV + patches(16)
N,1000,1,3,2d38365df4243154e4b37a0277ff8dda,0.10839,0.0047629597,0.16355999999999998,0.10362704033344984,Patch transformer,SNV + patches(16)
N,1000,1,3,8103b882b97ff175ecc061989ede5024,0.00834,0.0331011,0.16355999999999998,-0.024761100474596023,Patch transformer,SNV + patches(16)
N,1000,1,3,4c2300ed191ef49b9b7f47e7a60a1bc2,0.15,0.20950639,0.16355999999999998,-0.05950639247894288,Patch transformer,SNV + patches(16)
N,1000,1,3,2763015fcb5add9733f51b583da845a7,0.2698,0.274846,0.16355999999999998,-0.005045987558364884,Patch transformer,SNV + patches(16)
N,1000,1,3,47f2965e95d7c12e0d0ee0382f6fdbc0,0.05115,0.031972785,0.16355999999999998,0.019177215451002122,Patch transformer,SNV + patches(16)
N,1000,1,3,015d0847da9241dc820978eea55a4883,0.09935,0.16092634,0.16355999999999998,-0.06157634201049805,Patch transformer,SNV + patches(16)
N,1000,1,3,930b7645ed893cab06e2207d2334a4a1,0.16,0.08197005,0.16355999999999998,0.07802994906902314,Patch transformer,SNV + patches(16)
N,1000,1,3,89dc66b8bc31070a6770a8388238c48b,1.44048,1.5321954,0.16355999999999998,-0.09171544887542726,Patch transformer,SNV + patches(16)
N,1000,1,3,a31d352f1721ec6c85212615b482d380,0.2037,0.22956592,0.16355999999999998,-0.025865918445587166,Patch transformer,SNV + patches(16)
N,1000,1,3,2f27bd23d4523bb14a09b69976fb5980,0.37747,0.37861228,0.16355999999999998,-0.0011422798919677457,Patch transformer,SNV + patches(16)
N,1000,1,3,e698b52d2c065293b77fd39de18b4128,0.0242,0.012392595,0.16355999999999998,0.011807404589653014,Patch transformer,SNV + patches(16)
N,1000,1,3,2a56a36cc5f31ed2e1f4dd2e493b9add,0.11134,0.022793936,0.16355999999999998,0.08854606438815593,Patch transformer,SNV + patches(16)
N,1000,1,3,0b8f88e9a2d3336d7afc197291e928a0,0.01008,0.037296228,0.16355999999999998,-0.027216228110790254,Patch transformer,SNV + patches(16)
N,1000,1,3,10932e3ec6a286328b29c7185161062e,1.00231,2.2371848,0.16355999999999998,-1.2348747629547119,Patch transformer,SNV + patches(16)
N,1000,1,3,a269ef5b2e8943e92cbc4064db60fb50,0.33118,0.17620353,0.16355999999999998,0.15497646599292753,Patch transformer,SNV + patches(16)
N,1000,1,3,40dc35546eb0ecd8851a80cf181c1e4c,0.45149,0.22824901,0.16355999999999998,0.22324098657608032,Patch transformer,SNV + patches(16)
N,1000,1,3,564495f729adafaf675ee60508af6972,0.01136,0.007819369,0.16355999999999998,0.0035406305646896365,Patch transformer,SNV + patches(16)
N,1000,1,3,9548ce376d3eef78228e448d91fd2982,0.01796,0.0393694,0.16355999999999998,-0.021409400590658188,Patch transformer,SNV + patches(16)
N,1000,1,3,a876390403673411d1fae50324ec5e4f,0.09061,0.016449314,0.16355999999999998,0.07416068638920784,Patch transformer,SNV + patches(16)
N,1000,1,3,1509e93572589439fca17c9d84fa189c,0.15509,0.051849578,0.16355999999999998,0.103240422424078,Patch transformer,SNV + patches(16)
N,1000,1,3,a2a8a0979fc6dd9c5bc20a00827eff7c,0.54787,0.45641184,0.16355999999999998,0.09145816146850583,Patch transformer,SNV + patches(16)
N,1000,1,3,2bd8efb0ed603ea05eb3cb356ee24c86,0.115874467049547,0.34174603,0.16355999999999998,-0.22587156518845958,Patch transformer,SNV + patches(16)
N,1000,1,3,f405eaf8cd6147de20b9a4ba58474051,0.0654,0.07548034,0.16355999999999998,-0.010080341911315918,Patch transformer,SNV + patches(16)
N,1000,1,3,b4381858fc9b76b89165544f2afeee86,0.02005,0.0070398026,0.16355999999999998,0.013010197385400532,Patch transformer,SNV + patches(16)
N,1000,1,3,2f2094747b4b62d53b208ebe0f78bd5f,0.08389,0.047745198,0.16355999999999998,0.03614480198860169,Patch transformer,SNV + patches(16)
N,1000,1,3,11ccc178396aa3aeaeac8a385bfa1dd8,0.21647,0.41227993,0.16355999999999998,-0.19580993369102478,Patch transformer,SNV + patches(16)
N,1000,1,3,a7020121ef583d89be2614e54edf4a1e,0.02504,0.04171681,0.16355999999999998,-0.016676810315847397,Patch transformer,SNV + patches(16)
N,1000,1,3,619cd81230d4626b2b144aba9e2e10eb,0.37419,0.08864545,0.16355999999999998,0.2855445492291451,Patch transformer,SNV + patches(16)
N,1000,1,3,b268e08e6255f4aae8dc90fe22c8435f,0.07078,0.020003954,0.16355999999999998,0.050776046051383014,Patch transformer,SNV + patches(16)
N,1000,1,3,204544fd5526e6e0c712a61a34d7352f,0.14282,0.050359793,0.16355999999999998,0.09246020699262619,Patch transformer,SNV + patches(16)
N,1000,1,3,de90184cbb51e9c7f8f7debee56ef76e,1.29771,1.5785285,0.16355999999999998,-0.2808185234451295,Patch transformer,SNV + patches(16)
N,1000,1,3,e6d35ed6f409d4e1cdceb6bc00f448f5,0.02034,0.04122361,0.16355999999999998,-0.020883611682653427,Patch transformer,SNV + patches(16)
N,1000,1,3,48a2251751dc4d72463945b3fd5966d2,0.42893,0.1559898,0.16355999999999998,0.27294020407676695,Patch transformer,SNV + patches(16)
N,1000,1,3,fd600db4bffa3203140536951e98429e,0.71694,0.19681118,0.16355999999999998,0.5201288157129288,Patch transformer,SNV + patches(16)
N,1000,1,3,2db2985a5a4e1c26188177f33319d7a8,0.01616,0.028134773,0.16355999999999998,-0.011974772554039954,Patch transformer,SNV + patches(16)
N,1000,1,3,68456d5f832f6d951ef6ba1a3cc9f49a,1.91017,2.5106797,0.16355999999999998,-0.6005097218322755,Patch transformer,SNV + patches(16)
N,1000,1,3,33f782d7084f4715fbb743401feb63eb,0.56544,0.21667764,0.16355999999999998,0.3487623640918732,Patch transformer,SNV + patches(16)
N,1000,1,3,a7a61aa23d25763bc591eabb5d3b0375,0.55041,0.08876553,0.16355999999999998,0.4616444682216644,Patch transformer,SNV + patches(16)
N,1000,1,3,76679246d9439cf1e56b75b02ec18b67,0.36052,0.26135045,0.16355999999999998,0.09916954710006715,Patch transformer,SNV + patches(16)
N,1000,1,3,b42d1ce1ee649818030182524c9084d9,0.16,0.20933703,0.16355999999999998,-0.049337025880813595,Patch transformer,SNV + patches(16)
N,1000,1,3,2b1f82b96b5fe20da26cf7d671f79b05,0.26026,0.37708315,0.16355999999999998,-0.11682315253257752,Patch transformer,SNV + patches(16)
N,1000,1,3,e40e038291fc455e20f5b4503af46819,0.08187,0.09434297,0.16355999999999998,-0.012472969357967378,Patch transformer,SNV + patches(16)
N,1000,1,3,8501f952b5a1ed0b04c047af5345fa66,0.08,0.035625014,0.16355999999999998,0.044374985545873644,Patch transformer,SNV + patches(16)
N,1000,1,3,72e4eb97049b5b32e3995b13e6668bdf,0.5622,0.35036403,0.16355999999999998,0.2118359705924988,Patch transformer,SNV + patches(16)
N,1000,1,3,961d47cf7d10e023c65877bb6930c08b,0.06003,0.027331654,0.16355999999999998,0.032698346017599106,Patch transformer,SNV + patches(16)
N,1000,1,3,a7a0e7efa50464fd2f4bb63acd696b46,0.04494,0.046068124,0.16355999999999998,-0.0011281244730949394,Patch transformer,SNV + patches(16)
N,1000,1,3,e946e8215510f8fbb4938449671a7c09,0.0301,-0.00810078,0.16355999999999998,0.03820077972710133,Patch transformer,SNV + patches(16)
N,1000,1,3,49d23efa0ea7d49fdacc9eadf3d396f8,0.0,0.021772336,0.16355999999999998,-0.021772336214780807,Patch transformer,SNV + patches(16)
N,1000,1,3,b45c6c79944dac733605d6bc6b6f4fb0,0.25718,0.12397456,0.16355999999999998,0.13320543830871584,Patch transformer,SNV + patches(16)
N,1000,1,3,06db6299b5aa1b93bcbb612d03caad29,0.06013,0.020648606,0.16355999999999998,0.03948139387845993,Patch transformer,SNV + patches(16)
N,1000,1,3,efd37415e003bb77ce1b1e819e6f4bd6,0.14135,0.13624796,0.16355999999999998,0.005102037286758426,Patch transformer,SNV + patches(16)
N,1000,1,3,bab4fb9242f27adcfb5b11383b58a4ec,0.21264,0.13901426,0.16355999999999998,0.07362574101924896,Patch transformer,SNV + patches(16)
N,1000,1,3,a45ea1b8847e988eccb4e35e9155cae9,0.18199,0.07863038,0.16355999999999998,0.10335961966753007,Patch transformer,SNV + patches(16)
N,1000,1,3,f007d24039ca3224069368bb055313f4,0.65719,0.33841175,0.16355999999999998,0.3187782515907288,Patch transformer,SNV + patches(16)
N,1000,1,3,6231bbc9151eb30c4e5f02ccdb1045a4,1.42517,2.216349,0.16355999999999998,-0.7911788864898681,Patch transformer,SNV + patches(16)
N,1000,1,3,6d2078f7aebf286e05ae5f2f3aac738d,0.35074,0.07170834,0.16355999999999998,0.2790316635274887,Patch transformer,SNV + patches(16)
N,1000,1,3,bdd9129eba75b1b86c0287ca09478c86,0.0,0.016436107,0.16355999999999998,-0.016436107456684113,Patch transformer,SNV + patches(16)
N,1000,1,3,4c9eb31424f7c22d84a6018275476d1f,1.4059,1.9084535,0.16355999999999998,-0.5025534645080567,Patch transformer,SNV + patches(16)
N,1000,1,3,30b51373acddad3c2e5b6e51dca20089,0.19374,0.16009401,0.16355999999999998,0.0336459921503067,Patch transformer,SNV + patches(16)
N,1000,1,3,acdec1cc1ecb1ff3f1e59000c8246fbf,0.11889,0.054137945,0.16355999999999998,0.0647520548248291,Patch transformer,SNV + patches(16)
N,1000,1,3,7b60d0fe87d35eead47b8b62a58fd621,0.05299,0.028786924,0.16355999999999998,0.024203076263666155,Patch transformer,SNV + patches(16)
N,1000,1,3,c6eb847b3c843a0e90f7daa159b57277,0.06188,0.11339811,0.16355999999999998,-0.05151811235666275,Patch transformer,SNV + patches(16)
N,1000,1,3,d00b9db19387a9bdad3aa3cc5a014587,0.81842,0.68117344,0.16355999999999998,0.13724655620574955,Patch transformer,SNV + patches(16)
N,1000,1,3,357f2707aa63c6907c9c3dc27355b641,0.10447,0.085601605,0.16355999999999998,0.01886839452505111,Patch transformer,SNV + patches(16)
N,1000,1,3,32d5d32cb9f549bb25e7c356ac40416d,2.84064,2.1294315,0.16355999999999998,0.7112085138702393,Patch transformer,SNV + patches(16)
N,1000,1,3,2b394cf78bf48f7d5c25b936e5c45822,0.02005,-0.004467551,0.16355999999999998,0.024517551130801438,Patch transformer,SNV + patches(16)
N,1000,1,3,6341bcabedfe88338a12f8bc71ee3b5a,0.25444,0.20666869,0.16355999999999998,0.04777131015300751,Patch transformer,SNV + patches(16)
N,1000,1,3,7b95246557936f22ed21dcc61e08aa96,0.06102,0.022997757,0.16355999999999998,0.03802224258005619,Patch transformer,SNV + patches(16)
N,1000,1,3,620f96b684a7d783ffffb78553ad3c41,0.2,0.04920809,0.16355999999999998,0.1507919102907181,Patch transformer,SNV + patches(16)
N,1000,1,3,ac81a6ac56f78b9c94f0837736348b27,0.43706,0.59736943,0.16355999999999998,-0.16030943244934082,Patch transformer,SNV + patches(16)
N,1000,1,3,e319cef259f9302ff3e9efbecf1dce29,0.01973,0.01042632,0.16355999999999998,0.009303679864406587,Patch transformer,SNV + patches(16)
N,1000,1,3,21038e714647a4a6952d9ed3f00a9eab,0.01622,0.022464026,0.16355999999999998,-0.006244025765657427,Patch transformer,SNV + patches(16)
N,1000,1,3,5b0887646a115a56921482bcc4ef26cb,0.05039,0.03450621,0.16355999999999998,0.01588379080533981,Patch transformer,SNV + patches(16)
N,1000,1,3,3af905436608e07322ec7387f4459af1,0.14025,0.120917045,0.16355999999999998,0.019332955420017256,Patch transformer,SNV + patches(16)
N,1000,1,3,20ad67c86e86f1b76632f1078515469b,1.26818,1.7309991,0.16355999999999998,-0.46281911212921134,Patch transformer,SNV + patches(16)
N,1000,1,3,84b9b4369962085b84fef692c90119e0,0.04048,0.050713014,0.16355999999999998,-0.010233013857603071,Patch transformer,SNV + patches(16)
N,1000,1,3,b1741f09ac6b337c82caaceff5e07595,0.05464,0.12002857,0.16355999999999998,-0.0653885702943802,Patch transformer,SNV + patches(16)
N,1000,1,3,ea6886e6852f71fd270241135ee555c6,0.09883,0.036891736,0.16355999999999998,0.06193826390981674,Patch transformer,SNV + patches(16)
N,1000,1,3,53ea29fc690776fbd09476d7a1f05622,1.25568,1.8813461,0.16355999999999998,-0.6256661065292359,Patch transformer,SNV + patches(16)
N,1000,1,3,924a79e04d10a494ab516d69f760eee4,0.0,0.023686798,0.16355999999999998,-0.02368679828941822,Patch transformer,SNV + patches(16)
N,1000,1,3,430f2ce0d7851271a6307c045a4b9d77,2.7864,1.9245211,0.16355999999999998,0.8618789113998413,Patch transformer,SNV + patches(16)
N,1000,1,3,3db5a0ea5b08b80a838da5358abdf76b,3.50065,1.9264908,0.16355999999999998,1.5741592163085936,Patch transformer,SNV + patches(16)
N,1000,1,3,54a5914d8e1df8cf47c6d8f9ba78455b,0.10475,0.071144454,0.16355999999999998,0.03360554581880569,Patch transformer,SNV + patches(16)
N,1000,1,3,14a852667a48d18ec5143f0d43953719,0.09332,0.12379368,0.16355999999999998,-0.030473676495552063,Patch transformer,SNV + patches(16)
N,1000,1,3,a0a19941c709824f812587256205e8a6,0.49489,0.42426655,0.16355999999999998,0.07062345303535461,Patch transformer,SNV + patches(16)
N,1000,1,3,e74d40feda7cda5b38c36576d8bc4049,0.18258,0.1275902,0.16355999999999998,0.05498980565547942,Patch transformer,SNV + patches(16)
N,1000,1,3,b08a4981475ad0f534da0fc396b3a8fa,0.45495,0.20466068,0.16355999999999998,0.25028931612968447,Patch transformer,SNV + patches(16)
N,1000,1,3,0497d4faf6510896cfd24e655cad97bb,0.31788,0.14338836,0.16355999999999998,0.17449163926124572,Patch transformer,SNV + patches(16)
N,1000,1,3,135180bc0110c9e2587b2d89efed9827,0.25955,0.21010478,0.16355999999999998,0.04944522159099579,Patch transformer,SNV + patches(16)
N,1000,1,3,895b6a5f5a7ee7a2b70a0f4bbb0eaff3,0.54078,0.22426517,0.16355999999999998,0.3165148269224167,Patch transformer,SNV + patches(16)
N,1000,1,3,93da62a75bfaf0159aa35b54e69ddb3b,0.04043,0.035448547,0.16355999999999998,0.0049814525473117835,Patch transformer,SNV + patches(16)
N,1000,1,3,20be28033b5afe2532a8e4e9b0a0b535,0.1168,0.22054094,0.16355999999999998,-0.10374094076156616,Patch transformer,SNV + patches(16)
N,1000,1,3,8126d85ee26e4ff17091d47e75571357,1.39,2.5387006,0.16355999999999998,-1.148700580596924,Patch transformer,SNV + patches(16)
N,1000,1,3,436ccddcb3564b54f5da87b79dd52eb8,1.24856,1.3307763,0.16355999999999998,-0.08221633380889903,Patch transformer,SNV + patches(16)
N,1000,1,3,bd3701743c4c5b34a5727d0591a625f5,0.06106,0.04975009,0.16355999999999998,0.011309910354614261,Patch transformer,SNV + patches(16)
N,1000,1,3,a1410290fc9f6074d7764dea9bebb96d,0.13609,0.06156268,0.16355999999999998,0.07452732029199599,Patch transformer,SNV + patches(16)
N,1000,1,3,b4f2c65f01d08fb697fe717b5b74322d,0.03012,0.017770626,0.16355999999999998,0.01234937434911728,Patch transformer,SNV + patches(16)
N,1000,1,3,32fdda0b4b43b44444cd95e24d4b46a2,0.2373,0.24050424,0.16355999999999998,-0.00320423502922057,Patch transformer,SNV + patches(16)
N,1000,1,3,12a3d535a6e150d8596a546f6ef184ec,0.01812,0.049080584,0.16355999999999998,-0.030960584198236465,Patch transformer,SNV + patches(16)
N,1000,1,3,a102daa74f3bda0501bb72d55ed988a2,0.15778,0.042374842,0.16355999999999998,0.11540515813112259,Patch transformer,SNV + patches(16)
N,1000,1,3,9dff76271bed68ec6d7b597393c56eb5,0.05088,0.016571218,0.16355999999999998,0.03430878185212612,Patch transformer,SNV + patches(16)
N,1000,1,3,51a9571827dc3ae1ff8660bcd90cf56a,0.26032,0.10664987,0.16355999999999998,0.15367013180971145,Patch transformer,SNV + patches(16)
N,1000,1,3,d373bd588365badb17994e252d828958,1.11132,1.7729838,0.16355999999999998,-0.6616637894439696,Patch transformer,SNV + patches(16)
N,1000,1,3,a0210097efd5aaef9e558621397f3fc4,0.0,0.014034448,0.16355999999999998,-0.014034448191523552,Patch transformer,SNV + patches(16)
N,1000,1,3,86ea864c893f4a3af56fbc1274e41d61,0.43651,0.06730402,0.16355999999999998,0.3692059773898125,Patch transformer,SNV + patches(16)
N,1000,1,3,d401fd6bd5d4d60da558204391eb8393,0.06385,0.035043266,0.16355999999999998,0.028806734329462055,Patch transformer,SNV + patches(16)
N,1000,1,3,33e52c8477f55951df903afc85444457,3.19368,2.202206,0.16355999999999998,0.9914741036224366,Patch transformer,SNV + patches(16)
N,1000,1,3,858b2367aab2a46cc4921981b126aa0f,0.05102,0.5533283,0.16355999999999998,-0.502308275680542,Patch transformer,SNV + patches(16)
N,1000,1,3,2238b17b0400ef1ec59a53a987b5e6f3,0.06237,0.031274293,0.16355999999999998,0.03109570738196373,Patch transformer,SNV + patches(16)
N,1000,1,3,4fc6eae29f575b36a555874b8b7458ed,0.2096,0.21097152,0.16355999999999998,-0.0013715193510055457,Patch transformer,SNV + patches(16)
N,1000,1,3,6f1d7d451a4efb119825a65c3d0eab60,0.54821,0.77066696,0.16355999999999998,-0.22245695690155032,Patch transformer,SNV + patches(16)
N,1000,1,3,e0d6137913f5ac414a49445801c6e2cc,0.77264,0.72639805,0.16355999999999998,0.046241949214935296,Patch transformer,SNV + patches(16)
N,1000,1,3,d02787ab44493fd7df96d988503034b7,0.50042,0.1673535,0.16355999999999998,0.33306650404453275,Patch transformer,SNV + patches(16)
N,1000,1,3,6bb31ca065b8464a03932b6a29cf6f2e,0.02008,0.011424307,0.16355999999999998,0.008655693219900132,Patch transformer,SNV + patches(16)
N,1000,1,3,d04c16aeaf6519a851f7f2b9dae8a9aa,0.80008,0.8138051,0.16355999999999998,-0.01372510330200194,Patch transformer,SNV + patches(16)
N,1000,1,3,5f2f6af082871018476de5ee5884a5cc,0.28911,0.12629883,0.16355999999999998,0.16281117008686063,Patch transformer,SNV + patches(16)
N,1000,1,3,d68e7bcf73d25d6152a8557464dc828c,1.4616,2.0173967,0.16355999999999998,-0.5557966884613037,Patch transformer,SNV + patches(16)
N,1000,1,3,aff6cb1e7bea04227b5649c10aee640e,2.321,2.2044995,0.16355999999999998,0.11650051689147967,Patch transformer,SNV + patches(16)
N,1000,1,3,28b1ba7b0d18dad39d689f29bec0a374,0.28617,0.22534445,0.16355999999999998,0.060825550718307475,Patch transformer,SNV + patches(16)
N,1000,1,3,7ebd5e491f55e275a431a7eb9c3a003c,0.0529,0.062941305,0.16355999999999998,-0.010041305339336393,Patch transformer,SNV + patches(16)
N,1000,1,3,1e9486a39fd16d4e9f20f893ea7838c0,0.27124,0.1356259,0.16355999999999998,0.13561410116195677,Patch transformer,SNV + patches(16)
N,1000,1,3,0608bc5b1f0189c59d02e0732e189ac0,0.01737,0.034227848,0.16355999999999998,-0.016857848052978516,Patch transformer,SNV + patches(16)
N,1000,1,3,81fe0324b34c01bd842e2d52ea45fdc9,0.8179,0.8099889,0.16355999999999998,0.007911084079742392,Patch transformer,SNV + patches(16)
N,1000,1,3,d896252b885a4ee25bcd7639d819d79f,0.20687,0.094822206,0.16355999999999998,0.11204779439687729,Patch transformer,SNV + patches(16)
N,1000,1,3,024d999c74bf4c0f684982ac44c8f122,0.05687,0.036368147,0.16355999999999998,0.02050185346126556,Patch transformer,SNV + patches(16)
N,1000,1,3,470ba587eac2869469e728b2fa916d22,0.42362,0.33534974,0.16355999999999998,0.08827026140213012,Patch transformer,SNV + patches(16)
N,1000,1,3,4e3117da7611fcb33c281734ed529730,0.09373,0.05291647,0.16355999999999998,0.04081352908492088,Patch transformer,SNV + patches(16)
N,1000,1,3,f47089f70e1fb491c6336d4f6d1ed90f,0.45506,0.07473546,0.16355999999999998,0.38032453733444216,Patch transformer,SNV + patches(16)
N,1000,1,3,7e7caccbdb0d97dbfd51f2a40efbcfb0,0.29656,0.16987754,0.16355999999999998,0.1266824559545517,Patch transformer,SNV + patches(16)
N,1000,1,3,72ac18dc23e4bab54b459ae4a3c53e0c,0.05043,0.032244604,0.16355999999999998,0.01818539591908455,Patch transformer,SNV + patches(16)
N,1000,1,3,2c10b3ed9d6c2cbb5a2ace5cd6b82996,3.18027,2.6275687,0.16355999999999998,0.5527012782287599,Patch transformer,SNV + patches(16)
N,1000,1,3,b672b2a4ac8bb8c3ebbb578622ce3b9f,0.09064,0.035844263,0.16355999999999998,0.05479573731064796,Patch transformer,SNV + patches(16)
N,1000,1,3,857720db42b364e3649e177e1d874f65,0.24992,0.15477139,0.16355999999999998,0.09514861242294312,Patch transformer,SNV + patches(16)
N,1000,1,3,c089abd15f5148ea358bf442d25f8583,0.55973,1.7138667,0.16355999999999998,-1.1541367106628417,Patch transformer,SNV + patches(16)
N,1000,1,3,8ea3796ba9ed0e7376e0abadf4b07ff4,0.19,0.14603311,0.16355999999999998,0.043966891765594485,Patch transformer,SNV + patches(16)
N,1000,1,3,5f9f453bc412b2ca11f5a1a484cfd67b,1.09123,0.9708281,0.16355999999999998,0.12040188405990593,Patch transformer,SNV + patches(16)
N,1000,1,3,6b320606f82d6e78389c83d90d839463,0.24073,0.042079452,0.16355999999999998,0.19865054757475853,Patch transformer,SNV + patches(16)
N,1000,1,3,32e7ae1a80c129fb3af42a182a0f8a3f,0.0,0.017233375,0.16355999999999998,-0.01723337545990944,Patch transformer,SNV + patches(16)
N,1000,1,3,88650ee4ef05a13eaf223de9c0649e0d,0.1073,0.11438769,0.16355999999999998,-0.00708769102096557,Patch transformer,SNV + patches(16)
N,1000,1,3,f74cd7b369366f1aa889ae73684d7175,0.30705,0.16949944,0.16355999999999998,0.13755055801868438,Patch transformer,SNV + patches(16)
N,1000,1,3,e5a16b47066ffce05ec9bac351571df6,0.18319,0.06294495,0.16355999999999998,0.1202450513267517,Patch transformer,SNV + patches(16)
N,1000,1,3,c558596eeb4f44ef4d162c6bbad95b90,0.0,0.012508672,0.16355999999999998,-0.01250867173075676,Patch transformer,SNV + patches(16)
N,1000,1,3,123a0e1ebc5d3650ee548a26ec055c7a,0.12304,0.15389757,0.16355999999999998,-0.030857568583488468,Patch transformer,SNV + patches(16)
N,1000,1,3,db1f8ed5290436e6e98660d3f2602d1e,0.85848,0.6238702,0.16355999999999998,0.23460980604171755,Patch transformer,SNV + patches(16)
N,1000,1,3,318c239f9e8b18f935858848c6556cd6,0.12071,0.022855328,0.16355999999999998,0.09785467160403728,Patch transformer,SNV + patches(16)
N,1000,1,3,630be0429c8f24813891b533f5865312,2.68824,2.4828973,0.16355999999999998,0.20534271835327145,Patch transformer,SNV + patches(16)
N,1000,1,3,11306285570a3c89c354738fcaa3447b,0.12208,0.22463721,0.16355999999999998,-0.10255721036911011,Patch transformer,SNV + patches(16)
N,1000,1,3,ce6e1a455114caabc72d6d5248a1916f,0.15469,0.0818335,0.16355999999999998,0.07285650331020355,Patch transformer,SNV + patches(16)
N,1000,1,3,d1f1122aa923476a082984eed65677a0,0.20359,0.12178552,0.16355999999999998,0.08180447849273681,Patch transformer,SNV + patches(16)
N,1000,1,3,8d1892f8f316294a7bfd1c5438f48c03,0.00946,0.018573737,0.16355999999999998,-0.009113736771941185,Patch transformer,SNV + patches(16)
N,1000,1,3,f73ed8e0f5db646a38b4907c4e572063,0.34667,0.30662405,0.16355999999999998,0.04004594509124754,Patch transformer,SNV + patches(16)
N,1000,1,3,10d43c462aed99b3223500fc588db3b7,0.04105,0.035224445,0.16355999999999998,0.005825554835796359,Patch transformer,SNV + patches(16)
N,1000,1,3,f9c4dcd895ecda2c975f533d18a6ecfd,0.40349,0.09154279,0.16355999999999998,0.3119472121500969,Patch transformer,SNV + patches(16)
N,1000,1,3,8f142cc4202fd47e5fa8ef2086ff18ff,0.14415,0.027426938,0.16355999999999998,0.1167230624049902,Patch transformer,SNV + patches(16)
N,1000,1,3,4b502923e3c50c376e3090b699466fbd,0.07361,0.03927716,0.16355999999999998,0.03433284132242202,Patch transformer,SNV + patches(16)
N,1000,1,3,392f7edeb4dd61348b779e64d95d826b,0.7995,1.2288342,0.16355999999999998,-0.4293341522216797,Patch transformer,SNV + patches(16)
N,1000,1,3,bdb961d96c8168afee182c3ff52535d9,0.41887,0.22523744,0.16355999999999998,0.19363255595684054,Patch transformer,SNV + patches(16)
N,1000,1,3,bf37b68768d899e72927170550178302,0.04893,0.017216703,0.16355999999999998,0.03171329707682133,Patch transformer,SNV + patches(16)
N,1000,1,3,229e5bacdf4a9fcdbd0da790837b2d4a,0.1345,0.055596296,0.16355999999999998,0.07890370425581933,Patch transformer,SNV + patches(16)
N,1000,1,3,3929bf35266614989e73e126ff12d74d,2.53395,2.4404442,0.16355999999999998,0.09350576896667473,Patch transformer,SNV + patches(16)
N,1000,1,3,eb29038b94607698c545919f6fcf10b5,0.37067,0.20352985,0.16355999999999998,0.16714015035152435,Patch transformer,SNV + patches(16)
N,1000,1,3,9322614956e11512e4f9f38b718e9d6e,0.35558,0.6100978,0.16355999999999998,-0.25451782552719115,Patch transformer,SNV + patches(16)
N,1000,1,3,d17871b8636dbabf8bf2447a3c5a085a,0.36579,0.23629847,0.16355999999999998,0.12949152831077576,Patch transformer,SNV + patches(16)
N,1000,1,3,aae4036640dfa4670f63371dd30e5195,0.50761,0.5093445,0.16355999999999998,-0.0017345181846618596,Patch transformer,SNV + patches(16)
N,1000,1,3,9ba1096414172bc1f9e49ce5630958a9,0.04787,0.023300178,0.16355999999999998,0.024569821650981906,Patch transformer,SNV + patches(16)
N,1000,1,3,790e294e1ec470f0ab9918b05bf87d8b,0.23652,0.2666597,0.16355999999999998,-0.030139706830978386,Patch transformer,SNV + patches(16)
N,1000,1,3,b3c7a3e02948848f5f0194210c69ca12,0.71566,0.5815539,0.16355999999999998,0.13410612360000607,Patch transformer,SNV + patches(16)
N,1000,1,3,c250a9d5572af17c4b5e2cf779c7f509,1.83294,1.9951792,0.16355999999999998,-0.1622391763305664,Patch transformer,SNV + patches(16)
N,1000,1,3,ff71453b421c92307febc5336ae209ac,0.37459,0.21810696,0.16355999999999998,0.15648304471015928,Patch transformer,SNV + patches(16)
N,1000,1,3,24d5ca5712e35188f2c473c01fd4952c,0.22198,0.10441619,0.16355999999999998,0.11756380842208863,Patch transformer,SNV + patches(16)
N,1000,1,3,73b22a4c037fba7ee2644a5b3e3826e2,0.10154,0.035483018,0.16355999999999998,0.06605698243618012,Patch transformer,SNV + patches(16)
N,1000,1,3,de20fc8f6776dfb267171a43d11bb7ce,0.12895,0.0513046,0.16355999999999998,0.07764539886713029,Patch transformer,SNV + patches(16)
N,1000,1,3,128f6f227dba829870c0b8306a2e2240,0.05732,0.016399605,0.16355999999999998,0.04092039480030537,Patch transformer,SNV + patches(16)
N,1000,1,3,bb40611963e38e4d4f75e1ce27e44ad5,0.1142,0.16994739,0.16355999999999998,-0.05574738578796387,Patch transformer,SNV + patches(16)
N,1000,1,3,2cb0667a09cb3872afe6832658ba6930,1.89557,2.429327,0.16355999999999998,-0.5337570111083985,Patch transformer,SNV + patches(16)
P,1000,1,3,2a70fd5d10ad11d40aa7dc7c2bd08c6b,47.8,1.1005465,5.791145,46.69945352077484,Patch transformer,SNV + patches(16)
P,1000,1,3,836e490b36d38c7ede978670a87f373c,0.0,1.1562197,5.791145,-1.156219720840454,Patch transformer,SNV + patches(16)
P,1000,1,3,9bf40fbc33c25dcf39d7b57bd6fc29b0,0.0,1.4702634,5.791145,-1.4702633619308472,Patch transformer,SNV + patches(16)
P,1000,1,3,7fef387ff08f0b2326a8afa69c3985fc,3.32276,6.172555,5.791145,-2.8497949697875975,Patch transformer,SNV + patches(16)
P,1000,1,3,0eeb39bc2910755db03181cf10c0c2ba,0.23135,1.806263,5.791145,-1.5749129699707032,Patch transformer,SNV + patches(16)
P,1000,1,3,9e69bb72cbea5a83216fdf89f7bc688b,0.82201,3.4365206,5.791145,-2.6145105764770507,Patch transformer,SNV + patches(16)
P,1000,1,3,d0d71d3eccc407738b0ae371f32a31a0,11.57805,5.6710854,5.791145,5.906964642333984,Patch transformer,SNV + patches(16)
P,1000,1,3,4398ab81f3375b3c43861282040717d5,2.80889,1.8894151,5.791145,0.9194748550796508,Patch transformer,SNV + patches(16)
P,1000,1,3,65751894b2651a4ea9150d001b6b269a,7.39982,6.863877,5.791145,0.5359431803894044,Patch transformer,SNV + patches(16)
P,1000,1,3,d246ecb2db1de88b809710d98456b02c,10.01707,6.768084,5.791145,3.248985950775147,Patch transformer,SNV + patches(16)
P,1000,1,3,bc9350958e979068ecea1ca1db7a83d1,2.842,4.132089,5.791145,-1.2900891380310058,Patch transformer,SNV + patches(16)
P,1000,1,3,7696cf4581ce7e708547572ae05362fe,10.5,16.620852,5.791145,-6.120851516723633,Patch transformer,SNV + patches(16)
P,1000,1,3,0a28321e068f9a8574a41d937943e9f7,0.0,1.6165767,5.791145,-1.6165766716003418,Patch transformer,SNV + patches(16)
P,1000,1,3,f917123e0bedd68406229288befd3fb1,1.57498,2.6260478,5.791145,-1.0510678496551513,Patch transformer,SNV + patches(16)
P,1000,1,3,bc720b9a91a11919f13be41af81568b3,0.96564,2.4713242,5.791145,-1.5056842053985595,Patch transformer,SNV + patches(16)
P,1000,1,3,978c2fda07a9b6177057274456692be8,4.33353,1.7011516,5.791145,2.6323783905792233,Patch transformer,SNV + patches(16)
P,1000,1,3,bf64cb8289dd48b77e9cdb4a7931195a,0.10287,2.7241118,5.791145,-2.6212417954254152,Patch transformer,SNV + patches(16)
P,1000,1,3,e784b262bfa3de6b8cd330d659ebf5df,3.98972,15.989574,5.791145,-11.999854432373047,Patch transformer,SNV + patches(16)
P,1000,1,3,12eabe86c6939f157f4d47945debbe71,0.97687,1.6080564,5.791145,-0.6311864260482788,Patch transformer,SNV + patches(16)
P,1000,1,3,412cbf2c090f0135a2dd7d26a16ac46b,0.0,10.080068,5.791145,-10.08006763458252,Patch transformer,SNV + patches(16)
P,1000,1,3,59c704cc8e2b4ee050ea8a34bff1eadd,84.4,10.401397,5.791145,73.9986032485962,Patch transformer,SNV + patches(16)
P,1000,1,3,51c963bad01d047d23f6b6921cf5a237,6.7511,4.991229,5.791145,1.7598709426879884,Patch transformer,SNV + patches(16)
P,1000,1,3,277863bfb0bccfdf32cbf71d40f4adda,10.04155,12.448973,5.791145,-2.4074227020263663,Patch transformer,SNV + patches(16)
P,1000,1,3,f1e6f9a39db8847f9d921dd6d79d1e1b,39.92523,9.589877,5.791145,30.335352871398925,Patch transformer,SNV + patches(16)
P,1000,1,3,9bd8d4d5efc849ccca622c214e38d240,36.81465,13.008138,5.791145,23.806512297058106,Patch transformer,SNV + patches(16)
P,1000,1,3,2d38365df4243154e4b37a0277ff8dda,2.53225,2.331763,5.791145,0.20048697090148915,Patch transformer,SNV + patches(16)
P,1000,1,3,8103b882b97ff175ecc061989ede5024,4.12326,3.2859104,5.791145,0.8373496320343019,Patch transformer,SNV + patches(16)
P,1000,1,3,4c2300ed191ef49b9b7f47e7a60a1bc2,13.5,6.134758,5.791145,7.365242004394531,Patch transformer,SNV + patches(16)
P,1000,1,3,2763015fcb5add9733f51b583da845a7,17.03142,11.652769,5.791145,5.3786509112548835,Patch transformer,SNV + patches(16)
P,1000,1,3,47f2965e95d7c12e0d0ee0382f6fdbc0,0.68807,2.1988337,5.791145,-1.510763703994751,Patch transformer,SNV + patches(16)
P,1000,1,3,015d0847da9241dc820978eea55a4883,42.99017,3.2436974,5.791145,39.74647259513855,Patch transformer,SNV + patches(16)
P,1000,1,3,930b7645ed893cab06e2207d2334a4a1,11.0,4.895702,5.791145,6.104298114776611,Patch transformer,SNV + patches(16)
P,1000,1,3,89dc66b8bc31070a6770a8388238c48b,35.1897,6.6714406,5.791145,28.518259398651125,Patch transformer,SNV + patches(16)
P,1000,1,3,a31d352f1721ec6c85212615b482d380,2.66839,9.466848,5.791145,-6.7984583734130855,Patch transformer,SNV + patches(16)
P,1000,1,3,2f27bd23d4523bb14a09b69976fb5980,9.9746,9.235606,5.791145,0.7389938064575201,Patch transformer,SNV + patches(16)
P,1000,1,3,e698b52d2c065293b77fd39de18b4128,16.81832,2.65974,5.791145,14.158580028839111,Patch transformer,SNV + patches(16)
P,1000,1,3,2a56a36cc5f31ed2e1f4dd2e493b9add,5.25815,2.9906144,5.791145,2.2675355857849118,Patch transformer,SNV + patches(16)
P,1000,1,3,0b8f88e9a2d3336d7afc197291e928a0,0.95471,2.0005076,5.791145,-1.0457975931549073,Patch transformer,SNV + patches(16)
P,1000,1,3,10932e3ec6a286328b29c7185161062e,0.0,13.934537,5.791145,-13.934536933898926,Patch transformer,SNV + patches(16)
P,1000,1,3,a269ef5b2e8943e92cbc4064db60fb50,16.35847,9.306096,5.791145,7.0523739230346685,Patch transformer,SNV + patches(16)
P,1000,1,3,40dc35546eb0ecd8851a80cf181c1e4c,20.7131,7.4688015,5.791145,13.244298501586915,Patch transformer,SNV + patches(16)
P,1000,1,3,564495f729adafaf675ee60508af6972,4.85062,1.7050664,5.791145,3.145553557510376,Patch transformer,SNV + patches(16)
P,1000,1,3,9548ce376d3eef78228e448d91fd2982,10.25447,1.4504638,5.791145,8.804006228179931,Patch transformer,SNV + patches(16)
P,1000,1,3,a876390403673411d1fae50324ec5e4f,2.17904,2.2583141,5.791145,-0.0792741326904296,Patch transformer,SNV + patches(16)
P,1000,1,3,1509e93572589439fca17c9d84fa189c,5.03579,3.295171,5.791145,1.7406189775848393,Patch transformer,SNV + patches(16)
P,1000,1,3,a2a8a0979fc6dd9c5bc20a00827eff7c,3.58397,4.9419994,5.791145,-1.3580294354248048,Patch transformer,SNV + patches(16)
P,1000,1,3,2bd8efb0ed603ea05eb3cb356ee24c86,1.95315933450144,3.6973085,5.791145,-1.7441492058427983,Patch transformer,SNV + patches(16)
P,1000,1,3,f405eaf8cd6147de20b9a4ba58474051,13.86491,4.388322,5.791145,9.476588123474121,Patch transformer,SNV + patches(16)
P,1000,1,3,b4381858fc9b76b89165544f2afeee86,0.08237,1.9410375,5.791145,-1.8586675356674194,Patch transformer,SNV + patches(16)
P,1000,1,3,2f2094747b4b62d53b208ebe0f78bd5f,29.27957,3.445103,5.791145,25.83446706993103,Patch transformer,SNV + patches(16)
P,1000,1,3,11ccc178396aa3aeaeac8a385bfa1dd8,2.16257,7.312859,5.791145,-5.150289058380126,Patch transformer,SNV + patches(16)
P,1000,1,3,a7020121ef583d89be2614e54edf4a1e,12.65453,1.4495076,5.791145,11.205022405891418,Patch transformer,SNV + patches(16)
P,1000,1,3,619cd81230d4626b2b144aba9e2e10eb,17.74923,5.720719,5.791145,12.02851113937378,Patch transformer,SNV + patches(16)
P,1000,1,3,b268e08e6255f4aae8dc90fe22c8435f,1.17901,2.5141747,5.791145,-1.3351646997833253,Patch transformer,SNV + patches(16)
P,1000,1,3,204544fd5526e6e0c712a61a34d7352f,19.11703,3.2768435,5.791145,15.840186452178955,Patch transformer,SNV + patches(16)
P,1000,1,3,de90184cbb51e9c7f8f7debee56ef76e,14.88431,8.17612,5.791145,6.708190195617675,Patch transformer,SNV + patches(16)
P,1000,1,3,e6d35ed6f409d4e1cdceb6bc00f448f5,23.78419,3.8669052,5.791145,19.917284787597655,Patch transformer,SNV + patches(16)
P,1000,1,3,48a2251751dc4d72463945b3fd5966d2,20.51097,5.896902,5.791145,14.614067915649414,Patch transformer,SNV + patches(16)
P,1000,1,3,fd600db4bffa3203140536951e98429e,4.3913,9.813806,5.791145,-5.42250558013916,Patch transformer,SNV + patches(16)
P,1000,1,3,2db2985a5a4e1c26188177f33319d7a8,0.69879,3.1591268,5.791145,-2.4603367585754397,Patch transformer,SNV + patches(16)
P,1000,1,3,68456d5f832f6d951ef6ba1a3cc9f49a,1.81744,15.397489,5.791145,-13.580048594055176,Patch transformer,SNV + patches(16)
P,1000,1,3,33f782d7084f4715fbb743401feb63eb,65.3155,8.3210745,5.791145,56.99442551422119,Patch transformer,SNV + patches(16)
P,1000,1,3,a7a61aa23d25763bc591eabb5d3b0375,2.96812,1.9582316,5.791145,1.009888431663513,Patch transformer,SNV + patches(16)
P,1000,1,3,76679246d9439cf1e56b75b02ec18b67,4.91171,8.476001,5.791145,-3.5642907858276365,Patch transformer,SNV + patches(16)
P,1000,1,3,b42d1ce1ee649818030182524c9084d9,0.0,2.7421892,5.791145,-2.7421891689300537,Patch transformer,SNV + patches(16)
P,1000,1,3,2b1f82b96b5fe20da26cf7d671f79b05,2.65309,5.004352,5.791145,-2.3512620927429198,Patch transformer,SNV + patches(16)
P,1000,1,3,e40e038291fc455e20f5b4503af46819,0.0,1.401524,5.791145,-1.4015239477157593,Patch transformer,SNV + patches(16)
P,1000,1,3,8501f952b5a1ed0b04c047af5345fa66,0.0,2.8391137,5.791145,-2.839113712310791,Patch transformer,SNV + patches(16)
P,1000,1,3,72e4eb97049b5b32e3995b13e6668bdf,47.43424,7.8566685,5.791145,39.577571527709964,Patch transformer,SNV + patches(16)
P,1000,1,3,961d47cf7d10e023c65877bb6930c08b,10.40948,2.8750246,5.791145,7.534455442886353,Patch transformer,SNV + patches(16)
P,1000,1,3,a7a0e7efa50464fd2f4bb63acd696b46,0.77443,3.2746115,5.791145,-2.5001814730834964,Patch transformer,SNV + patches(16)
P,1000,1,3,e946e8215510f8fbb4938449671a7c09,1.15727,1.5859244,5.791145,-0.4286543869781494,Patch transformer,SNV + patches(16)
P,1000,1,3,49d23efa0ea7d49fdacc9eadf3d396f8,1.21247,2.923587,5.791145,-1.7111170838165284,Patch transformer,SNV + patches(16)
P,1000,1,3,b45c6c79944dac733605d6bc6b6f4fb0,27.48742,5.306376,5.791145,22.181044019622803,Patch transformer,SNV + patches(16)
P,1000,1,3,06db6299b5aa1b93bcbb612d03caad29,0.76523,3.1055381,5.791145,-2.3403081298065187,Patch transformer,SNV + patches(16)
P,1000,1,3,efd37415e003bb77ce1b1e819e6f4bd6,22.84955,5.6652427,5.791145,17.184307328033448,Patch transformer,SNV + patches(16)
P,1000,1,3,bab4fb9242f27adcfb5b11383b58a4ec,111.27444,4.6265893,5.791145,106.64785070175171,Patch transformer,SNV + patches(16)
P,1000,1,3,a45ea1b8847e988eccb4e35e9155cae9,18.16867,5.4455624,5.791145,12.7231076373291,Patch transformer,SNV + patches(16)
P,1000,1,3,f007d24039ca3224069368bb055313f4,11.66306,12.10868,5.791145,-0.4456197714233401,Patch transformer,SNV + patches(16)
P,1000,1,3,6231bbc9151eb30c4e5f02ccdb1045a4,12.54844,9.1321535,5.791145,3.416286488952636,Patch transformer,SNV + patches(16)
P,1000,1,3,6d2078f7aebf286e05ae5f2f3aac738d,15.03239,3.5434718,5.791145,11.488918186798095,Patch transformer,SNV + patches(16)
P,1000,1,3,bdd9129eba75b1b86c0287ca09478c86,0.38962,2.8195558,5.791145,-2.429935759429932,Patch transformer,SNV + patches(16)
P,1000,1,3,4c9eb31424f7c22d84a6018275476d1f,10.31136,6.7554355,5.791145,3.555924533233643,Patch transformer,SNV + patches(16)
P,1000,1,3,30b51373acddad3c2e5b6e51dca20089,0.1604,1.8132331,5.791145,-1.6528331371307372,Patch transformer,SNV + patches(16)
P,1000,1,3,acdec1cc1ecb1ff3f1e59000c8246fbf,160.25788,3.435197,5.791145,156.82268288505554,Patch transformer,SNV + patches(16)
P,1000,1,3,7b60d0fe87d35eead47b8b62a58fd621,0.6044,1.8943722,5.791145,-1.2899722248077392,Patch transformer,SNV + patches(16)
P,1000,1,3,c6eb847b3c843a0e90f7daa159b57277,1.27842,1.7916838,5.791145,-0.5132637930679322,Patch transformer,SNV + patches(16)
P,1000,1,3,d00b9db19387a9bdad3aa3cc5a014587,15.94886,9.757228,5.791145,6.191632102355957,Patch transformer,SNV + patches(16)
P,1000,1,3,357f2707aa63c6907c9c3dc27355b641,3.0265,3.508248,5.791145,-0.4817480907440186,Patch transformer,SNV + patches(16)
P,1000,1,3,32d5d32cb9f549bb25e7c356ac40416d,6.16672,4.499625,5.791145,1.6670947940063474,Patch transformer,SNV + patches(16)
P,1000,1,3,2b394cf78bf48f7d5c25b936e5c45822,0.0,1.708029,5.791145,-1.70802903175354,Patch transformer,SNV + patches(16)
P,1000,1,3,6341bcabedfe88338a12f8bc71ee3b5a,0.69411,2.0864322,5.791145,-1.3923222185516357,Patch transformer,SNV + patches(16)
P,1000,1,3,7b95246557936f22ed21dcc61e08aa96,8.56461,2.90497,5.791145,5.659640069351196,Patch transformer,SNV + patches(16)
P,1000,1,3,620f96b684a7d783ffffb78553ad3c41,0.0,3.4398708,5.791145,-3.439870834350586,Patch transformer,SNV + patches(16)
P,1000,1,3,ac81a6ac56f78b9c94f0837736348b27,4.75597,4.276308,5.791145,0.4796619403076168,Patch transformer,SNV + patches(16)
P,1000,1,3,e319cef259f9302ff3e9efbecf1dce29,1.5487,2.2843397,5.791145,-0.7356396663665772,Patch transformer,SNV + patches(16)
P,1000,1,3,21038e714647a4a6952d9ed3f00a9eab,0.46223,3.0219,5.791145,-2.559669938583374,Patch transformer,SNV + patches(16)
P,1000,1,3,5b0887646a115a56921482bcc4ef26cb,0.12046,3.1184947,5.791145,-2.998034749069214,Patch transformer,SNV + patches(16)
P,1000,1,3,3af905436608e07322ec7387f4459af1,17.52201,6.269486,5.791145,11.252524049530031,Patch transformer,SNV + patches(16)
P,1000,1,3,20ad67c86e86f1b76632f1078515469b,0.81453,3.5269277,5.791145,-2.712397709579468,Patch transformer,SNV + patches(16)
P,1000,1,3,84b9b4369962085b84fef692c90119e0,1.29447,3.9127638,5.791145,-2.618293833999634,Patch transformer,SNV + patches(16)
P,1000,1,3,b1741f09ac6b337c82caaceff5e07595,8.042,5.574061,5.791145,2.467939083099365,Patch transformer,SNV + patches(16)
P,1000,1,3,ea6886e6852f71fd270241135ee555c6,10.93996,2.741327,5.791145,8.198632952651977,Patch transformer,SNV + patches(16)
P,1000,1,3,53ea29fc690776fbd09476d7a1f05622,3.5842,6.9932795,5.791145,-3.409079457092285,Patch transformer,SNV + patches(16)
P,1000,1,3,924a79e04d10a494ab516d69f760eee4,0.76458,3.0770428,5.791145,-2.312462818069458,Patch transformer,SNV + patches(16)
P,1000,1,3,430f2ce0d7851271a6307c045a4b9d77,5.11374,7.714263,5.791145,-2.6005229623413086,Patch transformer,SNV + patches(16)
P,1000,1,3,3db5a0ea5b08b80a838da5358abdf76b,7.97796,7.2402425,5.791145,0.7377175187683109,Patch transformer,SNV + patches(16)
P,1000,1,3,54a5914d8e1df8cf47c6d8f9ba78455b,1.40856,4.867381,5.791145,-3.4588210958862304,Patch transformer,SNV + patches(16)
P,1000,1,3,14a852667a48d18ec5143f0d43953719,1.60677,6.0663037,5.791145,-4.459533730010986,Patch transformer,SNV + patches(16)
P,1000,1,3,a0a19941c709824f812587256205e8a6,47.08774,3.8244004,5.791145,43.26333957504272,Patch transformer,SNV + patches(16)
P,1000,1,3,e74d40feda7cda5b38c36576d8bc4049,0.85522,5.3415413,5.791145,-4.486321290283203,Patch transformer,SNV + patches(16)
P,1000,1,3,b08a4981475ad0f534da0fc396b3a8fa,17.27026,9.382729,5.791145,7.887531423339844,Patch transformer,SNV + patches(16)
P,1000,1,3,0497d4faf6510896cfd24e655cad97bb,5.40462,6.7547107,5.791145,-1.3500906742858882,Patch transformer,SNV + patches(16)
P,1000,1,3,135180bc0110c9e2587b2d89efed9827,2.92848,11.170797,5.791145,-8.24231734802246,Patch transformer,SNV + patches(16)
P,1000,1,3,895b6a5f5a7ee7a2b70a0f4bbb0eaff3,10.80195,6.4999166,5.791145,4.302033446502685,Patch transformer,SNV + patches(16)
P,1000,1,3,93da62a75bfaf0159aa35b54e69ddb3b,2.7333,3.5482442,5.791145,-0.8149442378997804,Patch transformer,SNV + patches(16)
P,1000,1,3,20be28033b5afe2532a8e4e9b0a0b535,1.92669,3.5917785,5.791145,-1.6650885167694092,Patch transformer,SNV + patches(16)
P,1000,1,3,8126d85ee26e4ff17091d47e75571357,28.8,6.262067,5.791145,22.537933158874512,Patch transformer,SNV + patches(16)
P,1000,1,3,436ccddcb3564b54f5da87b79dd52eb8,26.08947,7.996184,5.791145,18.093286127777098,Patch transformer,SNV + patches(16)
P,1000,1,3,bd3701743c4c5b34a5727d0591a625f5,3.56135,2.9228902,5.791145,0.6384598136901856,Patch transformer,SNV + patches(16)
P,1000,1,3,a1410290fc9f6074d7764dea9bebb96d,0.79298,2.601887,5.791145,-1.8089069876861572,Patch transformer,SNV + patches(16)
P,1000,1,3,b4f2c65f01d08fb697fe717b5b74322d,0.41965,1.7803851,5.791145,-1.360735136604309,Patch transformer,SNV + patches(16)
P,1000,1,3,32fdda0b4b43b44444cd95e24d4b46a2,3.61055,9.378533,5.791145,-5.767983363342285,Patch transformer,SNV + patches(16)
P,1000,1,3,12a3d535a6e150d8596a546f6ef184ec,4.07256,1.6465422,5.791145,2.426017808494568,Patch transformer,SNV + patches(16)
P,1000,1,3,a102daa74f3bda0501bb72d55ed988a2,1.80513,3.7565303,5.791145,-1.951400284881592,Patch transformer,SNV + patches(16)
P,1000,1,3,9dff76271bed68ec6d7b597393c56eb5,1.35346,1.9048277,5.791145,-0.5513677139663695,Patch transformer,SNV + patches(16)
P,1000,1,3,51a9571827dc3ae1ff8660bcd90cf56a,3.81797,5.3591843,5.791145,-1.5412142651367189,Patch transformer,SNV + patches(16)
P,1000,1,3,d373bd588365badb17994e252d828958,53.1763,7.0968823,5.791145,46.07941765670776,Patch transformer,SNV + patches(16)
P,1000,1,3,a0210097efd5aaef9e558621397f3fc4,0.12096,1.8287168,5.791145,-1.7077567549133301,Patch transformer,SNV + patches(16)
P,1000,1,3,86ea864c893f4a3af56fbc1274e41d61,2.16798,2.7938986,5.791145,-0.6259185824584961,Patch transformer,SNV + patches(16)
P,1000,1,3,d401fd6bd5d4d60da558204391eb8393,3.61941,2.9214666,5.791145,0.6979434110260008,Patch transformer,SNV + patches(16)
P,1000,1,3,33e52c8477f55951df903afc85444457,35.90986,10.731669,5.791145,25.178190574035646,Patch transformer,SNV + patches(16)
P,1000,1,3,858b2367aab2a46cc4921981b126aa0f,1.09618,14.770578,5.791145,-13.674398384399414,Patch transformer,SNV + patches(16)
P,1000,1,3,2238b17b0400ef1ec59a53a987b5e6f3,17.21315,2.8773859,5.791145,14.33576414527893,Patch transformer,SNV + patches(16)
P,1000,1,3,4fc6eae29f575b36a555874b8b7458ed,33.40133,11.0665455,5.791145,22.334784513549806,Patch transformer,SNV + patches(16)
P,1000,1,3,6f1d7d451a4efb119825a65c3d0eab60,2.27688,4.951617,5.791145,-2.6747367640686037,Patch transformer,SNV + patches(16)
P,1000,1,3,e0d6137913f5ac414a49445801c6e2cc,8.6651,5.1763206,5.791145,3.488779447174073,Patch transformer,SNV + patches(16)
P,1000,1,3,d02787ab44493fd7df96d988503034b7,113.56352,7.358501,5.791145,106.20501904251098,Patch transformer,SNV + patches(16)
P,1000,1,3,6bb31ca065b8464a03932b6a29cf6f2e,0.78773,2.3448713,5.791145,-1.5571412825775146,Patch transformer,SNV + patches(16)
P,1000,1,3,d04c16aeaf6519a851f7f2b9dae8a9aa,7.95122,5.5140767,5.791145,2.4371432902526857,Patch transformer,SNV + patches(16)
P,1000,1,3,5f2f6af082871018476de5ee5884a5cc,4.20684,2.1426759,5.791145,2.064164123382568,Patch transformer,SNV + patches(16)
P,1000,1,3,d68e7bcf73d25d6152a8557464dc828c,1.84861,8.01458,5.791145,-6.165969772949219,Patch transformer,SNV + patches(16)
P,1000,1,3,aff6cb1e7bea04227b5649c10aee640e,3.15453,14.06198,5.791145,-10.90745024749756,Patch transformer,SNV + patches(16)
P,1000,1,3,28b1ba7b0d18dad39d689f29bec0a374,6.70891,6.3164463,5.791145,0.3924636956787113,Patch transformer,SNV + patches(16)
P,1000,1,3,7ebd5e491f55e275a431a7eb9c3a003c,1.3356,4.058612,5.791145,-2.723011869812012,Patch transformer,SNV + patches(16)
P,1000,1,3,1e9486a39fd16d4e9f20f893ea7838c0,3.11312,6.6450386,5.791145,-3.5319186047363282,Patch transformer,SNV + patches(16)
P,1000,1,3,0608bc5b1f0189c59d02e0732e189ac0,3.4761,3.4343534,5.791145,0.04174664840698261,Patch transformer,SNV + patches(16)
P,1000,1,3,81fe0324b34c01bd842e2d52ea45fdc9,8.18733,4.6511326,5.791145,3.5361974163818353,Patch transformer,SNV + patches(16)
P,1000,1,3,d896252b885a4ee25bcd7639d819d79f,9.44966,4.3505173,5.791145,5.099142727050781,Patch transformer,SNV + patches(16)
P,1000,1,3,024d999c74bf4c0f684982ac44c8f122,1.5862,3.1733618,5.791145,-1.5871617782592773,Patch transformer,SNV + patches(16)
P,1000,1,3,470ba587eac2869469e728b2fa916d22,47.76718,14.59676,5.791145,33.170420203857425,Patch transformer,SNV + patches(16)
P,1000,1,3,4e3117da7611fcb33c281734ed529730,8.23404,4.1642094,5.791145,4.069830634155274,Patch transformer,SNV + patches(16)
P,1000,1,3,f47089f70e1fb491c6336d4f6d1ed90f,3.99074,1.5986886,5.791145,2.3920513975524904,Patch transformer,SNV + patches(16)
P,1000,1,3,7e7caccbdb0d97dbfd51f2a40efbcfb0,16.53738,7.407073,5.791145,9.13030697906494,Patch transformer,SNV + patches(16)
P,1000,1,3,72ac18dc23e4bab54b459ae4a3c53e0c,3.66453,3.3482509,5.791145,0.31627913406372077,Patch transformer,SNV + patches(16)
P,1000,1,3,2c10b3ed9d6c2cbb5a2ace5cd6b82996,5.30269,14.703661,5.791145,-9.40097096496582,Patch transformer,SNV + patches(16)
P,1000,1,3,b672b2a4ac8bb8c3ebbb578622ce3b9f,2.2208,3.1991863,5.791145,-0.9783863250732421,Patch transformer,SNV + patches(16)
P,1000,1,3,857720db42b364e3649e177e1d874f65,10.73029,6.809633,5.791145,3.9206572218322755,Patch transformer,SNV + patches(16)
P,1000,1,3,c089abd15f5148ea358bf442d25f8583,2.33599,10.020936,5.791145,-7.684946012268067,Patch transformer,SNV + patches(16)
P,1000,1,3,8ea3796ba9ed0e7376e0abadf4b07ff4,40.6,2.511997,5.791145,38.08800301551819,Patch transformer,SNV + patches(16)
P,1000,1,3,5f9f453bc412b2ca11f5a1a484cfd67b,2.18256,5.7313843,5.791145,-3.54882427734375,Patch transformer,SNV + patches(16)
P,1000,1,3,6b320606f82d6e78389c83d90d839463,6.2843,3.1017616,5.791145,3.18253842048645,Patch transformer,SNV + patches(16)
P,1000,1,3,32e7ae1a80c129fb3af42a182a0f8a3f,1.07208,2.653728,5.791145,-1.5816480082702637,Patch transformer,SNV + patches(16)
P,1000,1,3,88650ee4ef05a13eaf223de9c0649e0d,3.74544,6.5754,5.791145,-2.8299598756408693,Patch transformer,SNV + patches(16)
P,1000,1,3,f74cd7b369366f1aa889ae73684d7175,2.98546,6.45562,5.791145,-3.470159812011719,Patch transformer,SNV + patches(16)
P,1000,1,3,e5a16b47066ffce05ec9bac351571df6,9.73989,3.6384454,5.791145,6.101444622650147,Patch transformer,SNV + patches(16)
P,1000,1,3,c558596eeb4f44ef4d162c6bbad95b90,9.10549,2.067644,5.791145,7.037846119155883,Patch transformer,SNV + patches(16)
P,1000,1,3,123a0e1ebc5d3650ee548a26ec055c7a,8.71475,8.148764,5.791145,0.5659863433837895,Patch transformer,SNV + patches(16)
P,1000,1,3,db1f8ed5290436e6e98660d3f2602d1e,77.92716,20.508877,5.791145,57.41828319946289,Patch transformer,SNV + patches(16)
P,1000,1,3,318c239f9e8b18f935858848c6556cd6,11.7874,2.0558653,5.791145,9.731534712219238,Patch transformer,SNV + patches(16)
P,1000,1,3,630be0429c8f24813891b533f5865312,17.47152,11.263342,5.791145,6.208178096313478,Patch transformer,SNV + patches(16)
P,1000,1,3,11306285570a3c89c354738fcaa3447b,20.36021,2.830798,5.791145,17.52941208930969,Patch transformer,SNV + patches(16)
P,1000,1,3,ce6e1a455114caabc72d6d5248a1916f,32.49359,2.949835,5.791145,29.54375493797302,Patch transformer,SNV + patches(16)
P,1000,1,3,d1f1122aa923476a082984eed65677a0,1.88834,5.832823,5.791145,-3.9444827996826173,Patch transformer,SNV + patches(16)
P,1000,1,3,8d1892f8f316294a7bfd1c5438f48c03,16.84168,2.7872138,5.791145,14.054466197662354,Patch transformer,SNV + patches(16)
P,1000,1,3,f73ed8e0f5db646a38b4907c4e572063,13.97356,13.354013,5.791145,0.6195465570068368,Patch transformer,SNV + patches(16)
P,1000,1,3,10d43c462aed99b3223500fc588db3b7,1.36634,3.395345,5.791145,-2.0290049726104735,Patch transformer,SNV + patches(16)
P,1000,1,3,f9c4dcd895ecda2c975f533d18a6ecfd,33.66831,2.8305833,5.791145,30.837726666030882,Patch transformer,SNV + patches(16)
P,1000,1,3,8f142cc4202fd47e5fa8ef2086ff18ff,4.79065,2.9868162,5.791145,1.8038338321685794,Patch transformer,SNV + patches(16)
P,1000,1,3,4b502923e3c50c376e3090b699466fbd,1.30782,3.7088282,5.791145,-2.4010082108306885,Patch transformer,SNV + patches(16)
P,1000,1,3,392f7edeb4dd61348b779e64d95d826b,4.62175,7.1776505,5.791145,-2.5559004516601567,Patch transformer,SNV + patches(16)
P,1000,1,3,bdb961d96c8168afee182c3ff52535d9,23.2751,8.527459,5.791145,14.747640855407713,Patch transformer,SNV + patches(16)
P,1000,1,3,bf37b68768d899e72927170550178302,5.59675,2.5515852,5.791145,3.0451648025512696,Patch transformer,SNV + patches(16)
P,1000,1,3,229e5bacdf4a9fcdbd0da790837b2d4a,1.53455,3.4455497,5.791145,-1.910999726486206,Patch transformer,SNV + patches(16)
P,1000,1,3,3929bf35266614989e73e126ff12d74d,6.78886,16.996752,5.791145,-10.20789178527832,Patch transformer,SNV + patches(16)
P,1000,1,3,eb29038b94607698c545919f6fcf10b5,14.54839,7.4047704,5.791145,7.143619625701904,Patch transformer,SNV + patches(16)
P,1000,1,3,9322614956e11512e4f9f38b718e9d6e,2.38607,14.088451,5.791145,-11.702381385498047,Patch transformer,SNV + patches(16)
P,1000,1,3,d17871b8636dbabf8bf2447a3c5a085a,7.12345,10.106158,5.791145,-2.9827082565307617,Patch transformer,SNV + patches(16)
P,1000,1,3,aae4036640dfa4670f63371dd30e5195,4.63232,15.310524,5.791145,-10.678203986816406,Patch transformer,SNV + patches(16)
P,1000,1,3,9ba1096414172bc1f9e49ce5630958a9,1.61002,2.706177,5.791145,-1.096156996231079,Patch transformer,SNV + patches(16)
P,1000,1,3,790e294e1ec470f0ab9918b05bf87d8b,8.17499,8.680843,5.791145,-0.5058533532714851,Patch transformer,SNV + patches(16)
P,1000,1,3,b3c7a3e02948848f5f0194210c69ca12,10.82086,6.28118,5.791145,4.539680095062256,Patch transformer,SNV + patches(16)
P,1000,1,3,c250a9d5572af17c4b5e2cf779c7f509,2.77006,8.714681,5.791145,-5.944620671691895,Patch transformer,SNV + patches(16)
P,1000,1,3,ff71453b421c92307febc5336ae209ac,2.07044,5.5672054,5.791145,-3.4967654290771484,Patch transformer,SNV + patches(16)
P,1000,1,3,24d5ca5712e35188f2c473c01fd4952c,8.61058,5.2873607,5.791145,3.3232193318176275,Patch transformer,SNV + patches(16)
P,1000,1,3,73b22a4c037fba7ee2644a5b3e3826e2,3.18449,2.865571,5.791145,0.3189189779663084,Patch transformer,SNV + patches(16)
P,1000,1,3,de20fc8f6776dfb267171a43d11bb7ce,31.66549,3.1372933,5.791145,28.528196661224364,Patch transformer,SNV + patches(16)
P,1000,1,3,128f6f227dba829870c0b8306a2e2240,3.07929,2.268628,5.791145,0.8106621179962157,Patch transformer,SNV + patches(16)
P,1000,1,3,bb40611963e38e4d4f75e1ce27e44ad5,30.32379,9.630167,5.791145,20.69362299255371,Patch transformer,SNV + patches(16)
P,1000,1,3,2cb0667a09cb3872afe6832658ba6930,4.54662,15.769695,5.791145,-11.223075281982421,Patch transformer,SNV + patches(16)
K,1000,1,3,2a70fd5d10ad11d40aa7dc7c2bd08c6b,0.234283083533685,-0.07239136,0.48991,0.3066744445318387,Patch transformer,SNV + patches(16)
K,1000,1,3,836e490b36d38c7ede978670a87f373c,2.96076525653486,0.5607138,0.48991,2.400051428924844,Patch transformer,SNV + patches(16)
K,1000,1,3,9bf40fbc33c25dcf39d7b57bd6fc29b0,0.0,0.13409391,0.48991,-0.13409391045570374,Patch transformer,SNV + patches(16)
K,1000,1,3,7fef387ff08f0b2326a8afa69c3985fc,0.07773,1.309735,0.48991,-1.2320049405288696,Patch transformer,SNV + patches(16)
K,1000,1,3,0eeb39bc2910755db03181cf10c0c2ba,0.06913,0.05560045,0.48991,0.013529550557136533,Patch transformer,SNV + patches(16)
K,1000,1,3,9e69bb72cbea5a83216fdf89f7bc688b,0.0,1.0882419,0.48991,-1.0882419347763062,Patch transformer,SNV + patches(16)
K,1000,1,3,d0d71d3eccc407738b0ae371f32a31a0,1.4833,0.48672372,0.48991,0.9965762789726258,Patch transformer,SNV + patches(16)
K,1000,1,3,4398ab81f3375b3c43861282040717d5,0.02356,0.09704558,0.48991,-0.07348557806253433,Patch transformer,SNV + patches(16)
K,1000,1,3,65751894b2651a4ea9150d001b6b269a,0.46026,1.0095723,0.48991,-0.5493122675323486,Patch transformer,SNV + patches(16)
K,1000,1,3,d246ecb2db1de88b809710d98456b02c,4.54015,1.3170356,0.48991,3.223114444160461,Patch transformer,SNV + patches(16)
K,1000,1,3,bc9350958e979068ecea1ca1db7a83d1,1.64686,1.4005247,0.48991,0.24633526454925536,Patch transformer,SNV + patches(16)
K,1000,1,3,7696cf4581ce7e708547572ae05362fe,1.00516650468055,2.4024937,0.48991,-1.3973272106057049,Patch transformer,SNV + patches(16)
K,1000,1,3,0a28321e068f9a8574a41d937943e9f7,3.52805770116118,1.1711437,0.48991,2.356914050152574,Patch transformer,SNV + patches(16)
K,1000,1,3,f917123e0bedd68406229288befd3fb1,1.36008,0.40557602,0.48991,0.9545039795207977,Patch transformer,SNV + patches(16)
K,1000,1,3,bc720b9a91a11919f13be41af81568b3,0.14689,0.16483511,0.48991,-0.017945110306739814,Patch transformer,SNV + patches(16)
K,1000,1,3,978c2fda07a9b6177057274456692be8,0.07354,0.52872396,0.48991,-0.45518395515441895,Patch transformer,SNV + patches(16)
K,1000,1,3,bf64cb8289dd48b77e9cdb4a7931195a,0.15694,0.19248888,0.48991,-0.03554887896537781,Patch transformer,SNV + patches(16)
K,1000,1,3,e784b262bfa3de6b8cd330d659ebf5df,5.32119,2.6417263,0.48991,2.6794637445831295,Patch transformer,SNV + patches(16)
K,1000,1,3,12eabe86c6939f157f4d47945debbe71,0.26553,0.07425338,0.48991,0.1912766197013855,Patch transformer,SNV + patches(16)
K,1000,1,3,412cbf2c090f0135a2dd7d26a16ac46b,1.23740344774669,0.79500926,0.48991,0.44239419233744925,Patch transformer,SNV + patches(16)
K,1000,1,3,59c704cc8e2b4ee050ea8a34bff1eadd,1.495728681774,2.1632316,0.48991,-0.667502929477831,Patch transformer,SNV + patches(16)
K,1000,1,3,51c963bad01d047d23f6b6921cf5a237,0.04287,0.5314732,0.48991,-0.4886032193946838,Patch transformer,SNV + patches(16)
K,1000,1,3,277863bfb0bccfdf32cbf71d40f4adda,0.21115,1.3705229,0.48991,-1.1593728567123414,Patch transformer,SNV + patches(16)
K,1000,1,3,f1e6f9a39db8847f9d921dd6d79d1e1b,2.38386,1.3033142,0.48991,1.0805457910156249,Patch transformer,SNV + patches(16)
K,1000,1,3,9bd8d4d5efc849ccca622c214e38d240,6.1041,2.322194,0.48991,3.7819059005737303,Patch transformer,SNV + patches(16)
K,1000,1,3,2d38365df4243154e4b37a0277ff8dda,0.39801,0.31165048,0.48991,0.08635951519966123,Patch transformer,SNV + patches(16)
K,1000,1,3,8103b882b97ff175ecc061989ede5024,3.01236,1.0056404,0.48991,2.006719612464905,Patch transformer,SNV + patches(16)
K,1000,1,3,4c2300ed191ef49b9b7f47e7a60a1bc2,2.08501713642642,2.4771197,0.48991,-0.3921025477929403,Patch transformer,SNV + patches(16)
K,1000,1,3,2763015fcb5add9733f51b583da845a7,1.82402,0.83377624,0.48991,0.9902437644195556,Patch transformer,SNV + patches(16)
K,1000,1,3,47f2965e95d7c12e0d0ee0382f6fdbc0,0.02318,0.12006754,0.48991,-0.0968875368309021,Patch transformer,SNV + patches(16)
K,1000,1,3,015d0847da9241dc820978eea55a4883,2.94586,0.878047,0.48991,2.067813010559082,Patch transformer,SNV + patches(16)
K,1000,1,3,930b7645ed893cab06e2207d2334a4a1,0.993401196992173,0.9066333,0.48991,0.08676787952162246,Patch transformer,SNV + patches(16)
K,1000,1,3,89dc66b8bc31070a6770a8388238c48b,0.65385,1.2343246,0.48991,-0.58047457447052,Patch transformer,SNV + patches(16)
K,1000,1,3,a31d352f1721ec6c85212615b482d380,1.36207,0.9528438,0.48991,0.4092262147140502,Patch transformer,SNV + patches(16)
K,1000,1,3,2f27bd23d4523bb14a09b69976fb5980,0.45468,0.75979555,0.48991,-0.3051155465316773,Patch transformer,SNV + patches(16)
K,1000,1,3,e698b52d2c065293b77fd39de18b4128,0.30889,0.19561267,0.48991,0.11327733100891113,Patch transformer,SNV + patches(16)
K,1000,1,3,2a56a36cc5f31ed2e1f4dd2e493b9add,0.4341,0.5148962,0.48991,-0.08079621400833131,Patch transformer,SNV + patches(16)
K,1000,1,3,0b8f88e9a2d3336d7afc197291e928a0,0.15885,0.24736576,0.48991,-0.08851575782299043,Patch transformer,SNV + patches(16)
K,1000,1,3,10932e3ec6a286328b29c7185161062e,7.80837,2.6151497,0.48991,5.193220263595581,Patch transformer,SNV + patches(16)
K,1000,1,3,a269ef5b2e8943e92cbc4064db60fb50,1.03329,1.0024122,0.48991,0.030877800025939983,Patch transformer,SNV + patches(16)
K,1000,1,3,40dc35546eb0ecd8851a80cf181c1e4c,2.12338,1.4315579,0.48991,0.6918221062469483,Patch transformer,SNV + patches(16)
K,1000,1,3,564495f729adafaf675ee60508af6972,2.9393,0.32342294,0.48991,2.6158770614147184,Patch transformer,SNV + patches(16)
K,1000,1,3,9548ce376d3eef78228e448d91fd2982,0.38025,0.7251291,0.48991,-0.34487912750244143,Patch transformer,SNV + patches(16)
K,1000,1,3,a876390403673411d1fae50324ec5e4f,0.63871,0.106508024,0.48991,0.5322019759631157,Patch transformer,SNV + patches(16)
K,1000,1,3,1509e93572589439fca17c9d84fa189c,0.25509,0.5844575,0.48991,-0.32936751667022707,Patch transformer,SNV + patches(16)
K,1000,1,3,a2a8a0979fc6dd9c5bc20a00827eff7c,0.25147,0.34235469,0.48991,-0.09088468506813047,Patch transformer,SNV + patches(16)
K,1000,1,3,2bd8efb0ed603ea05eb3cb356ee24c86,0.284452914046928,0.8648836,0.48991,-0.5804306876185688,Patch transformer,SNV + patches(16)
K,1000,1,3,f405eaf8cd6147de20b9a4ba58474051,0.21513,0.57374513,0.48991,-0.35861513149261476,Patch transformer,SNV + patches(16)
K,1000,1,3,b4381858fc9b76b89165544f2afeee86,0.04511,0.065095834,0.48991,-0.019985834434032443,Patch transformer,SNV + patches(16)
K,1000,1,3,2f2094747b4b62d53b208ebe0f78bd5f,1.96804,0.32893306,0.48991,1.63910693983078,Patch transformer,SNV + patches(16)
K,1000,1,3,11ccc178396aa3aeaeac8a385bfa1dd8,0.0,0.7281008,0.48991,-0.7281007766723633,Patch transformer,SNV + patches(16)
K,1000,1,3,a7020121ef583d89be2614e54edf4a1e,0.06765,-0.01189692,0.48991,0.07954692039042711,Patch transformer,SNV + patches(16)
K,1000,1,3,619cd81230d4626b2b144aba9e2e10eb,3.1353,0.79661614,0.48991,2.3386838629722595,Patch transformer,SNV + patches(16)
K,1000,1,3,b268e08e6255f4aae8dc90fe22c8435f,0.41104,0.28506118,0.48991,0.12597881940841676,Patch transformer,SNV + patches(16)
K,1000,1,3,204544fd5526e6e0c712a61a34d7352f,0.18324,0.23963308,0.48991,-0.05639308334350587,Patch transformer,SNV + patches(16)
K,1000,1,3,de90184cbb51e9c7f8f7debee56ef76e,0.56309,1.5112249,0.48991,-0.9481348659133911,Patch transformer,SNV + patches(16)
K,1000,1,3,e6d35ed6f409d4e1cdceb6bc00f448f5,0.29121,0.94305265,0.48991,-0.6518426494979859,Patch transformer,SNV + patches(16)
K,1000,1,3,48a2251751dc4d72463945b3fd5966d2,0.0,0.45951757,0.48991,-0.45951756834983826,Patch transformer,SNV + patches(16)
K,1000,1,3,fd600db4bffa3203140536951e98429e,0.60029,0.92011756,0.48991,-0.3198275570487976,Patch transformer,SNV + patches(16)
K,1000,1,3,2db2985a5a4e1c26188177f33319d7a8,0.28966,0.2878376,0.48991,0.001822405252456638,Patch transformer,SNV + patches(16)
K,1000,1,3,68456d5f832f6d951ef6ba1a3cc9f49a,0.0,2.1842353,0.48991,-2.1842353343963623,Patch transformer,SNV + patches(16)
K,1000,1,3,33f782d7084f4715fbb743401feb63eb,2.18654,0.74982053,0.48991,1.4367194695854186,Patch transformer,SNV + patches(16)
K,1000,1,3,a7a61aa23d25763bc591eabb5d3b0375,0.07333,0.11762934,0.48991,-0.04429934178113937,Patch transformer,SNV + patches(16)
K,1000,1,3,76679246d9439cf1e56b75b02ec18b67,5.49904,1.0074166,0.48991,4.491623394050598,Patch transformer,SNV + patches(16)
K,1000,1,3,b42d1ce1ee649818030182524c9084d9,1.08905826384981,0.46917683,0.48991,0.6198814349885735,Patch transformer,SNV + patches(16)
K,1000,1,3,2b1f82b96b5fe20da26cf7d671f79b05,2.7668,1.8157408,0.48991,0.9510591762542724,Patch transformer,SNV + patches(16)
K,1000,1,3,e40e038291fc455e20f5b4503af46819,0.12495,0.080547795,0.48991,0.04440220530033112,Patch transformer,SNV + patches(16)
K,1000,1,3,8501f952b5a1ed0b04c047af5345fa66,0.712056882704998,0.30718997,0.48991,0.4048669114964256,Patch transformer,SNV + patches(16)
K,1000,1,3,72e4eb97049b5b32e3995b13e6668bdf,0.91695,0.46631518,0.48991,0.45063481993675236,Patch transformer,SNV + patches(16)
K,1000,1,3,961d47cf7d10e023c65877bb6930c08b,2.64467,0.5190083,0.48991,2.1256617211532594,Patch transformer,SNV + patches(16)
K,1000,1,3,a7a0e7efa50464fd2f4bb63acd696b46,0.56832,0.41006088,0.48991,0.15825911743164067,Patch transformer,SNV + patches(16)
K,1000,1,3,e946e8215510f8fbb4938449671a7c09,0.0,0.067907885,0.48991,-0.06790788471698761,Patch transformer,SNV + patches(16)
K,1000,1,3,49d23efa0ea7d49fdacc9eadf3d396f8,0.02317,0.22100142,0.48991,-0.19783141644477845,Patch transformer,SNV + patches(16)
K,1000,1,3,b45c6c79944dac733605d6bc6b6f4fb0,3.60897,1.7819182,0.48991,1.8270518319320677,Patch transformer,SNV + patches(16)
K,1000,1,3,06db6299b5aa1b93bcbb612d03caad29,0.04418,0.3694456,0.48991,-0.3252655921649933,Patch transformer,SNV + patches(16)
K,1000,1,3,efd37415e003bb77ce1b1e819e6f4bd6,2.57304,0.8782139,0.48991,1.6948261175537112,Patch transformer,SNV + patches(16)
K,1000,1,3,bab4fb9242f27adcfb5b11383b58a4ec,2.11744,1.8888296,0.48991,0.22861041110992453,Patch transformer,SNV + patches(16)
K,1000,1,3,a45ea1b8847e988eccb4e35e9155cae9,3.53961,0.72590184,0.48991,2.8137081578826906,Patch transformer,SNV + patches(16)
K,1000,1,3,f007d24039ca3224069368bb055313f4,0.3821,0.8163583,0.48991,-0.4342583278656006,Patch transformer,SNV + patches(16)
K,1000,1,3,6231bbc9151eb30c4e5f02ccdb1045a4,1.36666,1.0719846,0.48991,0.2946753512954712,Patch transformer,SNV + patches(16)
K,1000,1,3,6d2078f7aebf286e05ae5f2f3aac738d,0.32971,0.300266,0.48991,0.029444002351760867,Patch transformer,SNV + patches(16)
K,1000,1,3,bdd9129eba75b1b86c0287ca09478c86,0.45346,0.43934953,0.48991,0.014110467872619603,Patch transformer,SNV + patches(16)
K,1000,1,3,4c9eb31424f7c22d84a6018275476d1f,0.2576,1.2390647,0.48991,-0.9814646934509277,Patch transformer,SNV + patches(16)
K,1000,1,3,30b51373acddad3c2e5b6e51dca20089,0.64413,0.5278749,0.48991,0.11625511301040647,Patch transformer,SNV + patches(16)
K,1000,1,3,acdec1cc1ecb1ff3f1e59000c8246fbf,14.63266,1.0457054,0.48991,13.586954562339782,Patch transformer,SNV + patches(16)
K,1000,1,3,7b60d0fe87d35eead47b8b62a58fd621,0.02386,0.18983462,0.48991,-0.1659746245288849,Patch transformer,SNV + patches(16)
K,1000,1,3,c6eb847b3c843a0e90f7daa159b57277,0.32973,0.29833534,0.48991,0.031394656400680565,Patch transformer,SNV + patches(16)
K,1000,1,3,d00b9db19387a9bdad3aa3cc5a014587,3.0468,0.4708706,0.48991,2.5759293859481813,Patch transformer,SNV + patches(16)
K,1000,1,3,357f2707aa63c6907c9c3dc27355b641,0.02324,0.4404693,0.48991,-0.41722929478645326,Patch transformer,SNV + patches(16)
K,1000,1,3,32d5d32cb9f549bb25e7c356ac40416d,0.0,0.6868231,0.48991,-0.6868231296539307,Patch transformer,SNV + patches(16)
K,1000,1,3,2b394cf78bf48f7d5c25b936e5c45822,0.0,0.08878804,0.48991,-0.08878803998231888,Patch transformer,SNV + patches(16)
K,1000,1,3,6341bcabedfe88338a12f8bc71ee3b5a,0.02467,0.09882426,0.48991,-0.07415426261901856,Patch transformer,SNV + patches(16)
K,1000,1,3,7b95246557936f22ed21dcc61e08aa96,0.16226,0.40024933,0.48991,-0.23798933218955995,Patch transformer,SNV + patches(16)
K,1000,1,3,620f96b684a7d783ffffb78553ad3c41,0.905928692004706,0.4312155,0.48991,0.4747131971335665,Patch transformer,SNV + patches(16)
K,1000,1,3,ac81a6ac56f78b9c94f0837736348b27,1.23429,0.24924116,0.48991,0.9850488416337968,Patch transformer,SNV + patches(16)
K,1000,1,3,e319cef259f9302ff3e9efbecf1dce29,1.1097,0.41168204,0.48991,0.6980179605007171,Patch transformer,SNV + patches(16)
K,1000,1,3,21038e714647a4a6952d9ed3f00a9eab,0.40701,0.26940793,0.48991,0.13760207201004027,Patch transformer,SNV + patches(16)
K,1000,1,3,5b0887646a115a56921482bcc4ef26cb,0.1227,0.41207296,0.48991,-0.2893729565620422,Patch transformer,SNV + patches(16)
K,1000,1,3,3af905436608e07322ec7387f4459af1,0.54025,0.8166638,0.48991,-0.27641380167007445,Patch transformer,SNV + patches(16)
K,1000,1,3,20ad67c86e86f1b76632f1078515469b,0.17481,0.42888796,0.48991,-0.2540779632949829,Patch transformer,SNV + patches(16)
K,1000,1,3,84b9b4369962085b84fef692c90119e0,0.2906,0.51179284,0.48991,-0.22119283857345579,Patch transformer,SNV + patches(16)
K,1000,1,3,b1741f09ac6b337c82caaceff5e07595,4.88361,2.1085725,0.48991,2.775037516937256,Patch transformer,SNV + patches(16)
K,1000,1,3,ea6886e6852f71fd270241135ee555c6,0.38512,0.19517872,0.48991,0.18994128262519838,Patch transformer,SNV + patches(16)
K,1000,1,3,53ea29fc690776fbd09476d7a1f05622,0.0,0.84786475,0.48991,-0.8478647470474243,Patch transformer,SNV + patches(16)
K,1000,1,3,924a79e04d10a494ab516d69f760eee4,0.54148,0.40597492,0.48991,0.1355050754356384,Patch transformer,SNV + patches(16)
K,1000,1,3,430f2ce0d7851271a6307c045a4b9d77,0.17783,0.85680246,0.48991,-0.6789724635314942,Patch transformer,SNV + patches(16)
K,1000,1,3,3db5a0ea5b08b80a838da5358abdf76b,0.39193,0.64823747,0.48991,-0.2563074668121338,Patch transformer,SNV + patches(16)
K,1000,1,3,54a5914d8e1df8cf47c6d8f9ba78455b,0.66328,0.8770561,0.48991,-0.2137761218261719,Patch transformer,SNV + patches(16)
K,1000,1,3,14a852667a48d18ec5143f0d43953719,1.4029,2.0089433,0.48991,-0.6060433193206787,Patch transformer,SNV + patches(16)
K,1000,1,3,a0a19941c709824f812587256205e8a6,0.87066,0.38372275,0.48991,0.4869372476673126,Patch transformer,SNV + patches(16)
K,1000,1,3,e74d40feda7cda5b38c36576d8bc4049,1.00672,0.523153,0.48991,0.483566992969513,Patch transformer,SNV + patches(16)
K,1000,1,3,b08a4981475ad0f534da0fc396b3a8fa,3.86664,2.5434594,0.48991,1.3231805845642088,Patch transformer,SNV + patches(16)
K,1000,1,3,0497d4faf6510896cfd24e655cad97bb,0.13493,0.6018009,0.48991,-0.46687091857910157,Patch transformer,SNV + patches(16)
K,1000,1,3,135180bc0110c9e2587b2d89efed9827,0.16349,1.6620247,0.48991,-1.498534736404419,Patch transformer,SNV + patches(16)
K,1000,1,3,895b6a5f5a7ee7a2b70a0f4bbb0eaff3,0.94878,0.52031785,0.48991,0.4284621475028991,Patch transformer,SNV + patches(16)
K,1000,1,3,93da62a75bfaf0159aa35b54e69ddb3b,0.17948,0.4727856,0.48991,-0.2933055920791626,Patch transformer,SNV + patches(16)
K,1000,1,3,20be28033b5afe2532a8e4e9b0a0b535,0.15341,0.32772663,0.48991,-0.17431663235664369,Patch transformer,SNV + patches(16)
K,1000,1,3,8126d85ee26e4ff17091d47e75571357,1.78883830374955,0.9691519,0.48991,0.8196863896298296,Patch transformer,SNV + patches(16)
K,1000,1,3,436ccddcb3564b54f5da87b79dd52eb8,2.12694,0.98921216,0.48991,1.1377278446578978,Patch transformer,SNV + patches(16)
K,1000,1,3,bd3701743c4c5b34a5727d0591a625f5,0.07055,0.3401245,0.48991,-0.2695744878768921,Patch transformer,SNV + patches(16)
K,1000,1,3,a1410290fc9f6074d7764dea9bebb96d,0.41536,0.26528314,0.48991,0.15007686244010926,Patch transformer,SNV + patches(16)
K,1000,1,3,b4f2c65f01d08fb697fe717b5b74322d,0.04384,0.040179327,0.48991,0.003660672869682309,Patch transformer,SNV + patches(16)
K,1000,1,3,32fdda0b4b43b44444cd95e24d4b46a2,1.23682,1.34615,0.48991,-0.10933004062652585,Patch transformer,SNV + patches(16)
K,1000,1,3,12a3d535a6e150d8596a546f6ef184ec,0.20093,0.13853286,0.48991,0.0623971379327774,Patch transformer,SNV + patches(16)
K,1000,1,3,a102daa74f3bda0501bb72d55ed988a2,0.18694,0.70006526,0.48991,-0.5131252551651001,Patch transformer,SNV + patches(16)
K,1000,1,3,9dff76271bed68ec6d7b597393c56eb5,0.37535,0.48509276,0.48991,-0.10974275913238524,Patch transformer,SNV + patches(16)
K,1000,1,3,51a9571827dc3ae1ff8660bcd90cf56a,0.33809,0.5732158,0.48991,-0.2351257826423645,Patch transformer,SNV + patches(16)
K,1000,1,3,d373bd588365badb17994e252d828958,1.16245,0.7887676,0.48991,0.3736824237823486,Patch transformer,SNV + patches(16)
K,1000,1,3,a0210097efd5aaef9e558621397f3fc4,0.07072,0.13207246,0.48991,-0.06135246363162994,Patch transformer,SNV + patches(16)
K,1000,1,3,86ea864c893f4a3af56fbc1274e41d61,0.02422,0.22123055,0.48991,-0.19701055160045625,Patch transformer,SNV + patches(16)
K,1000,1,3,d401fd6bd5d4d60da558204391eb8393,0.5498,0.46620563,0.48991,0.08359437327384944,Patch transformer,SNV + patches(16)
K,1000,1,3,33e52c8477f55951df903afc85444457,0.45628,1.1684073,0.48991,-0.7121273209762573,Patch transformer,SNV + patches(16)
K,1000,1,3,858b2367aab2a46cc4921981b126aa0f,0.99279,2.2635772,0.48991,-1.2707872228240968,Patch transformer,SNV + patches(16)
K,1000,1,3,2238b17b0400ef1ec59a53a987b5e6f3,1.40544,1.0043952,0.48991,0.4010447534942627,Patch transformer,SNV + patches(16)
K,1000,1,3,4fc6eae29f575b36a555874b8b7458ed,2.93104,1.7286824,0.48991,1.2023576012039183,Patch transformer,SNV + patches(16)
K,1000,1,3,6f1d7d451a4efb119825a65c3d0eab60,0.13773,0.80392355,0.48991,-0.6661935472679138,Patch transformer,SNV + patches(16)
K,1000,1,3,e0d6137913f5ac414a49445801c6e2cc,2.92536,1.1312975,0.48991,1.7940625308609008,Patch transformer,SNV + patches(16)
K,1000,1,3,d02787ab44493fd7df96d988503034b7,3.82139,0.7566668,0.48991,3.0647232204818726,Patch transformer,SNV + patches(16)
K,1000,1,3,6bb31ca065b8464a03932b6a29cf6f2e,0.06963,0.13362293,0.48991,-0.0639929294538498,Patch transformer,SNV + patches(16)
K,1000,1,3,d04c16aeaf6519a851f7f2b9dae8a9aa,0.66945,0.2901455,0.48991,0.37930451340675353,Patch transformer,SNV + patches(16)
K,1000,1,3,5f2f6af082871018476de5ee5884a5cc,3.31776,1.061817,0.48991,2.2559429500198362,Patch transformer,SNV + patches(16)
K,1000,1,3,d68e7bcf73d25d6152a8557464dc828c,0.25637,1.1624298,0.48991,-0.9060598095703125,Patch transformer,SNV + patches(16)
K,1000,1,3,aff6cb1e7bea04227b5649c10aee640e,1.96043,2.694199,0.48991,-0.7337690852355958,Patch transformer,SNV + patches(16)
K,1000,1,3,28b1ba7b0d18dad39d689f29bec0a374,0.14511,0.44880098,0.48991,-0.3036909810447693,Patch transformer,SNV + patches(16)
K,1000,1,3,7ebd5e491f55e275a431a7eb9c3a003c,0.235,0.55926037,0.48991,-0.324260368347168,Patch transformer,SNV + patches(16)
K,1000,1,3,1e9486a39fd16d4e9f20f893ea7838c0,2.22119,0.6469778,0.48991,1.5742122177505493,Patch transformer,SNV + patches(16)
K,1000,1,3,0608bc5b1f0189c59d02e0732e189ac0,0.11884,0.5946457,0.48991,-0.4758056789970398,Patch transformer,SNV + patches(16)
K,1000,1,3,81fe0324b34c01bd842e2d52ea45fdc9,1.1955,0.30087218,0.48991,0.8946278231143951,Patch transformer,SNV + patches(16)
K,1000,1,3,d896252b885a4ee25bcd7639d819d79f,0.18627,0.46405008,0.48991,-0.2777800843524933,Patch transformer,SNV + patches(16)
K,1000,1,3,024d999c74bf4c0f684982ac44c8f122,0.65531,0.46554896,0.48991,0.18976103764533991,Patch transformer,SNV + patches(16)
K,1000,1,3,470ba587eac2869469e728b2fa916d22,2.41167,1.7942722,0.48991,0.6173978156280517,Patch transformer,SNV + patches(16)
K,1000,1,3,4e3117da7611fcb33c281734ed529730,0.94641,0.5504597,0.48991,0.3959503170585632,Patch transformer,SNV + patches(16)
K,1000,1,3,f47089f70e1fb491c6336d4f6d1ed90f,0.39985,0.14969246,0.48991,0.2501575391054153,Patch transformer,SNV + patches(16)
K,1000,1,3,7e7caccbdb0d97dbfd51f2a40efbcfb0,0.67352,0.7530373,0.48991,-0.07951727388381957,Patch transformer,SNV + patches(16)
K,1000,1,3,72ac18dc23e4bab54b459ae4a3c53e0c,0.09014,0.36799824,0.48991,-0.27785824237823487,Patch transformer,SNV + patches(16)
K,1000,1,3,2c10b3ed9d6c2cbb5a2ace5cd6b82996,0.0,1.4937135,0.48991,-1.4937134981155396,Patch transformer,SNV + patches(16)
K,1000,1,3,b672b2a4ac8bb8c3ebbb578622ce3b9f,0.19737,0.31858656,0.48991,-0.12121655810356141,Patch transformer,SNV + patches(16)
K,1000,1,3,857720db42b364e3649e177e1d874f65,2.18545,1.2536448,0.48991,0.9318051759719848,Patch transformer,SNV + patches(16)
K,1000,1,3,c089abd15f5148ea358bf442d25f8583,0.25663,2.0343683,0.48991,-1.7777382765960694,Patch transformer,SNV + patches(16)
K,1000,1,3,8ea3796ba9ed0e7376e0abadf4b07ff4,0.347843879482326,0.27086696,0.48991,0.07697691919523186,Patch transformer,SNV + patches(16)
K,1000,1,3,5f9f453bc412b2ca11f5a1a484cfd67b,0.12412,0.25081655,0.48991,-0.12669655383110046,Patch transformer,SNV + patches(16)
K,1000,1,3,6b320606f82d6e78389c83d90d839463,0.25081,0.24587247,0.48991,0.004937532243728615,Patch transformer,SNV + patches(16)
K,1000,1,3,32e7ae1a80c129fb3af42a182a0f8a3f,0.0,0.20764875,0.48991,-0.20764875411987305,Patch transformer,SNV + patches(16)
K,1000,1,3,88650ee4ef05a13eaf223de9c0649e0d,0.73876,1.0697103,0.48991,-0.3309502546691895,Patch transformer,SNV + patches(16)
K,1000,1,3,f74cd7b369366f1aa889ae73684d7175,0.36719,0.5474782,0.48991,-0.18028819900512694,Patch transformer,SNV + patches(16)
K,1000,1,3,e5a16b47066ffce05ec9bac351571df6,0.12435,0.31933644,0.48991,-0.19498644413948057,Patch transformer,SNV + patches(16)
K,1000,1,3,c558596eeb4f44ef4d162c6bbad95b90,0.0227,0.07193308,0.48991,-0.0492330832362175,Patch transformer,SNV + patches(16)
K,1000,1,3,123a0e1ebc5d3650ee548a26ec055c7a,0.4806,0.8817399,0.48991,-0.4011399144172668,Patch transformer,SNV + patches(16)
K,1000,1,3,db1f8ed5290436e6e98660d3f2602d1e,4.1887,3.4402006,0.48991,0.7484994327545165,Patch transformer,SNV + patches(16)
K,1000,1,3,318c239f9e8b18f935858848c6556cd6,0.0,0.058393735,0.48991,-0.05839373543858528,Patch transformer,SNV + patches(16)
K,1000,1,3,630be0429c8f24813891b533f5865312,2.43397,1.1829407,0.48991,1.2510292784881591,Patch transformer,SNV + patches(16)
K,1000,1,3,11306285570a3c89c354738fcaa3447b,0.38858,0.9936116,0.48991,-0.6050315741729737,Patch transformer,SNV + patches(16)
K,1000,1,3,ce6e1a455114caabc72d6d5248a1916f,1.31002,1.4464253,0.48991,-0.13640531871795658,Patch transformer,SNV + patches(16)
K,1000,1,3,d1f1122aa923476a082984eed65677a0,0.02326,0.61424124,0.48991,-0.5909812424087525,Patch transformer,SNV + patches(16)
K,1000,1,3,8d1892f8f316294a7bfd1c5438f48c03,1.14825,0.7356609,0.48991,0.4125890893936157,Patch transformer,SNV + patches(16)
K,1000,1,3,f73ed8e0f5db646a38b4907c4e572063,0.85225,1.7594281,0.48991,-0.9071781435012818,Patch transformer,SNV + patches(16)
K,1000,1,3,10d43c462aed99b3223500fc588db3b7,1.52452,0.443376,0.48991,1.0811439953041078,Patch transformer,SNV + patches(16)
K,1000,1,3,f9c4dcd895ecda2c975f533d18a6ecfd,1.34892,0.24987912,0.48991,1.0990408782196044,Patch transformer,SNV + patches(16)
K,1000,1,3,8f142cc4202fd47e5fa8ef2086ff18ff,0.24771,0.3916647,0.48991,-0.1439547136211395,Patch transformer,SNV + patches(16)
K,1000,1,3,4b502923e3c50c376e3090b699466fbd,1.06367,0.47829255,0.48991,0.5853774453830718,Patch transformer,SNV + patches(16)
K,1000,1,3,392f7edeb4dd61348b779e64d95d826b,5.78984,1.8216931,0.48991,3.9681469372177123,Patch transformer,SNV + patches(16)
K,1000,1,3,bdb961d96c8168afee182c3ff52535d9,0.54137,0.7283332,0.48991,-0.1869631751823425,Patch transformer,SNV + patches(16)
K,1000,1,3,bf37b68768d899e72927170550178302,0.07693,0.13474527,0.48991,-0.057815270013809206,Patch transformer,SNV + patches(16)
K,1000,1,3,229e5bacdf4a9fcdbd0da790837b2d4a,0.85803,0.4096684,0.48991,0.44836161401748653,Patch transformer,SNV + patches(16)
K,1000,1,3,3929bf35266614989e73e126ff12d74d,0.22859,2.3598118,0.48991,-2.131221782836914,Patch transformer,SNV + patches(16)
K,1000,1,3,eb29038b94607698c545919f6fcf10b5,0.36669,0.626251,0.48991,-0.2595609822845459,Patch transformer,SNV + patches(16)
K,1000,1,3,9322614956e11512e4f9f38b718e9d6e,0.0,0.80286133,0.48991,-0.8028613328933716,Patch transformer,SNV + patches(16)
K,1000,1,3,d17871b8636dbabf8bf2447a3c5a085a,4.26796,1.1982738,0.48991,3.0696862220382695,Patch transformer,SNV + patches(16)
K,1000,1,3,aae4036640dfa4670f63371dd30e5195,0.40637,0.9287758,0.48991,-0.5224057873535156,Patch transformer,SNV + patches(16)
K,1000,1,3,9ba1096414172bc1f9e49ce5630958a9,0.33369,0.21449172,0.48991,0.11919827503204344,Patch transformer,SNV + patches(16)
K,1000,1,3,790e294e1ec470f0ab9918b05bf87d8b,0.38456,0.9539264,0.48991,-0.5693663844490051,Patch transformer,SNV + patches(16)
K,1000,1,3,b3c7a3e02948848f5f0194210c69ca12,0.70782,0.3520422,0.48991,0.35577780181884766,Patch transformer,SNV + patches(16)
K,1000,1,3,c250a9d5572af17c4b5e2cf779c7f509,0.22698,1.4849131,0.48991,-1.2579331107330323,Patch transformer,SNV + patches(16)
K,1000,1,3,ff71453b421c92307febc5336ae209ac,0.62606,0.45750487,0.48991,0.1685551314926147,Patch transformer,SNV + patches(16)
K,1000,1,3,24d5ca5712e35188f2c473c01fd4952c,2.19845,0.6006495,0.48991,1.5978005239486692,Patch transformer,SNV + patches(16)
K,1000,1,3,73b22a4c037fba7ee2644a5b3e3826e2,0.02485,0.19652694,0.48991,-0.17167694463729857,Patch transformer,SNV + patches(16)
K,1000,1,3,de20fc8f6776dfb267171a43d11bb7ce,2.2012,0.8563683,0.48991,1.3448316967010499,Patch transformer,SNV + patches(16)
K,1000,1,3,128f6f227dba829870c0b8306a2e2240,0.17463,0.120203175,0.48991,0.05442682534933091,Patch transformer,SNV + patches(16)
K,1000,1,3,bb40611963e38e4d4f75e1ce27e44ad5,2.01672,1.4244466,0.48991,0.5922734172058104,Patch transformer,SNV + patches(16)
K,1000,1,3,2cb0667a09cb3872afe6832658ba6930,0.4998,2.345542,0.48991,-1.8457419540405273,Patch transformer,SNV + patches(16)
N,1000,1,4,4901fbbecccbc8523b1ffc26d1b5d9a4,3.44367,2.4881592,0.16349,0.9555108203125,Patch transformer,SNV + patches(16)
N,1000,1,4,7a9bac2ad491995c7f729047a2e1c164,0.10812,0.2723558,0.16349,-0.16423579490661622,Patch transformer,SNV + patches(16)
N,1000,1,4,eb4961960138f6541633f3eab3582e37,0.0,0.032831274,0.16349,-0.03283127397298813,Patch transformer,SNV + patches(16)
N,1000,1,4,5db409bd7e44e43453b43ed15d6c220b,0.0,0.21866561,0.16349,-0.21866561472415924,Patch transformer,SNV + patches(16)
N,1000,1,4,64df4001f982c283885865a09fd6eff3,0.01982,0.09485769,0.16349,-0.07503769271850586,Patch transformer,SNV + patches(16)
N,1000,1,4,3ca44ead31d5008f64e0eaa2fb229b3b,0.58748,0.111408986,0.16349,0.4760710138487816,Patch transformer,SNV + patches(16)
N,1000,1,4,54b1112b81624617cbf716aa39370252,0.08,0.04712191,0.16349,0.032878091484308244,Patch transformer,SNV + patches(16)
N,1000,1,4,c114fd7deae42087498cb7edadae9168,0.10388,0.09075611,0.16349,0.013123889153003693,Patch transformer,SNV + patches(16)
N,1000,1,4,2276802536cc180302810c965a4c5830,0.01412,0.080332,0.16349,-0.06621200353384019,Patch transformer,SNV + patches(16)
N,1000,1,4,6f24783cbf17d29281c411994b2b8667,0.02018,0.16599098,0.16349,-0.14581097847938537,Patch transformer,SNV + patches(16)
N,1000,1,4,06a2bbf134abb8e37007c1f682da8209,0.02394,0.046030775,0.16349,-0.02209077471256256,Patch transformer,SNV + patches(16)
N,1000,1,4,f06bd68c23c44d9438ebcce434d51810,2.54688,2.2918975,0.16349,0.25498246467590313,Patch transformer,SNV + patches(16)
N,1000,1,4,89665c00349498e053950cff51fef46b,0.20247,0.20455384,0.16349,-0.002083842544555653,Patch transformer,SNV + patches(16)
N,1000,1,4,6a01a50ec5c840206413f752d8222fa0,0.01502,0.018751426,0.16349,-0.003731425668597221,Patch transformer,SNV + patches(16)
N,1000,1,4,1ca5fbcad50377b3ef0efb63f3e6e73f,0.34311,0.27039865,0.16349,0.07271135340690615,Patch transformer,SNV + patches(16)
N,1000,1,4,0264138a7644659aad5d4b1284513788,1.41907,0.86050045,0.16349,0.5585695450973511,Patch transformer,SNV + patches(16)
N,1000,1,4,85dd08cc078e18c4d025f95ed10ac17a,1.05399,1.2501246,0.16349,-0.19613457370758058,Patch transformer,SNV + patches(16)
N,1000,1,4,fac936a0280a8651275c3535754482cc,0.19222,0.06889094,0.16349,0.12332906332731247,Patch transformer,SNV + patches(16)
N,1000,1,4,11cd06e062f9b0d24d6aa2e33f794262,0.86703,0.97798336,0.16349,-0.1109533555221558,Patch transformer,SNV + patches(16)
N,1000,1,4,ac9c0c9a47b3a9b990facc143484820e,0.02002,0.04201936,0.16349,-0.02199935976743698,Patch transformer,SNV + patches(16)
N,1000,1,4,835faa4734d7161a1f458abd6e263e44,0.74609,0.18048225,0.16349,0.5656077465677262,Patch transformer,SNV + patches(16)
N,1000,1,4,a2a76efe45d6f7b6587d20f73b279f40,0.37338,0.18729962,0.16349,0.18608037591457366,Patch transformer,SNV + patches(16)
N,1000,1,4,ea03b67bbcafb6c248af3d6d57b2d224,1.03331,1.3061793,0.16349,-0.2728692850494385,Patch transformer,SNV + patches(16)
N,1000,1,4,7c2d51bd5b17188a6e95c55131279055,0.09221,0.043695793,0.16349,0.04851420744419098,Patch transformer,SNV + patches(16)
N,1000,1,4,bcbcaac310de1aeefcdf0b9d9055ebe1,0.43833,0.31410223,0.16349,0.12422776754379272,Patch transformer,SNV + patches(16)
N,1000,1,4,33b25ac85df7fa8a46cec7cde157114c,0.40307,0.20231473,0.16349,0.20075526554107664,Patch transformer,SNV + patches(16)
N,1000,1,4,9693aafcf7311fc46484eb7fc37fd897,0.34119,0.3115622,0.16349,0.0296277896785736,Patch transformer,SNV + patches(16)
N,1000,1,4,6b2b1feff51712d72da0ba274cba6bad,0.60882,0.8121961,0.16349,-0.20337607591629026,Patch transformer,SNV + patches(16)
N,1000,1,4,b094a57054220e1285c9fa037c85881c,0.08137,0.081227325,0.16349,0.00014267509698867586,Patch transformer,SNV + patches(16)
N,1000,1,4,3e902c9e02a828df1bf213a5ca1e89f4,0.08421,0.090820946,0.16349,-0.006610945799350745,Patch transformer,SNV + patches(16)
N,1000,1,4,4f91e748e08d3dca1356b09bbf1c7ca6,0.50179,0.39730388,0.16349,0.10448612073898311,Patch transformer,SNV + patches(16)
N,1000,1,4,4deb31efe20d998d0f54e8c18e420b9d,0.03477,0.04683432,0.16349,-0.012064319829940794,Patch transformer,SNV + patches(16)
N,1000,1,4,9316dfe84939f71203208c82382c3a62,2.0945,1.9395888,0.16349,0.15491121482849124,Patch transformer,SNV + patches(16)
N,1000,1,4,45025be0b24ddb196a635f0a823cd3b4,0.1563,0.14863598,0.16349,0.007664016532897944,Patch transformer,SNV + patches(16)
N,1000,1,4,6770686c244b82e6a180c6e74f699ad6,0.20789,0.17704606,0.16349,0.030843939437866202,Patch transformer,SNV + patches(16)
N,1000,1,4,c26dc85189a4eadb582886683895dc7f,0.13415,0.08139688,0.16349,0.052753122234344474,Patch transformer,SNV + patches(16)
N,1000,1,4,7368c046574e41b07984fdebda1f1d5f,0.11108,0.11449917,0.16349,-0.0034191666078567523,Patch transformer,SNV + patches(16)
N,1000,1,4,80323f54e416a173059874b11516a72b,0.09633,0.05700354,0.16349,0.03932646094441414,Patch transformer,SNV + patches(16)
N,1000,1,4,2c4db5f46a2f621808061adbfcd9220d,0.18473,0.17673549,0.16349,0.007994509439468389,Patch transformer,SNV + patches(16)
N,1000,1,4,706ed5ba587e13162bb61ecefcdc27f7,0.08608,0.07609728,0.16349,0.009982720212936405,Patch transformer,SNV + patches(16)
N,1000,1,4,42e9614aace2d79101725844e029fa14,0.07547,0.10626536,0.16349,-0.030795358626842503,Patch transformer,SNV + patches(16)
N,1000,1,4,80bdc0cc5c10da927f5636f8ce895fd7,0.31493,0.10569013,0.16349,0.2092398708987236,Patch transformer,SNV + patches(16)
N,1000,1,4,08516523faf54b704cefe75b568024b8,0.02519,0.025813323,0.16349,-0.0006233225142955774,Patch transformer,SNV + patches(16)
N,1000,1,4,c6f45b2681be191ba7612fad4cf06e53,0.2359,0.14421546,0.16349,0.09168453540802002,Patch transformer,SNV + patches(16)
N,1000,1,4,a2395bac9bf63c1274c454829fab87ae,0.07203,0.19794004,0.16349,-0.12591003665447237,Patch transformer,SNV + patches(16)
N,1000,1,4,e8525f8a87831da5de041b8ea9841dfd,0.13894,0.09597062,0.16349,0.04296937680482865,Patch transformer,SNV + patches(16)
N,1000,1,4,072df7a1dec9339c3c7d2fbdf9effa31,0.43857,0.42946744,0.16349,0.009102560348510758,Patch transformer,SNV + patches(16)
N,1000,1,4,cd7f5fef66e69a006c3190b4745dfe76,0.401,0.3797256,0.16349,0.021274394750595116,Patch transformer,SNV + patches(16)
N,1000,1,4,f7a4ccbd2fd8750c679e43ff313575cd,0.0418,0.11313851,0.16349,-0.07133851177692413,Patch transformer,SNV + patches(16)
N,1000,1,4,c0bfbf39baa8d0d7553529066274704e,0.13529,0.13271262,0.16349,0.0025773824834823544,Patch transformer,SNV + patches(16)
N,1000,1,4,5ed1afe3bc164cfa0df02fe3cc928f49,0.06286,0.1589241,0.16349,-0.09606410278320313,Patch transformer,SNV + patches(16)
N,1000,1,4,3d2e01065bf7fdc0037423f929aff5f5,3.51363,2.223184,0.16349,1.2904458912658692,Patch transformer,SNV + patches(16)
N,1000,1,4,c1baec638c1045b2bb99d6f54c73e8a0,0.11377,0.12100264,0.16349,-0.007232636849880222,Patch transformer,SNV + patches(16)
N,1000,1,4,ebcd27f2c8751067973379b27ec051e3,0.31703,0.31623495,0.16349,0.0007950537490844511,Patch transformer,SNV + patches(16)
N,1000,1,4,6af48ceed55cee4a5d8d30974d286fd3,0.04787,0.11605436,0.16349,-0.06818436354875565,Patch transformer,SNV + patches(16)
N,1000,1,4,5c8bbc93a0158668272fb9ee6cc266fb,0.32417,0.20105228,0.16349,0.12311772171974183,Patch transformer,SNV + patches(16)
N,1000,1,4,b90ba3f655313e010db7cdfc03c6121c,0.05154,0.1124309,0.16349,-0.06089090033531189,Patch transformer,SNV + patches(16)
N,1000,1,4,ef60208e20ec4b1dfdc3e1f7ddd198d7,2.14753,2.5609727,0.16349,-0.41344269058227523,Patch transformer,SNV + patches(16)
N,1000,1,4,9cf27c079257fc5eeb8597dff385afe2,0.13,0.03875902,0.16349,0.0912409807741642,Patch transformer,SNV + patches(16)
N,1000,1,4,02a25a0dd1a5f7984277f1f846e89943,0.07,0.05512178,0.16349,0.01487822055816651,Patch transformer,SNV + patches(16)
N,1000,1,4,4aa84e5faa7cb0d6e7712639aecddf48,0.15,0.008352037,0.16349,0.14164796341210603,Patch transformer,SNV + patches(16)
N,1000,1,4,801e7a34979c9469a1a89de957af64af,0.296,0.07631167,0.16349,0.2196883297562599,Patch transformer,SNV + patches(16)
N,1000,1,4,f432cf44fec117d2e2e2ab38847addac,0.40588,0.33939573,0.16349,0.06648426831245424,Patch transformer,SNV + patches(16)
N,1000,1,4,e0f429fe46cdd8be8aa05082390d65b2,0.09062,0.095243305,0.16349,-0.004623304967880243,Patch transformer,SNV + patches(16)
N,1000,1,4,1907feb687168c0cdca818cbb9f3a6a0,1.19982,0.9610215,0.16349,0.23879851705551158,Patch transformer,SNV + patches(16)
N,1000,1,4,1bd9bda1ba0790993d83482bfef86da5,0.06,0.27883095,0.16349,-0.21883094549179077,Patch transformer,SNV + patches(16)
N,1000,1,4,667276a2db9fdf7e7d3c4f615603e1ff,2.37338,2.3831742,0.16349,-0.009794180984497025,Patch transformer,SNV + patches(16)
N,1000,1,4,f81d1fc55054863e067452922f350e01,1.25113,1.170943,0.16349,0.08018697822570808,Patch transformer,SNV + patches(16)
N,1000,1,4,30db98afaa4ab6328d6419ed52eab8b1,0.40004,0.39626306,0.16349,0.003776937046051032,Patch transformer,SNV + patches(16)
N,1000,1,4,162031eea9510545d02ef86dd787661a,0.19495,0.14358477,0.16349,0.051365227055549634,Patch transformer,SNV + patches(16)
N,1000,1,4,4c8f8109094a3a6b44274974321cda05,0.01121,0.0324288,0.16349,-0.021218801059722903,Patch transformer,SNV + patches(16)
N,1000,1,4,71b1523d3d1e50abfd901358eb701ee8,0.19,0.07145352,0.16349,0.1185464808344841,Patch transformer,SNV + patches(16)
N,1000,1,4,0aaaa8ef9342c8fa9afe998aff2eeafb,0.14482,0.14577982,0.16349,-0.0009598182964324908,Patch transformer,SNV + patches(16)
N,1000,1,4,86ab59dc3cae5e4c2dbe02fc1937d331,1.49215,1.7080228,0.16349,-0.2158728328704833,Patch transformer,SNV + patches(16)
N,1000,1,4,5f5069f3d8d809412086e71225ff7d4d,0.08,0.054983996,0.16349,0.025016004145145418,Patch transformer,SNV + patches(16)
N,1000,1,4,ebf466745f8e42cabe4848419c508cb7,0.46962,0.49707302,0.16349,-0.0274530245113373,Patch transformer,SNV + patches(16)
N,1000,1,4,0504b575fb20914d5e075693fdbf30ec,0.36,0.27695984,0.16349,0.08304016351699828,Patch transformer,SNV + patches(16)
N,1000,1,4,d269ff31a6c76da779fc9f631a460ea8,2.99,2.5347579,0.16349,0.4552421474456789,Patch transformer,SNV + patches(16)
N,1000,1,4,b5b65bdd231ee238d8f112d9c5f0b17f,0.13108,0.122823626,0.16349,0.008256374197006228,Patch transformer,SNV + patches(16)
N,1000,1,4,aafa5bd3e4dea2030fddc763c9c54454,0.13123,0.099822335,0.16349,0.03140766505479814,Patch transformer,SNV + patches(16)
N,1000,1,4,20e80a2a91522646bdf58f7eb95960b6,0.84623,1.0296155,0.16349,-0.1833855214309692,Patch transformer,SNV + patches(16)
N,1000,1,4,ffc32ab0b3447ad05889711d5fcec949,0.61072,0.30513185,0.16349,0.3055881473731995,Patch transformer,SNV + patches(16)
N,1000,1,4,4750c665c02608160da23a7eb130ed74,1.49218,0.98821634,0.16349,0.5039636594581605,Patch transformer,SNV + patches(16)
N,1000,1,4,747958600ed892535f31f1071bf6c8de,0.21873,0.27434543,0.16349,-0.05561542775154113,Patch transformer,SNV + patches(16)
N,1000,1,4,38b204e2bc629c4f264ad863e08634c8,0.04843,0.09201351,0.16349,-0.043583508081436156,Patch transformer,SNV + patches(16)
N,1000,1,4,46e1cfa27f41ba26190d2478c2c59833,0.43364,0.4728363,0.16349,-0.03919628582954404,Patch transformer,SNV + patches(16)
N,1000,1,4,dd910a8d30554dd4bff01e7754b51ecb,0.20349,0.122345075,0.16349,0.08114492498874665,Patch transformer,SNV + patches(16)
N,1000,1,4,f14d9da41b0ccd2dee11424a4d3f8d84,0.05,0.14526612,0.16349,-0.09526611566543579,Patch transformer,SNV + patches(16)
N,1000,1,4,c6ed278073330f624902d93fb7cc0ae4,0.14644,0.15016447,0.16349,-0.0037244700765609873,Patch transformer,SNV + patches(16)
N,1000,1,4,c0d852aa784655fbff08215f63d925d0,0.26833,0.20506023,0.16349,0.06326977129459382,Patch transformer,SNV + patches(16)
N,1000,1,4,bb138d7f0c586b79f35aeb63ce033836,1.58167,1.5416886,0.16349,0.03998143856048575,Patch transformer,SNV + patches(16)
N,1000,1,4,80b3a495a55e7f77d349b69f0c221536,0.05138,0.0679668,0.16349,-0.016586796457767485,Patch transformer,SNV + patches(16)
N,1000,1,4,36d575cc92753a6c41deadd5f88eb97e,0.05352,0.048463188,0.16349,0.005056811888217924,Patch transformer,SNV + patches(16)
N,1000,1,4,02fec5e96e4eebd367da315247065b67,0.10432,0.14009024,0.16349,-0.03577024202823639,Patch transformer,SNV + patches(16)
N,1000,1,4,15fb8d5b4b2eb82ac63d31e8b0b0ff8c,0.05013,0.024944082,0.16349,0.025185918097496034,Patch transformer,SNV + patches(16)
N,1000,1,4,ec1b82edcddc47d69d188c30540d39e3,0.10113,0.13428251,0.16349,-0.03315251445293427,Patch transformer,SNV + patches(16)
N,1000,1,4,175a4e03139da31b62f46837093fff0f,0.09,0.11336426,0.16349,-0.02336425691843033,Patch transformer,SNV + patches(16)
N,1000,1,4,fd48c771fd6384ab94d749a99ec15f28,0.16,0.19258085,0.16349,-0.03258084893226623,Patch transformer,SNV + patches(16)
N,1000,1,4,7650ac715e5b60847a65ca2cba0d87cb,0.0627,0.078947335,0.16349,-0.01624733548164367,Patch transformer,SNV + patches(16)
N,1000,1,4,7bcfdab31984aaab3dd52baaf725e80f,0.01912,0.12475399,0.16349,-0.10563398927927017,Patch transformer,SNV + patches(16)
N,1000,1,4,defd2597845faad07a9696748f6f19e0,0.53183,0.43664637,0.16349,0.09518362792015078,Patch transformer,SNV + patches(16)
N,1000,1,4,c7dad40feb6516c2e21b899ca7c69141,0.17,0.1314571,0.16349,0.0385428947210312,Patch transformer,SNV + patches(16)
N,1000,1,4,a68b7305e3e31627f9019136dd82b7d6,0.25736,0.28811616,0.16349,-0.030756157054901145,Patch transformer,SNV + patches(16)
N,1000,1,4,944a66279e6707ca41f78fbd2d4a5852,0.39246,0.107080795,0.16349,0.28537920512914655,Patch transformer,SNV + patches(16)
N,1000,1,4,213a79642a9c576836dfc57a85e13f20,0.09053,0.13611381,0.16349,-0.04558380755901337,Patch transformer,SNV + patches(16)
N,1000,1,4,43fa058463a302802b74826230bc656d,0.20834,0.10644537,0.16349,0.10189462789535522,Patch transformer,SNV + patches(16)
N,1000,1,4,05059708b1fde529664c699b88db15d2,0.61668,0.5489791,0.16349,0.06770089643478394,Patch transformer,SNV + patches(16)
N,1000,1,4,3c35fa1f6cfe965f4aef61ed0d2d3c4b,1.06316,0.34698057,0.16349,0.7161794282531739,Patch transformer,SNV + patches(16)
N,1000,1,4,47ea830bd25c1f6ef7e4790147e7caaf,2.16169,2.5316212,0.16349,-0.369931217727661,Patch transformer,SNV + patches(16)
N,1000,1,4,09f20d8bf1de5c38bdddd5c8a9bd43ff,0.34199,0.26954648,0.16349,0.0724435210132599,Patch transformer,SNV + patches(16)
N,1000,1,4,bef0cbd7f4b309c1921e29e10eefc81c,1.77234,1.3228573,0.16349,0.4494827392959595,Patch transformer,SNV + patches(16)
N,1000,1,4,8917b6bae2cc726acbf15f1a8fc48899,0.64488,0.5086736,0.16349,0.13620639169692994,Patch transformer,SNV + patches(16)
N,1000,1,4,8f5fae9567c7aaca5f88e6d24b4a79c9,0.32771,0.185646,0.16349,0.14206400247573853,Patch transformer,SNV + patches(16)
N,1000,1,4,32ffa51af1fa615021ca012620e5e04d,0.20385,0.22096564,0.16349,-0.01711563875675201,Patch transformer,SNV + patches(16)
N,1000,1,4,7a84378eb76ca95ded74fb38c341d9d2,0.04136,0.05279452,0.16349,-0.011434519811868667,Patch transformer,SNV + patches(16)
N,1000,1,4,e1390ae9d6401d8c356cac476cc4d8dd,0.29726,0.15718675,0.16349,0.14007325340270999,Patch transformer,SNV + patches(16)
N,1000,1,4,b616197c685357b606ef638602668523,1.81646,2.00713,0.16349,-0.19066990760803226,Patch transformer,SNV + patches(16)
N,1000,1,4,84493bc6182fe050a49cd0d9a6fa5125,0.03007,0.023572307,0.16349,0.006497692919969558,Patch transformer,SNV + patches(16)
N,1000,1,4,620f68dbec6be8974b520f25cbae4b21,0.06106,0.063858226,0.16349,-0.002798225941658017,Patch transformer,SNV + patches(16)
N,1000,1,4,b8f263baaff5e563ccab8f52d4119339,0.06446,0.18565892,0.16349,-0.12119891683101654,Patch transformer,SNV + patches(16)
N,1000,1,4,33b874b1e65cfa92fd48fe0ca128986d,0.62919,0.5511596,0.16349,0.07803037971496585,Patch transformer,SNV + patches(16)
N,1000,1,4,cbc71159731249086d489b103b0e5cf8,0.02017,0.055138085,0.16349,-0.03496808503746986,Patch transformer,SNV + patches(16)
N,1000,1,4,f1178af3b3b8a51bcf6c2ef11304d581,0.59215,0.46699706,0.16349,0.1251529428005218,Patch transformer,SNV + patches(16)
N,1000,1,4,1f1cb5bdb847587808dd129e773c0223,0.0205,0.14778675,0.16349,-0.1272867513895035,Patch transformer,SNV + patches(16)
N,1000,1,4,1a36f0ebb5f842763ad490ec4b6eb964,0.05817,0.05220189,0.16349,0.0059681105446815486,Patch transformer,SNV + patches(16)
N,1000,1,4,1539ff29c10756893a5b827537199d43,0.11402,0.12635182,0.16349,-0.01233181844234467,Patch transformer,SNV + patches(16)
N,1000,1,4,27c8eea5f8420aeaf5ee4ee4902f30ef,1.72568,1.3255156,0.16349,0.40016437213897715,Patch transformer,SNV + patches(16)
N,1000,1,4,7dfced7c2dbb09378b7dfdd51a2829ae,0.15287,0.30246904,0.16349,-0.14959904492378234,Patch transformer,SNV + patches(16)
N,1000,1,4,512bed3c4081969b36cd1fdb399a7c1b,0.17,0.12018591,0.16349,0.04981408834457399,Patch transformer,SNV + patches(16)
N,1000,1,4,bbbb9d429dfb54ac0a43019d25c1e222,0.40462,0.16386569,0.16349,0.24075431453704832,Patch transformer,SNV + patches(16)
N,1000,1,4,5a6ab9771f1afed7b688467eb1a41dd8,0.68549,0.681341,0.16349,0.004149007549285932,Patch transformer,SNV + patches(16)
N,1000,1,4,64d3f294b5a53a390f41d58db1dc1cd1,0.17176,0.15580966,0.16349,0.015950344214439388,Patch transformer,SNV + patches(16)
N,1000,1,4,07b46d637b9054c6959b1d9298756b41,0.04034,0.035566375,0.16349,0.004773625340461732,Patch transformer,SNV + patches(16)
N,1000,1,4,05e37ff69b870fdc1d844a16986c480c,0.2376,0.12690854,0.16349,0.110691459274292,Patch transformer,SNV + patches(16)
N,1000,1,4,43d9da8b1f94803390da04b86a4c0940,0.0911,0.22182044,0.16349,-0.13072044386863707,Patch transformer,SNV + patches(16)
N,1000,1,4,4f36096da7e1c6dc5e882deeb9457e51,0.09257,0.09295227,0.16349,-0.0003822663354873662,Patch transformer,SNV + patches(16)
N,1000,1,4,7d1fae4ff70f9264801aa720c26c1ecd,0.26322,0.17711441,0.16349,0.08610558781147004,Patch transformer,SNV + patches(16)
N,1000,1,4,a4630525c8131e7ecc09ba5d3552542a,0.17176,0.075339355,0.16349,0.09642064542531967,Patch transformer,SNV + patches(16)
N,1000,1,4,788eecb8a5851a63cdd863c8751aaa9d,0.01916,0.028421978,0.16349,-0.009261977534890175,Patch transformer,SNV + patches(16)
N,1000,1,4,0fab876fc6d8031b8919c78c096d72d9,0.10911,0.15254787,0.16349,-0.04343786610603333,Patch transformer,SNV + patches(16)
N,1000,1,4,76e53a271b7246864f4f09b1f2cbb7b0,0.15208,0.12877487,0.16349,0.023305133538246148,Patch transformer,SNV + patches(16)
N,1000,1,4,f414b7b1733e6ba4bf7178985c8e1803,0.059,0.08013129,0.16349,-0.02113129234313965,Patch transformer,SNV + patches(16)
N,1000,1,4,01d082734d68a144b48705e2a1d90fd7,0.63555,0.67792034,0.16349,-0.04237034149169927,Patch transformer,SNV + patches(16)
N,1000,1,4,ef417108ebc33f95b9b41f3a5b754b58,2.74504,2.1975877,0.16349,0.5474522714996337,Patch transformer,SNV + patches(16)
N,1000,1,4,eac3a4c8f3ebc6e38901033fdbeff81a,0.01225,0.078108415,0.16349,-0.06585841500759125,Patch transformer,SNV + patches(16)
N,1000,1,4,6d841c36b29572b5b58fb61b55ed215f,0.00403,0.04778751,0.16349,-0.04375750985860825,Patch transformer,SNV + patches(16)
N,1000,1,4,79c43b6710971f00edd55d124d609000,0.17271,0.12657425,0.16349,0.04613575192451477,Patch transformer,SNV + patches(16)
N,1000,1,4,1bcaead4309555d16f991a82b3d671e1,0.31738,0.18396145,0.16349,0.1334185489463806,Patch transformer,SNV + patches(16)
N,1000,1,4,78eaa1ba0aa88e7b3b9ec7a62bc074c1,0.13623,0.04985457,0.16349,0.08637543086290358,Patch transformer,SNV + patches(16)
N,1000,1,4,a7ea9301647f57e7931c87382ec95f51,0.05052,0.052399542,0.16349,-0.0018795421826839423,Patch transformer,SNV + patches(16)
N,1000,1,4,7bde30e11d33309add72665932f1eecd,0.26688,0.2056629,0.16349,0.06121709383010865,Patch transformer,SNV + patches(16)
N,1000,1,4,31dca6aeabd77b58e555437aa262e436,0.41926,0.35454297,0.16349,0.06471702934265139,Patch transformer,SNV + patches(16)
N,1000,1,4,53a62ce21caf7ab72a2f789c7d000cc5,1.3118,2.1055608,0.16349,-0.7937607795715331,Patch transformer,SNV + patches(16)
N,1000,1,4,aa537df04d1d47c08416a0b3f0dc4338,0.03575,0.026978059,0.16349,0.008771941259503362,Patch transformer,SNV + patches(16)
N,1000,1,4,d23b64075a0bb8fc640cf06b53154569,0.92541,1.6587324,0.16349,-0.7333224142456055,Patch transformer,SNV + patches(16)
N,1000,1,4,3630f752aff28c49a504a40a8d9a363e,0.3129,0.13206108,0.16349,0.18083892085552217,Patch transformer,SNV + patches(16)
N,1000,1,4,80fa1ba08ba275e1a50413e95ef7b088,0.34928,0.15473703,0.16349,0.1945429745006561,Patch transformer,SNV + patches(16)
N,1000,1,4,b4364123065d73fb38b098a57b06574c,0.05049,0.10678516,0.16349,-0.05629516328334808,Patch transformer,SNV + patches(16)
N,1000,1,4,4ecfebe934e893451ab68daa74271e53,0.08668,0.06088512,0.16349,0.025794879816770547,Patch transformer,SNV + patches(16)
N,1000,1,4,a3523dc9e9db585afe7b46159d29b8a3,0.10179,0.08959842,0.16349,0.012191582717895513,Patch transformer,SNV + patches(16)
N,1000,1,4,79aeddc664de59068200a9f8a43914fc,0.0411,0.05354914,0.16349,-0.012449140691757205,Patch transformer,SNV + patches(16)
N,1000,1,4,c82db3a515797c669fe105383b103360,1.16344,0.9751901,0.16349,0.1882498969459534,Patch transformer,SNV + patches(16)
N,1000,1,4,342c2d1303eb04c3198d4596b85aa119,0.12662,0.09240128,0.16349,0.034218719000816356,Patch transformer,SNV + patches(16)
N,1000,1,4,6c411b76c88d81272c19254bf3ff5070,0.11122,0.1584802,0.16349,-0.047260197191238404,Patch transformer,SNV + patches(16)
N,1000,1,4,9afeeb117aef4d81145094607cd3b366,0.0,0.052606143,0.16349,-0.052606143057346344,Patch transformer,SNV + patches(16)
N,1000,1,4,40a98766ddd13c7c09ec9861c9574bf8,0.25013,0.26457533,0.16349,-0.014445332403182964,Patch transformer,SNV + patches(16)
N,1000,1,4,39ffd25e64ac1512afa71e6e83e5458e,0.14107,0.07285438,0.16349,0.06821562267065048,Patch transformer,SNV + patches(16)
N,1000,1,4,52c8c1d88d959d819807a57612779e67,0.39013,0.20837061,0.16349,0.18175938892841337,Patch transformer,SNV + patches(16)
N,1000,1,4,248bf86cf754298bb30dc68cf5e4e189,3.1181,2.541778,0.16349,0.5763219123840333,Patch transformer,SNV + patches(16)
N,1000,1,4,ce52f3cd254c8174e8c30daa6d9fcf76,0.10244,0.099830694,0.16349,0.002609305503368381,Patch transformer,SNV + patches(16)
N,1000,1,4,24749007d138208ee97624c9b090999a,0.06802,0.11512104,0.16349,-0.0471010367679596,Patch transformer,SNV + patches(16)
N,1000,1,4,da3034d612b2c3e102b93526b68e79f4,0.20216,0.17400347,0.16349,0.028156533036232,Patch transformer,SNV + patches(16)
N,1000,1,4,69e3fc97a50a08ca83d6ad0b4af4eae0,0.26256,0.28198782,0.16349,-0.019427816095352157,Patch transformer,SNV + patches(16)
N,1000,1,4,ed104a48a1043244908bda0093b0de1e,0.05104,0.08073022,0.16349,-0.029690222165584562,Patch transformer,SNV + patches(16)
N,1000,1,4,6eaee95400be35aea8ec728ca7f09129,0.13787,0.11312214,0.16349,0.0247478571486473,Patch transformer,SNV + patches(16)
N,1000,1,4,ee2cd15df288c73389dca5e038e33547,1.43414,1.1907794,0.16349,0.24336055244445798,Patch transformer,SNV + patches(16)
N,1000,1,4,846f6254612203cff336f3562a339d02,0.19329,0.12227104,0.16349,0.07101896140813826,Patch transformer,SNV + patches(16)
N,1000,1,4,1d484a8e1f8b28b921785d467630e645,0.00615,0.03462806,0.16349,-0.02847805971503258,Patch transformer,SNV + patches(16)
N,1000,1,4,f504ccb42ab3052ebef0bd6951b49616,0.11199,0.12047232,0.16349,-0.008482319424152368,Patch transformer,SNV + patches(16)
N,1000,1,4,796a7ce8e6a5e1b677529cafa872512c,0.59187,0.7421742,0.16349,-0.15030420816421508,Patch transformer,SNV + patches(16)
N,1000,1,4,0a36af97d6174f733c9037a677622e0b,0.08053,0.063089505,0.16349,0.017440495162010197,Patch transformer,SNV + patches(16)
N,1000,1,4,f56298357d47df4230fc2f978a8f5ab7,0.56354,0.51321,0.16349,0.05033000139236454,Patch transformer,SNV + patches(16)
N,1000,1,4,37741cf7865e8babdf52e38270f1b16f,1.62602,1.3893677,0.16349,0.2366523003768921,Patch transformer,SNV + patches(16)
N,1000,1,4,453ff9e87c656cb70ce92efda20f3344,0.0401864084314262,0.06906713,0.16349,-0.028880719571217385,Patch transformer,SNV + patches(16)
N,1000,1,4,e4e1de7d595f9f4648b2ce27a441f5a6,0.16244,0.12762402,0.16349,0.0348159800195694,Patch transformer,SNV + patches(16)
N,1000,1,4,ef981c666cf6a2ec124c535dc245d5c3,0.25,0.13021564,0.16349,0.11978435516357422,Patch transformer,SNV + patches(16)
N,1000,1,4,e4cdd92b222eb6404d50d2584c244487,0.95792,0.6552242,0.16349,0.30269579593658447,Patch transformer,SNV + patches(16)
N,1000,1,4,0d6985175154794d58b07edac2ee81b7,0.09012,0.21881343,0.16349,-0.1286934342432022,Patch transformer,SNV + patches(16)
N,1000,1,4,d3b249c8e9f6c645efc5982257e2a295,0.08616,0.18575153,0.16349,-0.0995915275478363,Patch transformer,SNV + patches(16)
N,1000,1,4,828254c7798492af51a58c2b2a4bdb31,0.32443,0.18336196,0.16349,0.1410680375623703,Patch transformer,SNV + patches(16)
N,1000,1,4,341e8a4b167eced509c503a7541e006d,0.62368,0.4172058,0.16349,0.206474189453125,Patch transformer,SNV + patches(16)
N,1000,1,4,8d3e73cd2fa0783283a78bd7776a5b0a,0.03,0.010651109,0.16349,0.01934889119118452,Patch transformer,SNV + patches(16)
N,1000,1,4,668660211cbe48dce022c39611c5694e,0.04088,0.0895594,0.16349,-0.0486793985915184,Patch transformer,SNV + patches(16)
N,1000,1,4,6e4247248c870f79021f56837cf6278f,0.11139,0.11364951,0.16349,-0.002259509847164151,Patch transformer,SNV + patches(16)
N,1000,1,4,31f2a3cc22e964023f2923ccc31f3d52,0.10522,0.09343127,0.16349,0.011788728387355799,Patch transformer,SNV + patches(16)
N,1000,1,4,aeaed34ef4db65e179a87d0cea952cba,0.03453,0.072975814,0.16349,-0.03844581434249878,Patch transformer,SNV + patches(16)
N,1000,1,4,4e758801a37a6ac61abc06ea1daeb4dd,2.53737,2.4726682,0.16349,0.06470182907104505,Patch transformer,SNV + patches(16)
N,1000,1,4,8c49d977b8822849118bfb8e545e7316,1.90904,2.0103846,0.16349,-0.10134455963134759,Patch transformer,SNV + patches(16)
N,1000,1,4,89153fbb28b41769edb1610e3deebd86,0.61127,0.73038703,0.16349,-0.11911703203201296,Patch transformer,SNV + patches(16)
N,1000,1,4,c8e2273b8fc98dd14ddef71420d0debf,0.10101,0.109105185,0.16349,-0.008095184674262998,Patch transformer,SNV + patches(16)
P,1000,1,4,4901fbbecccbc8523b1ffc26d1b5d9a4,1.32669,13.592747,5.2804199999999994,-12.266056734619141,Patch transformer,SNV + patches(16)
P,1000,1,4,7a9bac2ad491995c7f729047a2e1c164,101.44149,15.4334755,5.2804199999999994,86.00801450561524,Patch transformer,SNV + patches(16)
P,1000,1,4,eb4961960138f6541633f3eab3582e37,0.69383,2.2852354,5.2804199999999994,-1.5914054049682618,Patch transformer,SNV + patches(16)
P,1000,1,4,5db409bd7e44e43453b43ed15d6c220b,14.69233,8.213187,5.2804199999999994,6.479142782287598,Patch transformer,SNV + patches(16)
P,1000,1,4,64df4001f982c283885865a09fd6eff3,0.40878,2.074349,5.2804199999999994,-1.6655689265441895,Patch transformer,SNV + patches(16)
P,1000,1,4,3ca44ead31d5008f64e0eaa2fb229b3b,13.58879,3.7250612,5.2804199999999994,9.863728821792602,Patch transformer,SNV + patches(16)
P,1000,1,4,54b1112b81624617cbf716aa39370252,0.0,2.192392,5.2804199999999994,-2.192392110824585,Patch transformer,SNV + patches(16)
P,1000,1,4,c114fd7deae42087498cb7edadae9168,4.60117,1.7254199,5.2804199999999994,2.875750121040344,Patch transformer,SNV + patches(16)
P,1000,1,4,2276802536cc180302810c965a4c5830,0.23879,4.8698483,5.2804199999999994,-4.631058251342774,Patch transformer,SNV + patches(16)
P,1000,1,4,6f24783cbf17d29281c411994b2b8667,10.8351,9.924658,5.2804199999999994,0.9104421783447272,Patch transformer,SNV + patches(16)
P,1000,1,4,06a2bbf134abb8e37007c1f682da8209,1.45079,1.8285567,5.2804199999999994,-0.37776665683746335,Patch transformer,SNV + patches(16)
P,1000,1,4,f06bd68c23c44d9438ebcce434d51810,0.61832,8.923059,5.2804199999999994,-8.304739463500976,Patch transformer,SNV + patches(16)
P,1000,1,4,89665c00349498e053950cff51fef46b,20.4891,9.052207,5.2804199999999994,11.436893006896973,Patch transformer,SNV + patches(16)
P,1000,1,4,6a01a50ec5c840206413f752d8222fa0,0.59482,2.1877801,5.2804199999999994,-1.5929601418304444,Patch transformer,SNV + patches(16)
P,1000,1,4,1ca5fbcad50377b3ef0efb63f3e6e73f,16.26978,8.408997,5.2804199999999994,7.860783417968751,Patch transformer,SNV + patches(16)
P,1000,1,4,0264138a7644659aad5d4b1284513788,40.53389,10.850668,5.2804199999999994,29.68322204650879,Patch transformer,SNV + patches(16)
P,1000,1,4,85dd08cc078e18c4d025f95ed10ac17a,9.01337,15.36572,5.2804199999999994,-6.352349795227051,Patch transformer,SNV + patches(16)
P,1000,1,4,fac936a0280a8651275c3535754482cc,2.12555,2.881015,5.2804199999999994,-0.7554650623321533,Patch transformer,SNV + patches(16)
P,1000,1,4,11cd06e062f9b0d24d6aa2e33f794262,5.91986,18.709652,5.2804199999999994,-12.789791947021484,Patch transformer,SNV + patches(16)
P,1000,1,4,ac9c0c9a47b3a9b990facc143484820e,0.46548,3.090439,5.2804199999999994,-2.6249590811920167,Patch transformer,SNV + patches(16)
P,1000,1,4,835faa4734d7161a1f458abd6e263e44,176.4886,6.6947923,5.2804199999999994,169.7938077293396,Patch transformer,SNV + patches(16)
P,1000,1,4,a2a76efe45d6f7b6587d20f73b279f40,1.29892,5.733216,5.2804199999999994,-4.434295808868408,Patch transformer,SNV + patches(16)
P,1000,1,4,ea03b67bbcafb6c248af3d6d57b2d224,1.85439,11.789683,5.2804199999999994,-9.93529334197998,Patch transformer,SNV + patches(16)
P,1000,1,4,7c2d51bd5b17188a6e95c55131279055,2.20085,2.972829,5.2804199999999994,-0.7719791034698487,Patch transformer,SNV + patches(16)
P,1000,1,4,bcbcaac310de1aeefcdf0b9d9055ebe1,6.2358,7.243074,5.2804199999999994,-1.0072739402770994,Patch transformer,SNV + patches(16)
P,1000,1,4,33b25ac85df7fa8a46cec7cde157114c,76.86898,6.808806,5.2804199999999994,70.0601740574646,Patch transformer,SNV + patches(16)
P,1000,1,4,9693aafcf7311fc46484eb7fc37fd897,63.68609,19.234707,5.2804199999999994,44.45138312133789,Patch transformer,SNV + patches(16)
P,1000,1,4,6b2b1feff51712d72da0ba274cba6bad,2.43009,7.3588514,5.2804199999999994,-4.928761432800293,Patch transformer,SNV + patches(16)
P,1000,1,4,b094a57054220e1285c9fa037c85881c,1.27554,2.7264798,5.2804199999999994,-1.4509397687530519,Patch transformer,SNV + patches(16)
P,1000,1,4,3e902c9e02a828df1bf213a5ca1e89f4,5.97009,1.2738074,5.2804199999999994,4.696282593574524,Patch transformer,SNV + patches(16)
P,1000,1,4,4f91e748e08d3dca1356b09bbf1c7ca6,8.9197,11.669783,5.2804199999999994,-2.750082638549804,Patch transformer,SNV + patches(16)
P,1000,1,4,4deb31efe20d998d0f54e8c18e420b9d,0.49646,1.852814,5.2804199999999994,-1.3563539591217042,Patch transformer,SNV + patches(16)
P,1000,1,4,9316dfe84939f71203208c82382c3a62,3.84431,9.4149685,5.2804199999999994,-5.570658490600586,Patch transformer,SNV + patches(16)
P,1000,1,4,45025be0b24ddb196a635f0a823cd3b4,7.19345,3.765247,5.2804199999999994,3.4282028934478763,Patch transformer,SNV + patches(16)
P,1000,1,4,6770686c244b82e6a180c6e74f699ad6,1.68904,5.1479363,5.2804199999999994,-3.458896344146728,Patch transformer,SNV + patches(16)
P,1000,1,4,c26dc85189a4eadb582886683895dc7f,3.11201,2.8279011,5.2804199999999994,0.28410887504577653,Patch transformer,SNV + patches(16)
P,1000,1,4,7368c046574e41b07984fdebda1f1d5f,2.64618,3.8628676,5.2804199999999994,-1.2166875937652586,Patch transformer,SNV + patches(16)
P,1000,1,4,80323f54e416a173059874b11516a72b,2.85289,1.3766922,5.2804199999999994,1.4761978241348266,Patch transformer,SNV + patches(16)
P,1000,1,4,2c4db5f46a2f621808061adbfcd9220d,0.86876,9.843226,5.2804199999999994,-8.974466432800293,Patch transformer,SNV + patches(16)
P,1000,1,4,706ed5ba587e13162bb61ecefcdc27f7,12.79123,4.897282,5.2804199999999994,7.893947876434327,Patch transformer,SNV + patches(16)
P,1000,1,4,42e9614aace2d79101725844e029fa14,8.74065,2.8571856,5.2804199999999994,5.88346439781189,Patch transformer,SNV + patches(16)
P,1000,1,4,80bdc0cc5c10da927f5636f8ce895fd7,23.69681,3.3641179,5.2804199999999994,20.332692139205932,Patch transformer,SNV + patches(16)
P,1000,1,4,08516523faf54b704cefe75b568024b8,17.41266,2.0094347,5.2804199999999994,15.403225299987792,Patch transformer,SNV + patches(16)
P,1000,1,4,c6f45b2681be191ba7612fad4cf06e53,6.36417,2.7525115,5.2804199999999994,3.611658498687744,Patch transformer,SNV + patches(16)
P,1000,1,4,a2395bac9bf63c1274c454829fab87ae,3.07446,9.279242,5.2804199999999994,-6.204781561889648,Patch transformer,SNV + patches(16)
P,1000,1,4,e8525f8a87831da5de041b8ea9841dfd,1.47757,3.4304616,5.2804199999999994,-1.9528916451263427,Patch transformer,SNV + patches(16)
P,1000,1,4,072df7a1dec9339c3c7d2fbdf9effa31,3.3617,15.298414,5.2804199999999994,-11.93671423034668,Patch transformer,SNV + patches(16)
P,1000,1,4,cd7f5fef66e69a006c3190b4745dfe76,0.52584,7.059247,5.2804199999999994,-6.533407016906739,Patch transformer,SNV + patches(16)
P,1000,1,4,f7a4ccbd2fd8750c679e43ff313575cd,8.79559,2.1951659,5.2804199999999994,6.600424127426148,Patch transformer,SNV + patches(16)
P,1000,1,4,c0bfbf39baa8d0d7553529066274704e,2.56107,4.8421836,5.2804199999999994,-2.2811135899353028,Patch transformer,SNV + patches(16)
P,1000,1,4,5ed1afe3bc164cfa0df02fe3cc928f49,8.66211,5.363901,5.2804199999999994,3.298208861694336,Patch transformer,SNV + patches(16)
P,1000,1,4,3d2e01065bf7fdc0037423f929aff5f5,4.32996,9.129593,5.2804199999999994,-4.799632895507813,Patch transformer,SNV + patches(16)
P,1000,1,4,c1baec638c1045b2bb99d6f54c73e8a0,37.72046,3.7178833,5.2804199999999994,34.00257665153504,Patch transformer,SNV + patches(16)
P,1000,1,4,ebcd27f2c8751067973379b27ec051e3,9.44286,9.644339,5.2804199999999994,-0.20147860778808635,Patch transformer,SNV + patches(16)
P,1000,1,4,6af48ceed55cee4a5d8d30974d286fd3,1.18875,1.7138846,5.2804199999999994,-0.5251345920562744,Patch transformer,SNV + patches(16)
P,1000,1,4,5c8bbc93a0158668272fb9ee6cc266fb,25.13249,7.4585185,5.2804199999999994,17.673971494903565,Patch transformer,SNV + patches(16)
P,1000,1,4,b90ba3f655313e010db7cdfc03c6121c,3.49304,4.4249105,5.2804199999999994,-0.931870545349121,Patch transformer,SNV + patches(16)
P,1000,1,4,ef60208e20ec4b1dfdc3e1f7ddd198d7,1.45344,12.677051,5.2804199999999994,-11.223610590515136,Patch transformer,SNV + patches(16)
P,1000,1,4,9cf27c079257fc5eeb8597dff385afe2,86.1,1.2367958,5.2804199999999994,84.86320421695709,Patch transformer,SNV + patches(16)
P,1000,1,4,02a25a0dd1a5f7984277f1f846e89943,0.0,2.2525454,5.2804199999999994,-2.2525453567504883,Patch transformer,SNV + patches(16)
P,1000,1,4,4aa84e5faa7cb0d6e7712639aecddf48,61.0,1.029587,5.2804199999999994,59.97041296958923,Patch transformer,SNV + patches(16)
P,1000,1,4,801e7a34979c9469a1a89de957af64af,2.25625,2.7045722,5.2804199999999994,-0.4483222007751464,Patch transformer,SNV + patches(16)
P,1000,1,4,f432cf44fec117d2e2e2ab38847addac,32.55222,6.317938,5.2804199999999994,26.23428214904785,Patch transformer,SNV + patches(16)
P,1000,1,4,e0f429fe46cdd8be8aa05082390d65b2,0.0,5.0636106,5.2804199999999994,-5.063610553741455,Patch transformer,SNV + patches(16)
P,1000,1,4,1907feb687168c0cdca818cbb9f3a6a0,2.35821,22.236017,5.2804199999999994,-19.877807227172852,Patch transformer,SNV + patches(16)
P,1000,1,4,1bd9bda1ba0790993d83482bfef86da5,0.0,11.047726,5.2804199999999994,-11.047725677490234,Patch transformer,SNV + patches(16)
P,1000,1,4,667276a2db9fdf7e7d3c4f615603e1ff,369.19509,10.044873,5.2804199999999994,359.15021676239013,Patch transformer,SNV + patches(16)
P,1000,1,4,f81d1fc55054863e067452922f350e01,7.55143,9.690877,5.2804199999999994,-2.1394469607543947,Patch transformer,SNV + patches(16)
P,1000,1,4,30db98afaa4ab6328d6419ed52eab8b1,2.22462,8.180655,5.2804199999999994,-5.956034525756836,Patch transformer,SNV + patches(16)
P,1000,1,4,162031eea9510545d02ef86dd787661a,2.25771,2.003321,5.2804199999999994,0.2543890676116942,Patch transformer,SNV + patches(16)
P,1000,1,4,4c8f8109094a3a6b44274974321cda05,0.87984,1.5390697,5.2804199999999994,-0.6592296525573731,Patch transformer,SNV + patches(16)
P,1000,1,4,71b1523d3d1e50abfd901358eb701ee8,15.4,2.0601025,5.2804199999999994,13.339897537231446,Patch transformer,SNV + patches(16)
P,1000,1,4,0aaaa8ef9342c8fa9afe998aff2eeafb,13.19111,5.428351,5.2804199999999994,7.7627590745544435,Patch transformer,SNV + patches(16)
P,1000,1,4,86ab59dc3cae5e4c2dbe02fc1937d331,8.19614,9.159963,5.2804199999999994,-0.9638226541137698,Patch transformer,SNV + patches(16)
P,1000,1,4,5f5069f3d8d809412086e71225ff7d4d,0.0,2.6473765,5.2804199999999994,-2.647376537322998,Patch transformer,SNV + patches(16)
P,1000,1,4,ebf466745f8e42cabe4848419c508cb7,7.01361,10.658007,5.2804199999999994,-3.6443966680908204,Patch transformer,SNV + patches(16)
P,1000,1,4,0504b575fb20914d5e075693fdbf30ec,42.6,6.4121966,5.2804199999999994,36.18780336380005,Patch transformer,SNV + patches(16)
P,1000,1,4,d269ff31a6c76da779fc9f631a460ea8,16.4,15.218558,5.2804199999999994,1.1814416885375962,Patch transformer,SNV + patches(16)
P,1000,1,4,b5b65bdd231ee238d8f112d9c5f0b17f,0.18237,2.7002482,5.2804199999999994,-2.5178782414245604,Patch transformer,SNV + patches(16)
P,1000,1,4,aafa5bd3e4dea2030fddc763c9c54454,108.46928,4.2083488,5.2804199999999994,104.26093124893188,Patch transformer,SNV + patches(16)
P,1000,1,4,20e80a2a91522646bdf58f7eb95960b6,4.44866,15.735083,5.2804199999999994,-11.286422626342773,Patch transformer,SNV + patches(16)
P,1000,1,4,ffc32ab0b3447ad05889711d5fcec949,32.4563,5.7353697,5.2804199999999994,26.720930317687987,Patch transformer,SNV + patches(16)
P,1000,1,4,4750c665c02608160da23a7eb130ed74,10.88379,18.233427,5.2804199999999994,-7.349637047729493,Patch transformer,SNV + patches(16)
P,1000,1,4,747958600ed892535f31f1071bf6c8de,2.27632,7.53961,5.2804199999999994,-5.263289909057617,Patch transformer,SNV + patches(16)
P,1000,1,4,38b204e2bc629c4f264ad863e08634c8,0.6366,2.345207,5.2804199999999994,-1.7086069759368896,Patch transformer,SNV + patches(16)
P,1000,1,4,46e1cfa27f41ba26190d2478c2c59833,26.74364,20.154037,5.2804199999999994,6.589602524414062,Patch transformer,SNV + patches(16)
P,1000,1,4,dd910a8d30554dd4bff01e7754b51ecb,12.77056,3.8278024,5.2804199999999994,8.942757580337524,Patch transformer,SNV + patches(16)
P,1000,1,4,f14d9da41b0ccd2dee11424a4d3f8d84,40.2,4.407533,5.2804199999999994,35.79246683120728,Patch transformer,SNV + patches(16)
P,1000,1,4,c6ed278073330f624902d93fb7cc0ae4,4.40783,3.3535671,5.2804199999999994,1.0542628765869138,Patch transformer,SNV + patches(16)
P,1000,1,4,c0d852aa784655fbff08215f63d925d0,114.73725,10.150669,5.2804199999999994,104.58658090209961,Patch transformer,SNV + patches(16)
P,1000,1,4,bb138d7f0c586b79f35aeb63ce033836,0.7657,9.03861,5.2804199999999994,-8.272910458374023,Patch transformer,SNV + patches(16)
P,1000,1,4,80b3a495a55e7f77d349b69f0c221536,2.05128,2.6747236,5.2804199999999994,-0.6234436251831053,Patch transformer,SNV + patches(16)
P,1000,1,4,36d575cc92753a6c41deadd5f88eb97e,10.3824,2.3296523,5.2804199999999994,8.052747690582276,Patch transformer,SNV + patches(16)
P,1000,1,4,02fec5e96e4eebd367da315247065b67,1.39017,6.3627086,5.2804199999999994,-4.972538568572999,Patch transformer,SNV + patches(16)
P,1000,1,4,15fb8d5b4b2eb82ac63d31e8b0b0ff8c,5.0933,1.7481349,5.2804199999999994,3.3451651485443117,Patch transformer,SNV + patches(16)
P,1000,1,4,ec1b82edcddc47d69d188c30540d39e3,3.30044,4.199456,5.2804199999999994,-0.8990162149047851,Patch transformer,SNV + patches(16)
P,1000,1,4,175a4e03139da31b62f46837093fff0f,12.0,5.4772954,5.2804199999999994,6.522704601287842,Patch transformer,SNV + patches(16)
P,1000,1,4,fd48c771fd6384ab94d749a99ec15f28,13.4,2.6120365,5.2804199999999994,10.78796353340149,Patch transformer,SNV + patches(16)
P,1000,1,4,7650ac715e5b60847a65ca2cba0d87cb,1.17737,2.190134,5.2804199999999994,-1.012764048461914,Patch transformer,SNV + patches(16)
P,1000,1,4,7bcfdab31984aaab3dd52baaf725e80f,2.93718,5.589895,5.2804199999999994,-2.6527147715759276,Patch transformer,SNV + patches(16)
P,1000,1,4,defd2597845faad07a9696748f6f19e0,29.68292,9.717548,5.2804199999999994,19.96537162963867,Patch transformer,SNV + patches(16)
P,1000,1,4,c7dad40feb6516c2e21b899ca7c69141,0.0,3.1981652,5.2804199999999994,-3.19816517829895,Patch transformer,SNV + patches(16)
P,1000,1,4,a68b7305e3e31627f9019136dd82b7d6,9.39281,13.129242,5.2804199999999994,-3.7364319433593742,Patch transformer,SNV + patches(16)
P,1000,1,4,944a66279e6707ca41f78fbd2d4a5852,4.62071,1.5889012,5.2804199999999994,3.031808837852478,Patch transformer,SNV + patches(16)
P,1000,1,4,213a79642a9c576836dfc57a85e13f20,9.70935,7.1656437,5.2804199999999994,2.543706307983399,Patch transformer,SNV + patches(16)
P,1000,1,4,43fa058463a302802b74826230bc656d,11.20854,1.6864233,5.2804199999999994,9.522116698303222,Patch transformer,SNV + patches(16)
P,1000,1,4,05059708b1fde529664c699b88db15d2,12.2803,20.942202,5.2804199999999994,-8.661901614379882,Patch transformer,SNV + patches(16)
P,1000,1,4,3c35fa1f6cfe965f4aef61ed0d2d3c4b,42.00648,6.593072,5.2804199999999994,35.41340806243897,Patch transformer,SNV + patches(16)
P,1000,1,4,47ea830bd25c1f6ef7e4790147e7caaf,80.32088,11.375243,5.2804199999999994,68.94563681304932,Patch transformer,SNV + patches(16)
P,1000,1,4,09f20d8bf1de5c38bdddd5c8a9bd43ff,16.59162,11.290112,5.2804199999999994,5.301508458251952,Patch transformer,SNV + patches(16)
P,1000,1,4,bef0cbd7f4b309c1921e29e10eefc81c,8.61318,17.495552,5.2804199999999994,-8.882372062988281,Patch transformer,SNV + patches(16)
P,1000,1,4,8917b6bae2cc726acbf15f1a8fc48899,0.0759,8.074607,5.2804199999999994,-7.9987068954467775,Patch transformer,SNV + patches(16)
P,1000,1,4,8f5fae9567c7aaca5f88e6d24b4a79c9,51.51237,7.5442653,5.2804199999999994,43.96810472976684,Patch transformer,SNV + patches(16)
P,1000,1,4,32ffa51af1fa615021ca012620e5e04d,6.55565,6.383309,5.2804199999999994,0.17234111251831052,Patch transformer,SNV + patches(16)
P,1000,1,4,7a84378eb76ca95ded74fb38c341d9d2,3.59661,1.8516195,5.2804199999999994,1.7449905179595948,Patch transformer,SNV + patches(16)
P,1000,1,4,e1390ae9d6401d8c356cac476cc4d8dd,82.15744,7.1516848,5.2804199999999994,75.00575523895263,Patch transformer,SNV + patches(16)
P,1000,1,4,b616197c685357b606ef638602668523,7.42462,8.619925,5.2804199999999994,-1.195304545288086,Patch transformer,SNV + patches(16)
P,1000,1,4,84493bc6182fe050a49cd0d9a6fa5125,0.7581,1.4897966,5.2804199999999994,-0.7316966384887695,Patch transformer,SNV + patches(16)
P,1000,1,4,620f68dbec6be8974b520f25cbae4b21,3.66679,3.2232146,5.2804199999999994,0.44357537368774436,Patch transformer,SNV + patches(16)
P,1000,1,4,b8f263baaff5e563ccab8f52d4119339,1.40315,9.080419,5.2804199999999994,-7.677268586730957,Patch transformer,SNV + patches(16)
P,1000,1,4,33b874b1e65cfa92fd48fe0ca128986d,21.66238,19.966879,5.2804199999999994,1.695501109008788,Patch transformer,SNV + patches(16)
P,1000,1,4,cbc71159731249086d489b103b0e5cf8,3.67609,1.7774779,5.2804199999999994,1.8986121395492552,Patch transformer,SNV + patches(16)
P,1000,1,4,f1178af3b3b8a51bcf6c2ef11304d581,2.75229,10.206788,5.2804199999999994,-7.454498063049316,Patch transformer,SNV + patches(16)
P,1000,1,4,1f1cb5bdb847587808dd129e773c0223,3.01186,6.958258,5.2804199999999994,-3.9463981520080567,Patch transformer,SNV + patches(16)
P,1000,1,4,1a36f0ebb5f842763ad490ec4b6eb964,10.04097,1.8298956,5.2804199999999994,8.211074384422302,Patch transformer,SNV + patches(16)
P,1000,1,4,1539ff29c10756893a5b827537199d43,3.22823,4.1793957,5.2804199999999994,-0.9511656756591798,Patch transformer,SNV + patches(16)
P,1000,1,4,27c8eea5f8420aeaf5ee4ee4902f30ef,8.42707,11.490325,5.2804199999999994,-3.063254974060058,Patch transformer,SNV + patches(16)
P,1000,1,4,7dfced7c2dbb09378b7dfdd51a2829ae,2.85479,9.631915,5.2804199999999994,-6.777125092468262,Patch transformer,SNV + patches(16)
P,1000,1,4,512bed3c4081969b36cd1fdb399a7c1b,50.3,5.542607,5.2804199999999994,44.75739316940307,Patch transformer,SNV + patches(16)
P,1000,1,4,bbbb9d429dfb54ac0a43019d25c1e222,46.65345,4.200451,5.2804199999999994,42.4529991027832,Patch transformer,SNV + patches(16)
P,1000,1,4,5a6ab9771f1afed7b688467eb1a41dd8,2.64934,12.062114,5.2804199999999994,-9.412773761901855,Patch transformer,SNV + patches(16)
P,1000,1,4,64d3f294b5a53a390f41d58db1dc1cd1,39.04788,5.514712,5.2804199999999994,33.53316814315796,Patch transformer,SNV + patches(16)
P,1000,1,4,07b46d637b9054c6959b1d9298756b41,0.49167,2.260012,5.2804199999999994,-1.7683419113922119,Patch transformer,SNV + patches(16)
P,1000,1,4,05e37ff69b870fdc1d844a16986c480c,17.1786,4.852618,5.2804199999999994,12.325981782531738,Patch transformer,SNV + patches(16)
P,1000,1,4,43d9da8b1f94803390da04b86a4c0940,0.15356,8.302953,5.2804199999999994,-8.149392766418456,Patch transformer,SNV + patches(16)
P,1000,1,4,4f36096da7e1c6dc5e882deeb9457e51,6.3264,3.571814,5.2804199999999994,2.754585939788818,Patch transformer,SNV + patches(16)
P,1000,1,4,7d1fae4ff70f9264801aa720c26c1ecd,55.54856,8.6413355,5.2804199999999994,46.90722451263428,Patch transformer,SNV + patches(16)
P,1000,1,4,a4630525c8131e7ecc09ba5d3552542a,0.03067,1.2882185,5.2804199999999994,-1.2575484982299805,Patch transformer,SNV + patches(16)
P,1000,1,4,788eecb8a5851a63cdd863c8751aaa9d,1.14844,1.5450883,5.2804199999999994,-0.396648291168213,Patch transformer,SNV + patches(16)
P,1000,1,4,0fab876fc6d8031b8919c78c096d72d9,7.50377,5.065343,5.2804199999999994,2.4384270968627932,Patch transformer,SNV + patches(16)
P,1000,1,4,76e53a271b7246864f4f09b1f2cbb7b0,23.81576,6.04416,5.2804199999999994,17.77160011077881,Patch transformer,SNV + patches(16)
P,1000,1,4,f414b7b1733e6ba4bf7178985c8e1803,2.73463,2.5178683,5.2804199999999994,0.21676171958923351,Patch transformer,SNV + patches(16)
P,1000,1,4,01d082734d68a144b48705e2a1d90fd7,35.80428,7.5344763,5.2804199999999994,28.269803719787596,Patch transformer,SNV + patches(16)
P,1000,1,4,ef417108ebc33f95b9b41f3a5b754b58,26.05723,10.535254,5.2804199999999994,15.521976475219727,Patch transformer,SNV + patches(16)
P,1000,1,4,eac3a4c8f3ebc6e38901033fdbeff81a,1.00483,2.532643,5.2804199999999994,-1.5278130797576905,Patch transformer,SNV + patches(16)
P,1000,1,4,6d841c36b29572b5b58fb61b55ed215f,4.74515,1.4062643,5.2804199999999994,3.3388856948852537,Patch transformer,SNV + patches(16)
P,1000,1,4,79c43b6710971f00edd55d124d609000,75.43513,5.242266,5.2804199999999994,70.1928638218689,Patch transformer,SNV + patches(16)
P,1000,1,4,1bcaead4309555d16f991a82b3d671e1,4.19959,3.3922966,5.2804199999999994,0.8072934473419187,Patch transformer,SNV + patches(16)
P,1000,1,4,78eaa1ba0aa88e7b3b9ec7a62bc074c1,1.18112,2.0390692,5.2804199999999994,-0.8579491757202149,Patch transformer,SNV + patches(16)
P,1000,1,4,a7ea9301647f57e7931c87382ec95f51,12.49749,2.1945624,5.2804199999999994,10.302927564849854,Patch transformer,SNV + patches(16)
P,1000,1,4,7bde30e11d33309add72665932f1eecd,19.34964,5.321861,5.2804199999999994,14.027779209747315,Patch transformer,SNV + patches(16)
P,1000,1,4,31dca6aeabd77b58e555437aa262e436,51.08214,23.18135,5.2804199999999994,27.90078929199219,Patch transformer,SNV + patches(16)
P,1000,1,4,53a62ce21caf7ab72a2f789c7d000cc5,3.11143,8.477433,5.2804199999999994,-5.3660032046508785,Patch transformer,SNV + patches(16)
P,1000,1,4,aa537df04d1d47c08416a0b3f0dc4338,8.61486,1.877016,5.2804199999999994,6.737844051704407,Patch transformer,SNV + patches(16)
P,1000,1,4,d23b64075a0bb8fc640cf06b53154569,28.86892,8.571715,5.2804199999999994,20.297204645080566,Patch transformer,SNV + patches(16)
P,1000,1,4,3630f752aff28c49a504a40a8d9a363e,39.19852,5.15515,5.2804199999999994,34.04337006332398,Patch transformer,SNV + patches(16)
P,1000,1,4,80fa1ba08ba275e1a50413e95ef7b088,9.46378,7.486997,5.2804199999999994,1.9767828724670409,Patch transformer,SNV + patches(16)
P,1000,1,4,b4364123065d73fb38b098a57b06574c,4.21055,5.1388407,5.2804199999999994,-0.9282906753540043,Patch transformer,SNV + patches(16)
P,1000,1,4,4ecfebe934e893451ab68daa74271e53,2.20887,1.2502192,5.2804199999999994,0.9586507741165162,Patch transformer,SNV + patches(16)
P,1000,1,4,a3523dc9e9db585afe7b46159d29b8a3,11.78136,3.1319082,5.2804199999999994,8.649451821670532,Patch transformer,SNV + patches(16)
P,1000,1,4,79aeddc664de59068200a9f8a43914fc,1.02238,3.3082323,5.2804199999999994,-2.285852307434082,Patch transformer,SNV + patches(16)
P,1000,1,4,c82db3a515797c669fe105383b103360,21.29656,10.595254,5.2804199999999994,10.701306055603027,Patch transformer,SNV + patches(16)
P,1000,1,4,342c2d1303eb04c3198d4596b85aa119,1.25926,2.750826,5.2804199999999994,-1.4915658819580078,Patch transformer,SNV + patches(16)
P,1000,1,4,6c411b76c88d81272c19254bf3ff5070,2.17107,5.0128455,5.2804199999999994,-2.841775516204834,Patch transformer,SNV + patches(16)
P,1000,1,4,9afeeb117aef4d81145094607cd3b366,1.29637,1.797281,5.2804199999999994,-0.5009110268402099,Patch transformer,SNV + patches(16)
P,1000,1,4,40a98766ddd13c7c09ec9861c9574bf8,4.9682,11.434346,5.2804199999999994,-6.466146199035644,Patch transformer,SNV + patches(16)
P,1000,1,4,39ffd25e64ac1512afa71e6e83e5458e,3.83125,3.195301,5.2804199999999994,0.6359489440917967,Patch transformer,SNV + patches(16)
P,1000,1,4,52c8c1d88d959d819807a57612779e67,83.75382,7.805054,5.2804199999999994,75.94876581222535,Patch transformer,SNV + patches(16)
P,1000,1,4,248bf86cf754298bb30dc68cf5e4e189,19.2192,11.5371685,5.2804199999999994,7.6820314971923835,Patch transformer,SNV + patches(16)
P,1000,1,4,ce52f3cd254c8174e8c30daa6d9fcf76,0.76317,3.1955986,5.2804199999999994,-2.4324286022949217,Patch transformer,SNV + patches(16)
P,1000,1,4,24749007d138208ee97624c9b090999a,2.24092,1.7742829,5.2804199999999994,0.4666370677185059,Patch transformer,SNV + patches(16)
P,1000,1,4,da3034d612b2c3e102b93526b68e79f4,13.35983,5.2474723,5.2804199999999994,8.112357713775635,Patch transformer,SNV + patches(16)
P,1000,1,4,69e3fc97a50a08ca83d6ad0b4af4eae0,14.93019,11.223522,5.2804199999999994,3.7066678137207028,Patch transformer,SNV + patches(16)
P,1000,1,4,ed104a48a1043244908bda0093b0de1e,29.86607,3.3195927,5.2804199999999994,26.546477285690308,Patch transformer,SNV + patches(16)
P,1000,1,4,6eaee95400be35aea8ec728ca7f09129,26.32439,2.172201,5.2804199999999994,24.15218908180237,Patch transformer,SNV + patches(16)
P,1000,1,4,ee2cd15df288c73389dca5e038e33547,14.87688,8.760468,5.2804199999999994,6.116412470703125,Patch transformer,SNV + patches(16)
P,1000,1,4,846f6254612203cff336f3562a339d02,1.38078,6.1989274,5.2804199999999994,-4.818147402496338,Patch transformer,SNV + patches(16)
P,1000,1,4,1d484a8e1f8b28b921785d467630e645,0.29436,1.59114,5.2804199999999994,-1.2967800318145752,Patch transformer,SNV + patches(16)
P,1000,1,4,f504ccb42ab3052ebef0bd6951b49616,11.41726,5.2370424,5.2804199999999994,6.180217572937012,Patch transformer,SNV + patches(16)
P,1000,1,4,796a7ce8e6a5e1b677529cafa872512c,3.86549,7.758523,5.2804199999999994,-3.893032987365723,Patch transformer,SNV + patches(16)
P,1000,1,4,0a36af97d6174f733c9037a677622e0b,1.12225,2.601712,5.2804199999999994,-1.4794619884490967,Patch transformer,SNV + patches(16)
P,1000,1,4,f56298357d47df4230fc2f978a8f5ab7,29.62638,8.441119,5.2804199999999994,21.18526080596924,Patch transformer,SNV + patches(16)
P,1000,1,4,37741cf7865e8babdf52e38270f1b16f,1.47741,7.2819643,5.2804199999999994,-5.804554302062988,Patch transformer,SNV + patches(16)
P,1000,1,4,453ff9e87c656cb70ce92efda20f3344,0.244386808102929,1.7800839,5.2804199999999994,-1.5356970866266852,Patch transformer,SNV + patches(16)
P,1000,1,4,e4e1de7d595f9f4648b2ce27a441f5a6,3.39565,5.1924267,5.2804199999999994,-1.7967766815185549,Patch transformer,SNV + patches(16)
P,1000,1,4,ef981c666cf6a2ec124c535dc245d5c3,64.9,5.991829,5.2804199999999994,58.908171081542974,Patch transformer,SNV + patches(16)
P,1000,1,4,e4cdd92b222eb6404d50d2584c244487,56.27093,19.638983,5.2804199999999994,36.63194722717285,Patch transformer,SNV + patches(16)
P,1000,1,4,0d6985175154794d58b07edac2ee81b7,32.49906,8.641989,5.2804199999999994,23.85707124572754,Patch transformer,SNV + patches(16)
P,1000,1,4,d3b249c8e9f6c645efc5982257e2a295,36.57791,9.242041,5.2804199999999994,27.33586936584473,Patch transformer,SNV + patches(16)
P,1000,1,4,828254c7798492af51a58c2b2a4bdb31,11.59764,5.8143935,5.2804199999999994,5.783246479644776,Patch transformer,SNV + patches(16)
P,1000,1,4,341e8a4b167eced509c503a7541e006d,17.0887,7.585891,5.2804199999999994,9.502809230041503,Patch transformer,SNV + patches(16)
P,1000,1,4,8d3e73cd2fa0783283a78bd7776a5b0a,19.6,1.2823782,5.2804199999999994,18.317621803283693,Patch transformer,SNV + patches(16)
P,1000,1,4,668660211cbe48dce022c39611c5694e,34.26925,5.1363106,5.2804199999999994,29.13293942260742,Patch transformer,SNV + patches(16)
P,1000,1,4,6e4247248c870f79021f56837cf6278f,2.17476,6.8070765,5.2804199999999994,-4.632316454162598,Patch transformer,SNV + patches(16)
P,1000,1,4,31f2a3cc22e964023f2923ccc31f3d52,3.49891,3.878725,5.2804199999999994,-0.37981505187988285,Patch transformer,SNV + patches(16)
P,1000,1,4,aeaed34ef4db65e179a87d0cea952cba,1.11756,2.3243904,5.2804199999999994,-1.206830411376953,Patch transformer,SNV + patches(16)
P,1000,1,4,4e758801a37a6ac61abc06ea1daeb4dd,30.0507,10.916913,5.2804199999999994,19.13378696746826,Patch transformer,SNV + patches(16)
P,1000,1,4,8c49d977b8822849118bfb8e545e7316,26.1405,9.082883,5.2804199999999994,17.05761711883545,Patch transformer,SNV + patches(16)
P,1000,1,4,89153fbb28b41769edb1610e3deebd86,16.25237,21.633692,5.2804199999999994,-5.3813217877197275,Patch transformer,SNV + patches(16)
P,1000,1,4,c8e2273b8fc98dd14ddef71420d0debf,33.10781,4.5969014,5.2804199999999994,28.510908583221436,Patch transformer,SNV + patches(16)
K,1000,1,4,4901fbbecccbc8523b1ffc26d1b5d9a4,0.0,1.1648011,0.477035,-1.1648011207580566,Patch transformer,SNV + patches(16)
K,1000,1,4,7a9bac2ad491995c7f729047a2e1c164,4.16829,2.339519,0.477035,1.8287709761047362,Patch transformer,SNV + patches(16)
K,1000,1,4,eb4961960138f6541633f3eab3582e37,0.09033,0.086813495,0.477035,0.0035165054368972715,Patch transformer,SNV + patches(16)
K,1000,1,4,5db409bd7e44e43453b43ed15d6c220b,0.1184,0.33743364,0.477035,-0.21903363618850707,Patch transformer,SNV + patches(16)
K,1000,1,4,64df4001f982c283885865a09fd6eff3,0.49202,0.6290716,0.477035,-0.13705159328460692,Patch transformer,SNV + patches(16)
K,1000,1,4,3ca44ead31d5008f64e0eaa2fb229b3b,0.93749,0.70130205,0.477035,0.2361879484558106,Patch transformer,SNV + patches(16)
K,1000,1,4,54b1112b81624617cbf716aa39370252,0.503862090132488,0.70516586,0.477035,-0.20130377290462143,Patch transformer,SNV + patches(16)
K,1000,1,4,c114fd7deae42087498cb7edadae9168,0.15672,0.21963361,0.477035,-0.06291360905647278,Patch transformer,SNV + patches(16)
K,1000,1,4,2276802536cc180302810c965a4c5830,0.0,0.5244073,0.477035,-0.5244073271751404,Patch transformer,SNV + patches(16)
K,1000,1,4,6f24783cbf17d29281c411994b2b8667,1.76538,0.9993769,0.477035,0.7660031069564819,Patch transformer,SNV + patches(16)
K,1000,1,4,06a2bbf134abb8e37007c1f682da8209,0.56508,0.580406,0.477035,-0.015326010150909397,Patch transformer,SNV + patches(16)
K,1000,1,4,f06bd68c23c44d9438ebcce434d51810,0.13809,1.6710037,0.477035,-1.5329136993026733,Patch transformer,SNV + patches(16)
K,1000,1,4,89665c00349498e053950cff51fef46b,0.31267,0.7564421,0.477035,-0.443772129611969,Patch transformer,SNV + patches(16)
K,1000,1,4,6a01a50ec5c840206413f752d8222fa0,0.0,0.17914334,0.477035,-0.17914333939552307,Patch transformer,SNV + patches(16)
K,1000,1,4,1ca5fbcad50377b3ef0efb63f3e6e73f,0.02306,1.5497717,0.477035,-1.5267116665267944,Patch transformer,SNV + patches(16)
K,1000,1,4,0264138a7644659aad5d4b1284513788,2.32864,1.4348983,0.477035,0.8937417427444458,Patch transformer,SNV + patches(16)
K,1000,1,4,85dd08cc078e18c4d025f95ed10ac17a,0.43062,1.0647755,0.477035,-0.6341554669189453,Patch transformer,SNV + patches(16)
K,1000,1,4,fac936a0280a8651275c3535754482cc,1.65532,0.9218266,0.477035,0.7334933989715575,Patch transformer,SNV + patches(16)
K,1000,1,4,11cd06e062f9b0d24d6aa2e33f794262,2.75353,2.516018,0.477035,0.23751208618164066,Patch transformer,SNV + patches(16)
K,1000,1,4,ac9c0c9a47b3a9b990facc143484820e,0.37497,0.36138454,0.477035,0.013585459203720118,Patch transformer,SNV + patches(16)
K,1000,1,4,835faa4734d7161a1f458abd6e263e44,3.99456,0.8963472,0.477035,3.098212775287628,Patch transformer,SNV + patches(16)
K,1000,1,4,a2a76efe45d6f7b6587d20f73b279f40,0.04598,0.19198738,0.477035,-0.14600738038539887,Patch transformer,SNV + patches(16)
K,1000,1,4,ea03b67bbcafb6c248af3d6d57b2d224,0.14072,1.3717364,0.477035,-1.2310164072799683,Patch transformer,SNV + patches(16)
K,1000,1,4,7c2d51bd5b17188a6e95c55131279055,0.31029,0.35488495,0.477035,-0.044594952306747426,Patch transformer,SNV + patches(16)
K,1000,1,4,bcbcaac310de1aeefcdf0b9d9055ebe1,1.39061,0.21180756,0.477035,1.1788024360990523,Patch transformer,SNV + patches(16)
K,1000,1,4,33b25ac85df7fa8a46cec7cde157114c,1.11034,0.76416206,0.477035,0.3461779364013673,Patch transformer,SNV + patches(16)
K,1000,1,4,9693aafcf7311fc46484eb7fc37fd897,0.12934,2.5215127,0.477035,-2.392172746810913,Patch transformer,SNV + patches(16)
K,1000,1,4,6b2b1feff51712d72da0ba274cba6bad,0.15744,0.3716577,0.477035,-0.21421769934654236,Patch transformer,SNV + patches(16)
K,1000,1,4,b094a57054220e1285c9fa037c85881c,0.24863,0.2932639,0.477035,-0.044633912200927744,Patch transformer,SNV + patches(16)
K,1000,1,4,3e902c9e02a828df1bf213a5ca1e89f4,0.33477,0.69033843,0.477035,-0.35556843278884886,Patch transformer,SNV + patches(16)
K,1000,1,4,4f91e748e08d3dca1356b09bbf1c7ca6,0.42809,0.41863075,0.477035,0.00945925101280215,Patch transformer,SNV + patches(16)
K,1000,1,4,4deb31efe20d998d0f54e8c18e420b9d,0.28627,0.77865434,0.477035,-0.49238433692932126,Patch transformer,SNV + patches(16)
K,1000,1,4,9316dfe84939f71203208c82382c3a62,0.09841,0.68180066,0.477035,-0.5833906634712219,Patch transformer,SNV + patches(16)
K,1000,1,4,45025be0b24ddb196a635f0a823cd3b4,0.84347,1.6317872,0.477035,-0.7883171809005737,Patch transformer,SNV + patches(16)
K,1000,1,4,6770686c244b82e6a180c6e74f699ad6,1.10416,1.0734662,0.477035,0.030693818244934112,Patch transformer,SNV + patches(16)
K,1000,1,4,c26dc85189a4eadb582886683895dc7f,1.53905,0.16227955,0.477035,1.3767704537391663,Patch transformer,SNV + patches(16)
K,1000,1,4,7368c046574e41b07984fdebda1f1d5f,0.31208,0.5192771,0.477035,-0.2071970957946777,Patch transformer,SNV + patches(16)
K,1000,1,4,80323f54e416a173059874b11516a72b,0.49969,0.98079205,0.477035,-0.4811020455932617,Patch transformer,SNV + patches(16)
K,1000,1,4,2c4db5f46a2f621808061adbfcd9220d,1.05558,0.7005254,0.477035,0.35505459697723385,Patch transformer,SNV + patches(16)
K,1000,1,4,706ed5ba587e13162bb61ecefcdc27f7,0.1572,0.36900046,0.477035,-0.21180046467781066,Patch transformer,SNV + patches(16)
K,1000,1,4,42e9614aace2d79101725844e029fa14,2.28286,1.3698511,0.477035,0.9130088876342772,Patch transformer,SNV + patches(16)
K,1000,1,4,80bdc0cc5c10da927f5636f8ce895fd7,2.57191,1.2712696,0.477035,1.3006404401397704,Patch transformer,SNV + patches(16)
K,1000,1,4,08516523faf54b704cefe75b568024b8,0.16999,0.23936158,0.477035,-0.06937158418655395,Patch transformer,SNV + patches(16)
K,1000,1,4,c6f45b2681be191ba7612fad4cf06e53,0.29826,0.42539483,0.477035,-0.12713483308792112,Patch transformer,SNV + patches(16)
K,1000,1,4,a2395bac9bf63c1274c454829fab87ae,2.54373,2.6954112,0.477035,-0.151681205291748,Patch transformer,SNV + patches(16)
K,1000,1,4,e8525f8a87831da5de041b8ea9841dfd,0.16459,0.64441603,0.477035,-0.47982603422164916,Patch transformer,SNV + patches(16)
K,1000,1,4,072df7a1dec9339c3c7d2fbdf9effa31,2.77564,1.7206678,0.477035,1.0549721609497071,Patch transformer,SNV + patches(16)
K,1000,1,4,cd7f5fef66e69a006c3190b4745dfe76,0.19235,1.283233,0.477035,-1.0908830465316772,Patch transformer,SNV + patches(16)
K,1000,1,4,f7a4ccbd2fd8750c679e43ff313575cd,0.24205,0.31001502,0.477035,-0.0679650227546692,Patch transformer,SNV + patches(16)
K,1000,1,4,c0bfbf39baa8d0d7553529066274704e,2.64722,1.2411021,0.477035,1.4061179005813598,Patch transformer,SNV + patches(16)
K,1000,1,4,5ed1afe3bc164cfa0df02fe3cc928f49,0.36249,0.54010683,0.477035,-0.17761683298110964,Patch transformer,SNV + patches(16)
K,1000,1,4,3d2e01065bf7fdc0037423f929aff5f5,0.20465,1.5383555,0.477035,-1.3337054697036743,Patch transformer,SNV + patches(16)
K,1000,1,4,c1baec638c1045b2bb99d6f54c73e8a0,2.79539,1.083135,0.477035,1.7122549911880491,Patch transformer,SNV + patches(16)
K,1000,1,4,ebcd27f2c8751067973379b27ec051e3,0.5778,0.8041587,0.477035,-0.22635868759155275,Patch transformer,SNV + patches(16)
K,1000,1,4,6af48ceed55cee4a5d8d30974d286fd3,0.0,0.68329436,0.477035,-0.6832943558692932,Patch transformer,SNV + patches(16)
K,1000,1,4,5c8bbc93a0158668272fb9ee6cc266fb,0.25419,0.6450458,0.477035,-0.3908558168983459,Patch transformer,SNV + patches(16)
K,1000,1,4,b90ba3f655313e010db7cdfc03c6121c,0.53652,0.5104775,0.477035,0.026042516727447507,Patch transformer,SNV + patches(16)
K,1000,1,4,ef60208e20ec4b1dfdc3e1f7ddd198d7,0.0,1.1635381,0.477035,-1.1635380983352661,Patch transformer,SNV + patches(16)
K,1000,1,4,9cf27c079257fc5eeb8597dff385afe2,3.20323290193872,0.38353655,0.477035,2.819696354516311,Patch transformer,SNV + patches(16)
K,1000,1,4,02a25a0dd1a5f7984277f1f846e89943,3.12343342370454,1.2869052,0.477035,1.8365282542175403,Patch transformer,SNV + patches(16)
K,1000,1,4,4aa84e5faa7cb0d6e7712639aecddf48,0.503350555015602,0.3540638,0.477035,0.14928674609760273,Patch transformer,SNV + patches(16)
K,1000,1,4,801e7a34979c9469a1a89de957af64af,1.0227,0.8579655,0.477035,0.1647344710350036,Patch transformer,SNV + patches(16)
K,1000,1,4,f432cf44fec117d2e2e2ab38847addac,0.28593,0.4063256,0.477035,-0.12039560849189757,Patch transformer,SNV + patches(16)
K,1000,1,4,e0f429fe46cdd8be8aa05082390d65b2,0.02314,0.75383407,0.477035,-0.730694068775177,Patch transformer,SNV + patches(16)
K,1000,1,4,1907feb687168c0cdca818cbb9f3a6a0,0.27775,5.884647,0.477035,-5.606896892547607,Patch transformer,SNV + patches(16)
K,1000,1,4,1bd9bda1ba0790993d83482bfef86da5,0.0624072842600644,0.90407765,0.477035,-0.8416703648564517,Patch transformer,SNV + patches(16)
K,1000,1,4,667276a2db9fdf7e7d3c4f615603e1ff,9.46768,2.1381025,0.477035,7.329577468566894,Patch transformer,SNV + patches(16)
K,1000,1,4,f81d1fc55054863e067452922f350e01,1.13186,0.7199991,0.477035,0.411860925064087,Patch transformer,SNV + patches(16)
K,1000,1,4,30db98afaa4ab6328d6419ed52eab8b1,0.94899,0.5838418,0.477035,0.36514819931030273,Patch transformer,SNV + patches(16)
K,1000,1,4,162031eea9510545d02ef86dd787661a,0.3562,0.33455616,0.477035,0.021643837642669694,Patch transformer,SNV + patches(16)
K,1000,1,4,4c8f8109094a3a6b44274974321cda05,0.32439,0.55697906,0.477035,-0.23258906017303466,Patch transformer,SNV + patches(16)
K,1000,1,4,71b1523d3d1e50abfd901358eb701ee8,2.01135607959486,0.9331957,0.477035,1.0781603694126702,Patch transformer,SNV + patches(16)
K,1000,1,4,0aaaa8ef9342c8fa9afe998aff2eeafb,0.74651,1.3503329,0.477035,-0.6038228561782837,Patch transformer,SNV + patches(16)
K,1000,1,4,86ab59dc3cae5e4c2dbe02fc1937d331,4.94845,1.5528097,0.477035,3.395640284729004,Patch transformer,SNV + patches(16)
K,1000,1,4,5f5069f3d8d809412086e71225ff7d4d,1.43536753798148,0.8772327,0.477035,0.5581348671974835,Patch transformer,SNV + patches(16)
K,1000,1,4,ebf466745f8e42cabe4848419c508cb7,0.04604,1.04406,0.477035,-0.9980199918365479,Patch transformer,SNV + patches(16)
K,1000,1,4,0504b575fb20914d5e075693fdbf30ec,0.414854979794363,0.93193644,0.477035,-0.5170814630576572,Patch transformer,SNV + patches(16)
K,1000,1,4,d269ff31a6c76da779fc9f631a460ea8,0.539158013197606,1.4145149,0.477035,-0.8753568860562392,Patch transformer,SNV + patches(16)
K,1000,1,4,b5b65bdd231ee238d8f112d9c5f0b17f,0.88346,0.7774995,0.477035,0.10596050306320193,Patch transformer,SNV + patches(16)
K,1000,1,4,aafa5bd3e4dea2030fddc763c9c54454,0.49951,0.44461986,0.477035,0.054890135774612436,Patch transformer,SNV + patches(16)
K,1000,1,4,20e80a2a91522646bdf58f7eb95960b6,1.2566,4.240546,0.477035,-2.983946226501465,Patch transformer,SNV + patches(16)
K,1000,1,4,ffc32ab0b3447ad05889711d5fcec949,0.34006,0.8744989,0.477035,-0.5344389037513733,Patch transformer,SNV + patches(16)
K,1000,1,4,4750c665c02608160da23a7eb130ed74,3.23017,3.0804229,0.477035,0.14974712173461935,Patch transformer,SNV + patches(16)
K,1000,1,4,747958600ed892535f31f1071bf6c8de,0.25362,0.98205274,0.477035,-0.728432743434906,Patch transformer,SNV + patches(16)
K,1000,1,4,38b204e2bc629c4f264ad863e08634c8,0.04918,0.5704728,0.477035,-0.521292776889801,Patch transformer,SNV + patches(16)
K,1000,1,4,46e1cfa27f41ba26190d2478c2c59833,1.82572,1.5426041,0.477035,0.28311591121673585,Patch transformer,SNV + patches(16)
K,1000,1,4,dd910a8d30554dd4bff01e7754b51ecb,2.19311,0.96850353,0.477035,1.2246064652061461,Patch transformer,SNV + patches(16)
K,1000,1,4,f14d9da41b0ccd2dee11424a4d3f8d84,0.158064351117704,0.1953828,0.477035,-0.03731845256080857,Patch transformer,SNV + patches(16)
K,1000,1,4,c6ed278073330f624902d93fb7cc0ae4,1.01264,0.7866507,0.477035,0.22598928274154662,Patch transformer,SNV + patches(16)
K,1000,1,4,c0d852aa784655fbff08215f63d925d0,2.76078,0.7041971,0.477035,2.056582891254425,Patch transformer,SNV + patches(16)
K,1000,1,4,bb138d7f0c586b79f35aeb63ce033836,0.46083,1.5155154,0.477035,-1.0546854466629028,Patch transformer,SNV + patches(16)
K,1000,1,4,80b3a495a55e7f77d349b69f0c221536,0.71295,0.6668911,0.477035,0.046058901977539035,Patch transformer,SNV + patches(16)
K,1000,1,4,36d575cc92753a6c41deadd5f88eb97e,1.55041,0.6945349,0.477035,0.8558751021957398,Patch transformer,SNV + patches(16)
K,1000,1,4,02fec5e96e4eebd367da315247065b67,1.95024,1.5366769,0.477035,0.4135631163024902,Patch transformer,SNV + patches(16)
K,1000,1,4,15fb8d5b4b2eb82ac63d31e8b0b0ff8c,0.09877,0.13068478,0.477035,-0.03191477809429169,Patch transformer,SNV + patches(16)
K,1000,1,4,ec1b82edcddc47d69d188c30540d39e3,0.04883,0.23768988,0.477035,-0.18885988251686098,Patch transformer,SNV + patches(16)
K,1000,1,4,175a4e03139da31b62f46837093fff0f,0.256279093559773,0.9615723,0.477035,-0.705293195907085,Patch transformer,SNV + patches(16)
K,1000,1,4,fd48c771fd6384ab94d749a99ec15f28,0.460893140314083,0.6401235,0.477035,-0.17923034620477685,Patch transformer,SNV + patches(16)
K,1000,1,4,7650ac715e5b60847a65ca2cba0d87cb,1.82558,1.0459596,0.477035,0.7796204081344604,Patch transformer,SNV + patches(16)
K,1000,1,4,7bcfdab31984aaab3dd52baaf725e80f,0.12138,0.20409465,0.477035,-0.08271464836120605,Patch transformer,SNV + patches(16)
K,1000,1,4,defd2597845faad07a9696748f6f19e0,0.30809,1.0931573,0.477035,-0.7850672914123535,Patch transformer,SNV + patches(16)
K,1000,1,4,c7dad40feb6516c2e21b899ca7c69141,1.82362269169778,0.8843371,0.477035,0.9392855644890703,Patch transformer,SNV + patches(16)
K,1000,1,4,a68b7305e3e31627f9019136dd82b7d6,1.83504,0.6255528,0.477035,1.209487226524353,Patch transformer,SNV + patches(16)
K,1000,1,4,944a66279e6707ca41f78fbd2d4a5852,0.83013,0.51697934,0.477035,0.3131506632614136,Patch transformer,SNV + patches(16)
K,1000,1,4,213a79642a9c576836dfc57a85e13f20,0.07232,0.3629782,0.477035,-0.29065819018363953,Patch transformer,SNV + patches(16)
K,1000,1,4,43fa058463a302802b74826230bc656d,0.26901,0.33852234,0.477035,-0.06951234482765195,Patch transformer,SNV + patches(16)
K,1000,1,4,05059708b1fde529664c699b88db15d2,0.79916,1.1730015,0.477035,-0.3738415277862549,Patch transformer,SNV + patches(16)
K,1000,1,4,3c35fa1f6cfe965f4aef61ed0d2d3c4b,0.79004,1.5998759,0.477035,-0.8098359269714356,Patch transformer,SNV + patches(16)
K,1000,1,4,47ea830bd25c1f6ef7e4790147e7caaf,3.73508,1.3055649,0.477035,2.429515119628906,Patch transformer,SNV + patches(16)
K,1000,1,4,09f20d8bf1de5c38bdddd5c8a9bd43ff,0.38149,0.61971843,0.477035,-0.23822843242645264,Patch transformer,SNV + patches(16)
K,1000,1,4,bef0cbd7f4b309c1921e29e10eefc81c,2.01961,4.532447,0.477035,-2.5128368612670897,Patch transformer,SNV + patches(16)
K,1000,1,4,8917b6bae2cc726acbf15f1a8fc48899,0.28724,0.46970445,0.477035,-0.18246444917678833,Patch transformer,SNV + patches(16)
K,1000,1,4,8f5fae9567c7aaca5f88e6d24b4a79c9,0.72815,0.59637135,0.477035,0.13177864732742306,Patch transformer,SNV + patches(16)
K,1000,1,4,32ffa51af1fa615021ca012620e5e04d,0.13195,0.3465956,0.477035,-0.2146455853462219,Patch transformer,SNV + patches(16)
K,1000,1,4,7a84378eb76ca95ded74fb38c341d9d2,1.2832,0.9842914,0.477035,0.29890862531661977,Patch transformer,SNV + patches(16)
K,1000,1,4,e1390ae9d6401d8c356cac476cc4d8dd,0.19844,0.7542505,0.477035,-0.5558105264282227,Patch transformer,SNV + patches(16)
K,1000,1,4,b616197c685357b606ef638602668523,0.82685,0.62374747,0.477035,0.20310253200531003,Patch transformer,SNV + patches(16)
K,1000,1,4,84493bc6182fe050a49cd0d9a6fa5125,0.29835,0.1482908,0.477035,0.15005920193195343,Patch transformer,SNV + patches(16)
K,1000,1,4,620f68dbec6be8974b520f25cbae4b21,0.11038,0.62088686,0.477035,-0.5105068622779846,Patch transformer,SNV + patches(16)
K,1000,1,4,b8f263baaff5e563ccab8f52d4119339,0.34899,1.755755,0.477035,-1.4067649476623534,Patch transformer,SNV + patches(16)
K,1000,1,4,33b874b1e65cfa92fd48fe0ca128986d,1.29518,1.0638593,0.477035,0.23132065647125244,Patch transformer,SNV + patches(16)
K,1000,1,4,cbc71159731249086d489b103b0e5cf8,0.15798,0.201937,0.477035,-0.043957004923820486,Patch transformer,SNV + patches(16)
K,1000,1,4,f1178af3b3b8a51bcf6c2ef11304d581,0.33564,0.8331094,0.477035,-0.49746937881469727,Patch transformer,SNV + patches(16)
K,1000,1,4,1f1cb5bdb847587808dd129e773c0223,0.70797,0.71108794,0.477035,-0.0031179421234130977,Patch transformer,SNV + patches(16)
K,1000,1,4,1a36f0ebb5f842763ad490ec4b6eb964,0.49584,0.59751034,0.477035,-0.10167033782958984,Patch transformer,SNV + patches(16)
K,1000,1,4,1539ff29c10756893a5b827537199d43,0.39923,0.7818899,0.477035,-0.3826599154663086,Patch transformer,SNV + patches(16)
K,1000,1,4,27c8eea5f8420aeaf5ee4ee4902f30ef,0.04962,0.89787704,0.477035,-0.848257037525177,Patch transformer,SNV + patches(16)
K,1000,1,4,7dfced7c2dbb09378b7dfdd51a2829ae,0.18776,0.88965917,0.477035,-0.7018991663360595,Patch transformer,SNV + patches(16)
K,1000,1,4,512bed3c4081969b36cd1fdb399a7c1b,0.899790270602077,0.7793857,0.477035,0.12040458468136161,Patch transformer,SNV + patches(16)
K,1000,1,4,bbbb9d429dfb54ac0a43019d25c1e222,0.6402,0.8368412,0.477035,-0.19664122562408448,Patch transformer,SNV + patches(16)
K,1000,1,4,5a6ab9771f1afed7b688467eb1a41dd8,2.46365,1.2648636,0.477035,1.1987863897323607,Patch transformer,SNV + patches(16)
K,1000,1,4,64d3f294b5a53a390f41d58db1dc1cd1,1.28978,0.27827936,0.477035,1.0115006358909606,Patch transformer,SNV + patches(16)
K,1000,1,4,07b46d637b9054c6959b1d9298756b41,0.16372,0.3106095,0.477035,-0.14688948967933654,Patch transformer,SNV + patches(16)
K,1000,1,4,05e37ff69b870fdc1d844a16986c480c,1.66457,0.89517206,0.477035,0.7693979404640199,Patch transformer,SNV + patches(16)
K,1000,1,4,43d9da8b1f94803390da04b86a4c0940,0.0,0.4665369,0.477035,-0.46653690934181213,Patch transformer,SNV + patches(16)
K,1000,1,4,4f36096da7e1c6dc5e882deeb9457e51,0.59749,0.9828565,0.477035,-0.3853665120697022,Patch transformer,SNV + patches(16)
K,1000,1,4,7d1fae4ff70f9264801aa720c26c1ecd,0.1844,1.3156337,0.477035,-1.1312336545944213,Patch transformer,SNV + patches(16)
K,1000,1,4,a4630525c8131e7ecc09ba5d3552542a,0.53754,0.6800496,0.477035,-0.14250959821701048,Patch transformer,SNV + patches(16)
K,1000,1,4,788eecb8a5851a63cdd863c8751aaa9d,0.04551,0.20416172,0.477035,-0.15865171848773957,Patch transformer,SNV + patches(16)
K,1000,1,4,0fab876fc6d8031b8919c78c096d72d9,0.4878,1.3823283,0.477035,-0.8945282718658447,Patch transformer,SNV + patches(16)
K,1000,1,4,76e53a271b7246864f4f09b1f2cbb7b0,0.66324,0.5949129,0.477035,0.06832711338043218,Patch transformer,SNV + patches(16)
K,1000,1,4,f414b7b1733e6ba4bf7178985c8e1803,0.41478,1.0187814,0.477035,-0.6040014235687257,Patch transformer,SNV + patches(16)
K,1000,1,4,01d082734d68a144b48705e2a1d90fd7,0.02454,0.5995985,0.477035,-0.5750585269546509,Patch transformer,SNV + patches(16)
K,1000,1,4,ef417108ebc33f95b9b41f3a5b754b58,1.17009,3.4920988,0.477035,-2.322008808288574,Patch transformer,SNV + patches(16)
K,1000,1,4,eac3a4c8f3ebc6e38901033fdbeff81a,0.38188,0.7956499,0.477035,-0.4137698861312866,Patch transformer,SNV + patches(16)
K,1000,1,4,6d841c36b29572b5b58fb61b55ed215f,0.77471,0.24971907,0.477035,0.5249909315919876,Patch transformer,SNV + patches(16)
K,1000,1,4,79c43b6710971f00edd55d124d609000,1.06117,0.9939974,0.477035,0.06717260496139521,Patch transformer,SNV + patches(16)
K,1000,1,4,1bcaead4309555d16f991a82b3d671e1,0.0,1.3431205,0.477035,-1.3431204557418823,Patch transformer,SNV + patches(16)
K,1000,1,4,78eaa1ba0aa88e7b3b9ec7a62bc074c1,1.20893,0.73383516,0.477035,0.4750948392677308,Patch transformer,SNV + patches(16)
K,1000,1,4,a7ea9301647f57e7931c87382ec95f51,0.2622,0.16239479,0.477035,0.09980520815849303,Patch transformer,SNV + patches(16)
K,1000,1,4,7bde30e11d33309add72665932f1eecd,0.33172,0.625074,0.477035,-0.293354028968811,Patch transformer,SNV + patches(16)
K,1000,1,4,31dca6aeabd77b58e555437aa262e436,2.35233,3.6970532,0.477035,-1.3447231940460207,Patch transformer,SNV + patches(16)
K,1000,1,4,53a62ce21caf7ab72a2f789c7d000cc5,1.01137,1.3516506,0.477035,-0.3402805956649779,Patch transformer,SNV + patches(16)
K,1000,1,4,aa537df04d1d47c08416a0b3f0dc4338,0.19076,0.59921557,0.477035,-0.40845556711196895,Patch transformer,SNV + patches(16)
K,1000,1,4,d23b64075a0bb8fc640cf06b53154569,1.36414,0.7218921,0.477035,0.6422478815460204,Patch transformer,SNV + patches(16)
K,1000,1,4,3630f752aff28c49a504a40a8d9a363e,1.17058,1.3103882,0.477035,-0.13980820743560796,Patch transformer,SNV + patches(16)
K,1000,1,4,80fa1ba08ba275e1a50413e95ef7b088,3.52762,0.5625204,0.477035,2.965099615211487,Patch transformer,SNV + patches(16)
K,1000,1,4,b4364123065d73fb38b098a57b06574c,0.20411,0.50383663,0.477035,-0.29972663177490233,Patch transformer,SNV + patches(16)
K,1000,1,4,4ecfebe934e893451ab68daa74271e53,0.30355,0.24415886,0.477035,0.05939113597869872,Patch transformer,SNV + patches(16)
K,1000,1,4,a3523dc9e9db585afe7b46159d29b8a3,0.19854,0.4346093,0.477035,-0.2360692939376831,Patch transformer,SNV + patches(16)
K,1000,1,4,79aeddc664de59068200a9f8a43914fc,0.37485,0.14154084,0.477035,0.23330915973186495,Patch transformer,SNV + patches(16)
K,1000,1,4,c82db3a515797c669fe105383b103360,0.37975,0.7920929,0.477035,-0.41234291934967043,Patch transformer,SNV + patches(16)
K,1000,1,4,342c2d1303eb04c3198d4596b85aa119,0.11314,0.16255419,0.477035,-0.04941418956279754,Patch transformer,SNV + patches(16)
K,1000,1,4,6c411b76c88d81272c19254bf3ff5070,0.40855,0.47594497,0.477035,-0.06739496607780454,Patch transformer,SNV + patches(16)
K,1000,1,4,9afeeb117aef4d81145094607cd3b366,0.28387,0.842105,0.477035,-0.5582349714088439,Patch transformer,SNV + patches(16)
K,1000,1,4,40a98766ddd13c7c09ec9861c9574bf8,0.44469,0.46584177,0.477035,-0.021151770172119166,Patch transformer,SNV + patches(16)
K,1000,1,4,39ffd25e64ac1512afa71e6e83e5458e,0.43718,0.64555675,0.477035,-0.20837674791336058,Patch transformer,SNV + patches(16)
K,1000,1,4,52c8c1d88d959d819807a57612779e67,3.0254,0.8079175,0.477035,2.2174825242996214,Patch transformer,SNV + patches(16)
K,1000,1,4,248bf86cf754298bb30dc68cf5e4e189,0.67219,1.3804471,0.477035,-0.7082571492767334,Patch transformer,SNV + patches(16)
K,1000,1,4,ce52f3cd254c8174e8c30daa6d9fcf76,0.85844,0.9896096,0.477035,-0.13116959911346437,Patch transformer,SNV + patches(16)
K,1000,1,4,24749007d138208ee97624c9b090999a,0.41857,0.36508432,0.477035,0.053485679693222044,Patch transformer,SNV + patches(16)
K,1000,1,4,da3034d612b2c3e102b93526b68e79f4,1.27913,2.0952938,0.477035,-0.8161637602996825,Patch transformer,SNV + patches(16)
K,1000,1,4,69e3fc97a50a08ca83d6ad0b4af4eae0,0.82639,0.58221805,0.477035,0.24417194904327388,Patch transformer,SNV + patches(16)
K,1000,1,4,ed104a48a1043244908bda0093b0de1e,0.16829,0.40412864,0.477035,-0.23583864089012146,Patch transformer,SNV + patches(16)
K,1000,1,4,6eaee95400be35aea8ec728ca7f09129,0.35212,0.43689865,0.477035,-0.0847786487388611,Patch transformer,SNV + patches(16)
K,1000,1,4,ee2cd15df288c73389dca5e038e33547,0.46495,0.66618764,0.477035,-0.2012376440048218,Patch transformer,SNV + patches(16)
K,1000,1,4,846f6254612203cff336f3562a339d02,0.72723,0.49912435,0.477035,0.2281056518363953,Patch transformer,SNV + patches(16)
K,1000,1,4,1d484a8e1f8b28b921785d467630e645,0.32535,0.32742587,0.477035,-0.002075867319107083,Patch transformer,SNV + patches(16)
K,1000,1,4,f504ccb42ab3052ebef0bd6951b49616,2.7805,1.0986562,0.477035,1.681843822479248,Patch transformer,SNV + patches(16)
K,1000,1,4,796a7ce8e6a5e1b677529cafa872512c,0.14327,0.56767017,0.477035,-0.42440016649246215,Patch transformer,SNV + patches(16)
K,1000,1,4,0a36af97d6174f733c9037a677622e0b,0.06849,0.18459618,0.477035,-0.11610618091583252,Patch transformer,SNV + patches(16)
K,1000,1,4,f56298357d47df4230fc2f978a8f5ab7,0.60685,0.9367639,0.477035,-0.3299138826370239,Patch transformer,SNV + patches(16)
K,1000,1,4,37741cf7865e8babdf52e38270f1b16f,0.0,0.54194677,0.477035,-0.5419467687606812,Patch transformer,SNV + patches(16)
K,1000,1,4,453ff9e87c656cb70ce92efda20f3344,0.0309727809006786,0.59085834,0.477035,-0.5598855593626881,Patch transformer,SNV + patches(16)
K,1000,1,4,e4e1de7d595f9f4648b2ce27a441f5a6,0.20331,0.41955274,0.477035,-0.21624274343490602,Patch transformer,SNV + patches(16)
K,1000,1,4,ef981c666cf6a2ec124c535dc245d5c3,2.28656197247941,0.64496714,0.477035,1.6415948337121677,Patch transformer,SNV + patches(16)
K,1000,1,4,e4cdd92b222eb6404d50d2584c244487,2.659,1.5914441,0.477035,1.0675558652877806,Patch transformer,SNV + patches(16)
K,1000,1,4,0d6985175154794d58b07edac2ee81b7,0.2501,0.4990134,0.477035,-0.24891339411735536,Patch transformer,SNV + patches(16)
K,1000,1,4,d3b249c8e9f6c645efc5982257e2a295,0.58456,1.5265503,0.477035,-0.94199029296875,Patch transformer,SNV + patches(16)
K,1000,1,4,828254c7798492af51a58c2b2a4bdb31,2.95986,0.5557743,0.477035,2.4040857285118102,Patch transformer,SNV + patches(16)
K,1000,1,4,341e8a4b167eced509c503a7541e006d,0.77256,0.67685163,0.477035,0.09570836978912356,Patch transformer,SNV + patches(16)
K,1000,1,4,8d3e73cd2fa0783283a78bd7776a5b0a,0.520231213872832,0.317453,0.477035,0.20277821690360898,Patch transformer,SNV + patches(16)
K,1000,1,4,668660211cbe48dce022c39611c5694e,0.21784,0.48739922,0.477035,-0.26955922046661374,Patch transformer,SNV + patches(16)
K,1000,1,4,6e4247248c870f79021f56837cf6278f,0.19683,0.45059326,0.477035,-0.2537632629108429,Patch transformer,SNV + patches(16)
K,1000,1,4,31f2a3cc22e964023f2923ccc31f3d52,2.05405,1.3352752,0.477035,0.7187748268127443,Patch transformer,SNV + patches(16)
K,1000,1,4,aeaed34ef4db65e179a87d0cea952cba,0.25,0.6019434,0.477035,-0.35194337368011475,Patch transformer,SNV + patches(16)
K,1000,1,4,4e758801a37a6ac61abc06ea1daeb4dd,0.67403,1.4588212,0.477035,-0.784791177482605,Patch transformer,SNV + patches(16)
K,1000,1,4,8c49d977b8822849118bfb8e545e7316,0.55884,0.7133916,0.477035,-0.15455160203933715,Patch transformer,SNV + patches(16)
K,1000,1,4,89153fbb28b41769edb1610e3deebd86,4.85322,4.588599,0.477035,0.26462079498291047,Patch transformer,SNV + patches(16)
K,1000,1,4,c8e2273b8fc98dd14ddef71420d0debf,0.18641,0.43681362,0.477035,-0.250403622713089,Patch transformer,SNV + patches(16)
N,1000,1,5,6f3380bee1fb7f08cf65b548f4dd0d7e,0.01104,0.18811612,0.182285,-0.17707611831188202,Patch transformer,SNV + patches(16)
N,1000,1,5,b8d55a953c01cd342b1be147769776b5,0.0,0.22249371,0.182285,-0.2224937081336975,Patch transformer,SNV + patches(16)
N,1000,1,5,2060c6d3f228f6f93936240a6ba71361,0.52,0.37508217,0.182285,0.14491783499717714,Patch transformer,SNV + patches(16)
N,1000,1,5,0c262891e616e18f18531bfc1e1c6da1,1.42082,2.099717,0.182285,-0.6788969017791748,Patch transformer,SNV + patches(16)
N,1000,1,5,7b7f800e58efbc3a88f09e818729645c,0.11254,0.19920565,0.182285,-0.0866656518793106,Patch transformer,SNV + patches(16)
N,1000,1,5,81228fd19ca25eb008810fdd04a25070,0.04,-0.018479735,0.182285,0.05847973465919495,Patch transformer,SNV + patches(16)
N,1000,1,5,bb2b9ee9ac79c823e1dc36e624f6baa3,0.02,0.10181004,0.182285,-0.0818100380897522,Patch transformer,SNV + patches(16)
N,1000,1,5,171f1950c34fade461d8f31ec7b541aa,0.09,0.27259234,0.182285,-0.18259233593940735,Patch transformer,SNV + patches(16)
N,1000,1,5,9f4339b931b43a42fdc3ae24748e93c4,0.80472,0.64535195,0.182285,0.15936805364608764,Patch transformer,SNV + patches(16)
N,1000,1,5,528c525f69e9c41adb90f71d886f5cbd,0.07094,0.1378001,0.182285,-0.06686009746551513,Patch transformer,SNV + patches(16)
N,1000,1,5,bb4c7754e2857cd8e7b6fea4c3f2e3b4,0.17,0.08504722,0.182285,0.08495277732610704,Patch transformer,SNV + patches(16)
N,1000,1,5,7a0bcf7b6758d64ae465ec2de6bb2557,0.0240063300376648,0.13628995,0.182285,-0.11228362414782103,Patch transformer,SNV + patches(16)
N,1000,1,5,734e3062f32e019691b61a48756e3313,0.25558,0.14089002,0.182285,0.1146899828481674,Patch transformer,SNV + patches(16)
N,1000,1,5,b3eb9b66e11a3563e022be81feb41986,0.0525,0.043633834,0.182285,0.008866166472434996,Patch transformer,SNV + patches(16)
N,1000,1,5,8516cee2d21933ae7a35b62e39db7c95,0.04061,0.053094767,0.182285,-0.012484767034053802,Patch transformer,SNV + patches(16)
N,1000,1,5,91856508a369ec5688e2685702e11344,0.11,0.035524,0.182285,0.07447600051760674,Patch transformer,SNV + patches(16)
N,1000,1,5,275a3116c289cc0f7710af34cfd8e8d1,0.0,-0.028088283,0.182285,0.0280882827937603,Patch transformer,SNV + patches(16)
N,1000,1,5,4892b9b68158e867edfedd9dd8512ad9,0.0971966406154598,0.7679114,0.182285,-0.6707147339534794,Patch transformer,SNV + patches(16)
N,1000,1,5,328c4887da84c3235af4cd24a7529fd2,0.02491,0.07897302,0.182285,-0.05406301763296127,Patch transformer,SNV + patches(16)
N,1000,1,5,29321834766f5f48a95b17f094cc336f,1.54945,1.5733509,0.182285,-0.02390090637207032,Patch transformer,SNV + patches(16)
N,1000,1,5,6077494301dad9ac26c3c08933e03b53,1.18802,2.2487996,0.182285,-1.0607795624542236,Patch transformer,SNV + patches(16)
N,1000,1,5,2715e22241ff0bbea31ba46239f09e6e,0.09125,0.003271256,0.182285,0.08797874389216304,Patch transformer,SNV + patches(16)
N,1000,1,5,e0750673861ea436b0e69bcf746ebc04,1.59034,2.4626045,0.182285,-0.872264522705078,Patch transformer,SNV + patches(16)
N,1000,1,5,2ef6218d5d2723bea486f32168ac377a,0.07181,0.1848628,0.182285,-0.11305280739307404,Patch transformer,SNV + patches(16)
N,1000,1,5,8daf73eec2547589fe10f40775740202,0.02003,-0.04292377,0.182285,0.06295377084493636,Patch transformer,SNV + patches(16)
N,1000,1,5,2e821520c82f3003ef30fa4ce2d5d62f,0.67914,1.1272354,0.182285,-0.4480954125976563,Patch transformer,SNV + patches(16)
N,1000,1,5,6943256023af3f32868a8d33550aeae9,0.0833,0.17879505,0.182285,-0.09549505455493927,Patch transformer,SNV + patches(16)
N,1000,1,5,5e5aad2f39784526c92d9e9f3d6a1004,0.09324,0.10754141,0.182285,-0.014301412115097042,Patch transformer,SNV + patches(16)
N,1000,1,5,df6c0e56d8c3d68bcdc66084d3b2ca4e,0.07079,0.2431012,0.182285,-0.17231119450092314,Patch transformer,SNV + patches(16)
N,1000,1,5,f853e809c26dcde2f67fe948180eee31,0.10191,0.12030215,0.182285,-0.018392148163318633,Patch transformer,SNV + patches(16)
N,1000,1,5,3c097418672845f860ca9fdf5c1cd67c,1.02629,1.9815257,0.182285,-0.9552356595611573,Patch transformer,SNV + patches(16)
N,1000,1,5,14727d76b56b8171d767726ae89fad41,0.03255,-0.011313801,0.182285,0.04386380070000887,Patch transformer,SNV + patches(16)
N,1000,1,5,43ef3e564e2f871ad2b8aecfdd4e7477,2.46968,2.339115,0.182285,0.13056509559631335,Patch transformer,SNV + patches(16)
N,1000,1,5,24e56dbadc7613c481a96d1dcf374c94,0.06192,0.08196386,0.182285,-0.02004385949850082,Patch transformer,SNV + patches(16)
N,1000,1,5,c8bb92f0a5087a826bf4465574569563,0.03018,-0.023442315,0.182285,0.05362231493771076,Patch transformer,SNV + patches(16)
N,1000,1,5,df9184e37736faa206f42b5c0f31c4a6,0.00709,-0.0576135,0.182285,0.06470349946260452,Patch transformer,SNV + patches(16)
N,1000,1,5,94fa044afacfb72edaa66797bee03d95,0.03048,-0.009712105,0.182285,0.04019210468560457,Patch transformer,SNV + patches(16)
N,1000,1,5,48b634cda25574a222cc7317618578e3,0.43847,0.68046516,0.182285,-0.2419951618003845,Patch transformer,SNV + patches(16)
N,1000,1,5,b76159d6e54cb176005728e3119d27bb,2.50133,2.207864,0.182285,0.2934659539031981,Patch transformer,SNV + patches(16)
N,1000,1,5,93861174bb10d84bf0b75d68067abcbf,0.07,0.025290102,0.182285,0.0447098982334137,Patch transformer,SNV + patches(16)
N,1000,1,5,87681b18f01e369ceb4f1f7bdad0abaa,0.0,0.042328835,0.182285,-0.042328834533691406,Patch transformer,SNV + patches(16)
N,1000,1,5,a90babd6cbaf6abaf30a1f8874c1a7e0,1.73072,1.7779998,0.182285,-0.04727975872039791,Patch transformer,SNV + patches(16)
N,1000,1,5,dcdf114dec5a225894118f2251a970e6,0.15917,0.13695332,0.182285,0.022216675920486456,Patch transformer,SNV + patches(16)
N,1000,1,5,0b90849d880311505e4372a6898d6199,0.27052,0.1319582,0.182285,0.13856179847240446,Patch transformer,SNV + patches(16)
N,1000,1,5,8038ceffffb186b3ffa20196ed1bf07d,0.02033,0.17753327,0.182285,-0.15720326892852782,Patch transformer,SNV + patches(16)
N,1000,1,5,e08d986f736bdc9383788dc4e6b93528,0.08278,0.085532576,0.182285,-0.0027525758457183774,Patch transformer,SNV + patches(16)
N,1000,1,5,72340ddb9581fd1269c3c0c79779720d,0.17979,0.1456889,0.182285,0.034101093688011175,Patch transformer,SNV + patches(16)
N,1000,1,5,18bfc5f8c3df3ed838fa2e39c23a600e,0.21438,0.13170567,0.182285,0.0826743284511566,Patch transformer,SNV + patches(16)
N,1000,1,5,9ec49dadd82d548aa146e79d6e9511a3,0.08086,0.22800335,0.182285,-0.14714335288047792,Patch transformer,SNV + patches(16)
N,1000,1,5,2838d8b53594bdd8bc7032465f9a7926,0.78859,0.8349277,0.182285,-0.04633767810821532,Patch transformer,SNV + patches(16)
N,1000,1,5,b70c21908127a922dbd4ce4005f413fb,0.12557,0.15738949,0.182285,-0.03181949179649354,Patch transformer,SNV + patches(16)
N,1000,1,5,998094ed90a808b94d42d257fc1f8c27,0.64527,0.3587164,0.182285,0.2865536015224457,Patch transformer,SNV + patches(16)
N,1000,1,5,45b502bad51f2f871bded3c4dcc84ef6,0.20092,0.18412536,0.182285,0.01679463617324828,Patch transformer,SNV + patches(16)
N,1000,1,5,c96565d7dd852854b59bd74b57f5c9c2,3.27383,1.955139,0.182285,1.3186909590530393,Patch transformer,SNV + patches(16)
N,1000,1,5,2f70e622d32f2140c60229d60a01557c,0.09112,0.2515339,0.182285,-0.16041389573097228,Patch transformer,SNV + patches(16)
N,1000,1,5,0fef8a58a48486e1fe07b242673d1140,0.32225,0.3828886,0.182285,-0.060638585329055805,Patch transformer,SNV + patches(16)
N,1000,1,5,b77360781f20f4732a6e1ce7ceeae9a3,0.09385,0.068185285,0.182285,0.025664715266227725,Patch transformer,SNV + patches(16)
N,1000,1,5,be9cda887d5bd07de9da2ac90c233c42,0.21,0.17330208,0.182285,0.0366979157924652,Patch transformer,SNV + patches(16)
N,1000,1,5,c1c6e67144560cff74045af3c42d451a,0.22,0.18377475,0.182285,0.036225245594978334,Patch transformer,SNV + patches(16)
N,1000,1,5,acaea9267adf9737ad75fa2d3ff80f4f,1.10934,1.2407284,0.182285,-0.13138837829589844,Patch transformer,SNV + patches(16)
N,1000,1,5,e87543c78c7d1d5aafdbd82e2b9e4ad9,0.08,0.2648073,0.182285,-0.1848073136806488,Patch transformer,SNV + patches(16)
N,1000,1,5,d46663e5ff6e75e4dfa118fa1c2b89f2,0.0806,0.016276056,0.182285,0.06432394405305386,Patch transformer,SNV + patches(16)
N,1000,1,5,49092e4ad273ff2f5fac74786feda0be,0.03517,0.05079919,0.182285,-0.015629190998077393,Patch transformer,SNV + patches(16)
N,1000,1,5,26eee500fe39037153c2b7788ecabee2,0.17,0.12191819,0.182285,0.048081813454628,Patch transformer,SNV + patches(16)
N,1000,1,5,a8eca9a6f1a8fbef4bcf2a59e26fcd82,0.05652,0.17692727,0.182285,-0.12040726850509643,Patch transformer,SNV + patches(16)
N,1000,1,5,0a0230f379d82f72d277645fbaec7040,0.55116,0.22054869,0.182285,0.330611310634613,Patch transformer,SNV + patches(16)
N,1000,1,5,3fd241e7e4bca5c0a0d97a7f6bc706b4,0.0232,0.0685284,0.182285,-0.045328398871421816,Patch transformer,SNV + patches(16)
N,1000,1,5,f2725bf160884d12ddb406ad5a3aab43,0.06148,0.27094385,0.182285,-0.20946385027885436,Patch transformer,SNV + patches(16)
N,1000,1,5,6ccecda6c722fc95376e1e2e36639778,0.01006,-0.03649841,0.182285,0.04655840876460075,Patch transformer,SNV + patches(16)
N,1000,1,5,ebb10140bb7c00620a3f22d5620929d5,0.13316,0.08145776,0.182285,0.05170224354028702,Patch transformer,SNV + patches(16)
N,1000,1,5,20ebaa1eec4b6761f19004862438f665,0.07095,0.07670184,0.182285,-0.00575184224843979,Patch transformer,SNV + patches(16)
N,1000,1,5,38f685cc3a986996000462370fa32cea,0.04593,0.06901494,0.182285,-0.023084936685562135,Patch transformer,SNV + patches(16)
N,1000,1,5,561f51dad9198b3984fc31a5f0d33e4c,0.38,0.19969894,0.182285,0.18030106008052826,Patch transformer,SNV + patches(16)
N,1000,1,5,c2a2a2a3fb1422a4de7c9ee8bc223c93,0.22,0.20973055,0.182285,0.01026944935321808,Patch transformer,SNV + patches(16)
N,1000,1,5,05c96f52dcc1c105b9b5ad6eb5de08d7,0.11104,0.14083308,0.182285,-0.02979307981491089,Patch transformer,SNV + patches(16)
N,1000,1,5,dbba82827e13daddc1c8372b3155a8e4,1.67152,1.1693251,0.182285,0.5021948867034911,Patch transformer,SNV + patches(16)
N,1000,1,5,fa10b1fe9a01f3dbc63a20b26212c703,0.76642,0.10384648,0.182285,0.6625735170674324,Patch transformer,SNV + patches(16)
N,1000,1,5,7fc56a70202a1fa9b164e561318bde24,0.17,-0.012328354,0.182285,0.1823283537104726,Patch transformer,SNV + patches(16)
N,1000,1,5,04905354e5eb36c8d152a525a1debea5,0.03022,-0.014871723,0.182285,0.04509172301858663,Patch transformer,SNV + patches(16)
N,1000,1,5,483de0facc629c3774ed81c7a3bcb2a9,0.06921,0.08803906,0.182285,-0.01882906291723252,Patch transformer,SNV + patches(16)
N,1000,1,5,004dcd5bf6e4cfe4561fa86e44778c34,1.54481,1.4514421,0.182285,0.0933678775405884,Patch transformer,SNV + patches(16)
N,1000,1,5,f53024430b2f8a708dea7112e607d7fc,0.06279,0.09676358,0.182285,-0.033973581037521364,Patch transformer,SNV + patches(16)
N,1000,1,5,e384983de4f1b2d51cb7b59eb27bbae3,1.75353,0.05375515,0.182285,1.6997748507547379,Patch transformer,SNV + patches(16)
N,1000,1,5,40ab1008d36da42328002ceef5438138,0.05048,0.14880921,0.182285,-0.09832920946598053,Patch transformer,SNV + patches(16)
N,1000,1,5,147e1424b836c2d38545c6f144a7c39a,0.14114,0.25149992,0.182285,-0.11035992108345033,Patch transformer,SNV + patches(16)
N,1000,1,5,43a8ce25c9fe7259dc2c8444beeccfce,0.02769,0.113651104,0.182285,-0.0859611042714119,Patch transformer,SNV + patches(16)
N,1000,1,5,67d6591db28b558afe72a6f2eaba153f,0.10391,0.1289378,0.182285,-0.025027795758247373,Patch transformer,SNV + patches(16)
N,1000,1,5,9af3658164ec460ce982d92510e47012,0.70043,0.49791437,0.182285,0.2025156261253357,Patch transformer,SNV + patches(16)
N,1000,1,5,245d4926c09c1d83e96c5348ac4da8b8,0.04907,0.12450044,0.182285,-0.07543043857097625,Patch transformer,SNV + patches(16)
N,1000,1,5,3266875b337ee03a742a5a7033da1679,2.69476,2.2623785,0.182285,0.432381545791626,Patch transformer,SNV + patches(16)
N,1000,1,5,67810b2eabdac1ebfb0be57a778972f9,0.05068,0.07031637,0.182285,-0.0196363668513298,Patch transformer,SNV + patches(16)
N,1000,1,5,c5786344a8066f1a8ea722fb3fd200dd,0.08299,0.48265904,0.182285,-0.39966904188156127,Patch transformer,SNV + patches(16)
N,1000,1,5,84d0b34fe8fcddc0f92e4db85ae173dd,0.15418,0.17640935,0.182285,-0.02222934884548186,Patch transformer,SNV + patches(16)
N,1000,1,5,019c18212c26d2d950007c6540bedce4,0.23568,0.14048292,0.182285,0.09519708257198334,Patch transformer,SNV + patches(16)
N,1000,1,5,131d481bbb8a8e6df623c62381962981,0.00303,0.13074283,0.182285,-0.1277128330183029,Patch transformer,SNV + patches(16)
N,1000,1,5,086a95bfaad4818ff3c12061d00164c7,0.32048,1.829872,0.182285,-1.5093920121383668,Patch transformer,SNV + patches(16)
N,1000,1,5,bd87f718b19d5d1cc2aa0029ac6072af,0.22402,0.2710938,0.182285,-0.04707378576278687,Patch transformer,SNV + patches(16)
N,1000,1,5,26eae548aebe66ca2e0ca87d449b528f,0.22352,0.22215806,0.182285,0.0013619405221939052,Patch transformer,SNV + patches(16)
N,1000,1,5,5a0316b63267b981d1bc0d5df901a221,0.00712,0.09158407,0.182285,-0.08446407151699066,Patch transformer,SNV + patches(16)
N,1000,1,5,bf11b95afb6f9b5493ec610800ac4496,0.05042,0.09357891,0.182285,-0.04315891231775284,Patch transformer,SNV + patches(16)
N,1000,1,5,975cc56be0c665f3c21b8b7fec2e0476,0.1207,0.056483693,0.182285,0.06421630657911301,Patch transformer,SNV + patches(16)
N,1000,1,5,c235796658a302d0ea15c15be743b129,0.02037,0.088198744,0.182285,-0.06782874376058579,Patch transformer,SNV + patches(16)
N,1000,1,5,e5bc64945f2328a389210da0f0e26130,0.13812,0.2361416,0.182285,-0.09802160716533662,Patch transformer,SNV + patches(16)
N,1000,1,5,bc43f8ac4abab897c03034d55c7a24af,0.13,0.10639703,0.182285,0.02360296726226807,Patch transformer,SNV + patches(16)
N,1000,1,5,8de5ed7ecdfc1538d4d33c79d79a9685,0.03778,0.10824319,0.182285,-0.07046318975210189,Patch transformer,SNV + patches(16)
N,1000,1,5,8aa0fba4b13a6c193ed3eca5cf600d9a,0.04429,0.026725557,0.182285,0.017564443298578265,Patch transformer,SNV + patches(16)
N,1000,1,5,e5b812911624933cd779080951dc2676,0.08121,0.12351909,0.182285,-0.04230909279823303,Patch transformer,SNV + patches(16)
N,1000,1,5,248bf1290d692edb5c90ba8afede3436,0.19716,0.31297404,0.182285,-0.11581403573989868,Patch transformer,SNV + patches(16)
N,1000,1,5,9db2acfad2f2ae9fbae9390e8c61b730,1.50649,1.5277876,0.182285,-0.021297566184997452,Patch transformer,SNV + patches(16)
N,1000,1,5,f82e881ad935f4771fcbbf27361bff53,0.3643,0.34722334,0.182285,0.017076658535003675,Patch transformer,SNV + patches(16)
N,1000,1,5,800c51f80f74c7e0e454bcb6306b4965,0.52152,0.3838384,0.182285,0.13768161465644835,Patch transformer,SNV + patches(16)
N,1000,1,5,13397f6facde99457651e2c2fce63548,1.3232,1.6156124,0.182285,-0.2924123876571656,Patch transformer,SNV + patches(16)
N,1000,1,5,1a72b596eb8f936aa66b059cf3e42683,0.0927,0.02296416,0.182285,0.06973583911061287,Patch transformer,SNV + patches(16)
N,1000,1,5,59295cd87b4a498c90fe55f71bf38699,0.54592,0.30820182,0.182285,0.23771818034172054,Patch transformer,SNV + patches(16)
N,1000,1,5,b5b1ca7f2634e4aa8496a627418e73dd,0.1212,0.2751391,0.182285,-0.15393909339904785,Patch transformer,SNV + patches(16)
N,1000,1,5,a8270a0d1b26d194e7beecba6afcb0ff,0.48372,0.37304685,0.182285,0.11067315480232237,Patch transformer,SNV + patches(16)
N,1000,1,5,2968869f1831f368b26b4feaa9ebf2ed,0.09143,0.04812019,0.182285,0.04330981054186821,Patch transformer,SNV + patches(16)
N,1000,1,5,9c50dc311baadc550024b1affd2ec245,0.0,0.10775775,0.182285,-0.10775774717330933,Patch transformer,SNV + patches(16)
N,1000,1,5,6fa5bd715b5d25369eef6efcb487ef51,0.06801,0.100828975,0.182285,-0.032818975439071654,Patch transformer,SNV + patches(16)
N,1000,1,5,aae704b6f1ea4447e508e1eb701d2b79,0.06571,0.0938405,0.182285,-0.02813050220251083,Patch transformer,SNV + patches(16)
N,1000,1,5,fa66bec47555c02b5eb89e79dde19c6a,0.26273,0.17545614,0.182285,0.08727386353492739,Patch transformer,SNV + patches(16)
N,1000,1,5,77471ba156d279681c64f737fad5937b,0.09,-0.042658925,0.182285,0.13265892505645752,Patch transformer,SNV + patches(16)
N,1000,1,5,0e4c0db3630a51397ee780a3d857a8f1,0.06067,0.014054938,0.182285,0.046615061780512335,Patch transformer,SNV + patches(16)
N,1000,1,5,d62e0bdf76f19b744fa4c4b85244f9a9,0.2551,0.1776827,0.182285,0.07741730222702026,Patch transformer,SNV + patches(16)
N,1000,1,5,9f8e083ef94d0e77b87dd77416ee4471,0.63281,0.5346975,0.182285,0.09811252695083617,Patch transformer,SNV + patches(16)
N,1000,1,5,ccb894ae99a255150c2f41a672839497,1.52542,1.2884113,0.182285,0.23700874034881592,Patch transformer,SNV + patches(16)
N,1000,1,5,08ebf30a38a3f8ff4cceb70abe8ce666,0.13212,0.08651445,0.182285,0.045605549390316,Patch transformer,SNV + patches(16)
N,1000,1,5,c89b20fa96f8488bc2b83ae818655aa9,0.12826,0.20716088,0.182285,-0.07890087520122527,Patch transformer,SNV + patches(16)
N,1000,1,5,468ceac2102aba4747f438930ec6f817,0.09,0.12496847,0.182285,-0.03496846914291382,Patch transformer,SNV + patches(16)
N,1000,1,5,3828f629c45259abaec25573cd9223f9,0.05232,0.13102695,0.182285,-0.078706953458786,Patch transformer,SNV + patches(16)
N,1000,1,5,7cd04b95b94d115659aa6806e790a48b,0.3,0.5173484,0.182285,-0.21734840869903566,Patch transformer,SNV + patches(16)
N,1000,1,5,a79174614ef96ee0cbf6bbfe4e6edae5,1.802,1.961239,0.182285,-0.15923898029327388,Patch transformer,SNV + patches(16)
N,1000,1,5,c4ae9b0995683c7ea83a4d135f58ba4a,0.33756,0.263038,0.182285,0.07452199059486392,Patch transformer,SNV + patches(16)
N,1000,1,5,c628689aa45255d95d8e8f77c3350b98,0.05,0.07455161,0.182285,-0.024551612138748166,Patch transformer,SNV + patches(16)
N,1000,1,5,3ed99c233d3c1f544449c275ebb9728d,0.08101,0.104823284,0.182285,-0.0238132838511467,Patch transformer,SNV + patches(16)
N,1000,1,5,25011f004e493712c6dfc4005c5d6e05,0.09264,0.0761928,0.182285,0.01644719631910324,Patch transformer,SNV + patches(16)
N,1000,1,5,e5837bd3f8d3a989efed633f487c1c89,0.10963,0.086569645,0.182285,0.023060355489254003,Patch transformer,SNV + patches(16)
N,1000,1,5,3238e8d3d01c8a1f27f41369597a6f54,0.78004,1.3739792,0.182285,-0.5939392108535767,Patch transformer,SNV + patches(16)
N,1000,1,5,655f6562731774fc18a9c568ba00a31e,0.16,0.15800261,0.182285,0.0019973850250244174,Patch transformer,SNV + patches(16)
N,1000,1,5,5fec21df2359f59953602b2e21c7a3db,0.08391,0.11168201,0.182285,-0.02777201267719269,Patch transformer,SNV + patches(16)
N,1000,1,5,1ef20529f8cc86ddf01cb51f4067a594,0.18,0.16506231,0.182285,0.014937691688537591,Patch transformer,SNV + patches(16)
N,1000,1,5,f1ece102f3485cda54b5b14f024b69d5,0.24,0.15276627,0.182285,0.08723372757434844,Patch transformer,SNV + patches(16)
N,1000,1,5,a0f521b02df4c8782e83dd25bfcd6500,0.0919,-0.006698662,0.182285,0.09859866194948554,Patch transformer,SNV + patches(16)
N,1000,1,5,c7a212f5c4cf93cb5e218faf9006776f,1.09868,1.0782474,0.182285,0.02043257205963145,Patch transformer,SNV + patches(16)
N,1000,1,5,eeb8b7034a4680224b0cdce705f28ab9,0.36,0.29475906,0.182285,0.06524093508720397,Patch transformer,SNV + patches(16)
N,1000,1,5,8872b32ecbc02abf4f3c79951fe78576,0.27024,0.12152705,0.182285,0.14871294658422468,Patch transformer,SNV + patches(16)
N,1000,1,5,37566f03c229dff6e40e643577effd07,0.05826,0.0018639032,0.182285,0.05639609675038606,Patch transformer,SNV + patches(16)
N,1000,1,5,9a2cbec9c4e6cbceb956e61318d6a38f,0.86881,1.1036104,0.182285,-0.2348003963851929,Patch transformer,SNV + patches(16)
N,1000,1,5,1440946b993f17ffdaa19025a4bdf9b7,1.5993,1.5676007,0.182285,0.031699272918701116,Patch transformer,SNV + patches(16)
N,1000,1,5,e861d9a3713b35831574382900745d52,0.0898,0.09399083,0.182285,-0.004190832567214961,Patch transformer,SNV + patches(16)
N,1000,1,5,e7b06ca87b9542811faade0a5339aa93,0.84281,0.89872986,0.182285,-0.05591986078262334,Patch transformer,SNV + patches(16)
N,1000,1,5,57239616d470649f9992bb55078990a6,1.25792,1.3506174,0.182285,-0.09269740875244148,Patch transformer,SNV + patches(16)
N,1000,1,5,3df12077adeb36f71483e5f357a2b1b3,0.01918,-0.021856157,0.182285,0.04103615710914135,Patch transformer,SNV + patches(16)
N,1000,1,5,ed39464a37d1eaf9c2cf178154f51d82,0.16468,0.17170084,0.182285,-0.0070208352279663155,Patch transformer,SNV + patches(16)
N,1000,1,5,80c28fff05055fa3d32f8d5acb31d5fd,0.13437,0.1869858,0.182285,-0.05261580563068391,Patch transformer,SNV + patches(16)
N,1000,1,5,5fd769bdc0cc5829cc76c85a15e3ca7a,1.12057,1.1405919,0.182285,-0.020021859817504817,Patch transformer,SNV + patches(16)
N,1000,1,5,c13be338f7f9e5284751cef802f3d643,0.06099,0.005912518,0.182285,0.055077481871247294,Patch transformer,SNV + patches(16)
N,1000,1,5,903813834ade1eb94d491b660eb8ede7,0.15511,0.18342766,0.182285,-0.028317661657333376,Patch transformer,SNV + patches(16)
N,1000,1,5,47c16c0c8966df680579f1de23568eb5,0.08112,0.05104145,0.182285,0.03007854964852333,Patch transformer,SNV + patches(16)
N,1000,1,5,c879b38964baa9e7b791ac1d9cc0c693,0.13534,0.12876347,0.182285,0.006576532926559436,Patch transformer,SNV + patches(16)
N,1000,1,5,52d88b079e72d187acbf809c6fb4bfcd,0.10213,0.09958723,0.182285,0.002542768125534056,Patch transformer,SNV + patches(16)
N,1000,1,5,cfc5ab8d0e2bdef78f07e50db3aeff0f,1.35465,2.4052956,0.182285,-1.0506456104278565,Patch transformer,SNV + patches(16)
N,1000,1,5,56d704e79151a74fbde36ca99ded1ed3,0.1052,0.093152195,0.182285,0.012047804784774782,Patch transformer,SNV + patches(16)
N,1000,1,5,e631651f4f96f8f01f119e9da4e3ea64,0.103,0.09579349,0.182285,0.007206506907939905,Patch transformer,SNV + patches(16)
N,1000,1,5,8e41514a05f25cd13af2aad72755738c,0.3502,0.42613903,0.182285,-0.07593902688026427,Patch transformer,SNV + patches(16)
N,1000,1,5,f5b703c52ef606ac1ef2796208af88cc,0.1431,0.090242825,0.182285,0.052857174551486974,Patch transformer,SNV + patches(16)
N,1000,1,5,01fdadbba4afa19b0d6a5d79c03a4f3b,0.21379,0.20976047,0.182285,0.00402952782154084,Patch transformer,SNV + patches(16)
N,1000,1,5,94d7fa92e4f0e0100b8fcfe08ef89291,0.82284,0.41055545,0.182285,0.41228454789161684,Patch transformer,SNV + patches(16)
N,1000,1,5,677ec495bc1f8f1e17d2328a4472a5d8,0.6009,0.34571242,0.182285,0.25518757667541503,Patch transformer,SNV + patches(16)
N,1000,1,5,0d9f230a62237c7b50c4e60cc2caf606,0.35521,0.2941604,0.182285,0.06104960413932803,Patch transformer,SNV + patches(16)
N,1000,1,5,569a2007d9e344cd713ffc1ce0ffae17,0.12098,0.025172466,0.182285,0.09580753358781338,Patch transformer,SNV + patches(16)
N,1000,1,5,278162d98adfa58daadd49bad86c6a82,0.02016,0.069554195,0.182285,-0.04939419480800629,Patch transformer,SNV + patches(16)
N,1000,1,5,f66e9b4f62e61d212b41211455f99015,0.40434,0.1459696,0.182285,0.25837040051460264,Patch transformer,SNV + patches(16)
N,1000,1,5,f57b959250a5d6dd0a4f251ef45aebde,0.01,0.04101073,0.182285,-0.03101072996854782,Patch transformer,SNV + patches(16)
N,1000,1,5,10777d580745238943356a4567a4672a,0.03676,-0.025224073,0.182285,0.061984072858691217,Patch transformer,SNV + patches(16)
N,1000,1,5,d86b22f928cd9f1f149c28eb4fc15477,0.04203,-0.007938832,0.182285,0.04996883204460144,Patch transformer,SNV + patches(16)
N,1000,1,5,c55987e9d3a449fbe4145998ce7c3d8e,0.22182,0.28170666,0.182285,-0.059886660985946666,Patch transformer,SNV + patches(16)
N,1000,1,5,d3b07f247d6a765b977d52240352e37e,0.09133,0.1237491,0.182285,-0.03241909967184067,Patch transformer,SNV + patches(16)
N,1000,1,5,da5df6ab544b1ae683a10002b190c10f,0.03983,0.03079621,0.182285,0.009033790649771688,Patch transformer,SNV + patches(16)
N,1000,1,5,b4ad191924db2d32652aa4ed9f5ae2b2,0.34838,0.48148957,0.182285,-0.1331095689487457,Patch transformer,SNV + patches(16)
N,1000,1,5,e17fe5fe54cc84f0c76adfa417d896c7,0.16,0.093375154,0.182285,0.06662484616041184,Patch transformer,SNV + patches(16)
N,1000,1,5,0c5e09091d236dd43821c60a9d868579,0.01003,0.0115173925,0.182285,-0.0014873924714326851,Patch transformer,SNV + patches(16)
N,1000,1,5,a06d1585269683ddc7abe211b569ed6e,0.11189,0.06948444,0.182285,0.04240555752754212,Patch transformer,SNV + patches(16)
N,1000,1,5,bb24f08c6aa5d5052979abd73d8c4ba6,1.28944,1.4750652,0.182285,-0.18562523132324227,Patch transformer,SNV + patches(16)
N,1000,1,5,6492c55aeb027c7f142db04dee97a322,0.11204,0.07902287,0.182285,0.03301713053226471,Patch transformer,SNV + patches(16)
N,1000,1,5,0fda6635a4e90f8a0a422468213e1e4a,0.09348,0.11620793,0.182285,-0.02272792746543885,Patch transformer,SNV + patches(16)
N,1000,1,5,2ce0171b1b60146728717e11528c2549,0.21116,0.13444127,0.182285,0.07671872857570647,Patch transformer,SNV + patches(16)
N,1000,1,5,32b3f3685fa495a67b76a82acd08da20,0.60408,0.7056365,0.182285,-0.10155650131225591,Patch transformer,SNV + patches(16)
N,1000,1,5,1dbac983d9a8cce2c5f7723fb3b93eb8,1.72317,2.1356,0.182285,-0.4124300900268554,Patch transformer,SNV + patches(16)
N,1000,1,5,59fb39b7f377d66e6e21e0a72f69c313,0.15123,0.0807225,0.182285,0.07050749663591385,Patch transformer,SNV + patches(16)
N,1000,1,5,e7768ceb997bed31cbc3be8dd342befc,0.20734,0.119665876,0.182285,0.08767412396907806,Patch transformer,SNV + patches(16)
N,1000,1,5,2432f0616a8e80ee769b8943030466d7,2.03627,2.3815134,0.182285,-0.34524335716247556,Patch transformer,SNV + patches(16)
N,1000,1,5,8e0580bb70cffaf40483d06f0709a13a,0.20523,0.22429846,0.182285,-0.019068462271690373,Patch transformer,SNV + patches(16)
N,1000,1,5,57468b8666d51be7fac7bd3ec4c3c43b,0.1436,0.15482327,0.182285,-0.011223273420333857,Patch transformer,SNV + patches(16)
N,1000,1,5,555414bb8da39af46d6480f226dc6133,0.03232,-0.01758534,0.182285,0.04990534088730812,Patch transformer,SNV + patches(16)
N,1000,1,5,329936ab2b89da40c486b81e7625673e,0.09154,0.059593268,0.182285,0.031946732261180874,Patch transformer,SNV + patches(16)
N,1000,1,5,75735192880693a72200b60697ecbb35,1.39668,0.78611386,0.182285,0.6105661417770385,Patch transformer,SNV + patches(16)
N,1000,1,5,31350f43fd0592645b00ac1f57e2275b,0.33327,0.22639836,0.182285,0.10687163629055024,Patch transformer,SNV + patches(16)
N,1000,1,5,40093930449909359433aa2c67feabee,0.83769,0.42157426,0.182285,0.4161157352352143,Patch transformer,SNV + patches(16)
N,1000,1,5,5eef4967513de64cd5e79927f735b9c0,0.26768,0.20342492,0.182285,0.0642550843286514,Patch transformer,SNV + patches(16)
P,1000,1,5,6f3380bee1fb7f08cf65b548f4dd0d7e,1.54624,3.072048,5.748545,-1.5258079488372802,Patch transformer,SNV + patches(16)
P,1000,1,5,b8d55a953c01cd342b1be147769776b5,0.5166,5.222531,5.748545,-4.705930841827392,Patch transformer,SNV + patches(16)
P,1000,1,5,2060c6d3f228f6f93936240a6ba71361,0.0,15.222542,5.748545,-15.222541809082031,Patch transformer,SNV + patches(16)
P,1000,1,5,0c262891e616e18f18531bfc1e1c6da1,14.71031,10.306258,5.748545,4.404051798400879,Patch transformer,SNV + patches(16)
P,1000,1,5,7b7f800e58efbc3a88f09e818729645c,1.48386,4.839751,5.748545,-3.3558907667541504,Patch transformer,SNV + patches(16)
P,1000,1,5,81228fd19ca25eb008810fdd04a25070,16.5,1.8458054,5.748545,14.654194593429565,Patch transformer,SNV + patches(16)
P,1000,1,5,bb2b9ee9ac79c823e1dc36e624f6baa3,0.0,4.401137,5.748545,-4.401136875152588,Patch transformer,SNV + patches(16)
P,1000,1,5,171f1950c34fade461d8f31ec7b541aa,0.0,12.239657,5.748545,-12.239657402038574,Patch transformer,SNV + patches(16)
P,1000,1,5,9f4339b931b43a42fdc3ae24748e93c4,23.34116,20.747303,5.748545,2.5938569909667955,Patch transformer,SNV + patches(16)
P,1000,1,5,528c525f69e9c41adb90f71d886f5cbd,6.53359,9.320864,5.748545,-2.7872737237548826,Patch transformer,SNV + patches(16)
P,1000,1,5,bb4c7754e2857cd8e7b6fea4c3f2e3b4,0.0,4.099493,5.748545,-4.099493026733398,Patch transformer,SNV + patches(16)
P,1000,1,5,7a0bcf7b6758d64ae465ec2de6bb2557,0.0748644130571245,7.1640024,5.748545,-7.089138005460942,Patch transformer,SNV + patches(16)
P,1000,1,5,734e3062f32e019691b61a48756e3313,52.69437,6.156758,5.748545,46.53761216842651,Patch transformer,SNV + patches(16)
P,1000,1,5,b3eb9b66e11a3563e022be81feb41986,14.39667,3.50238,5.748545,10.894290105743409,Patch transformer,SNV + patches(16)
P,1000,1,5,8516cee2d21933ae7a35b62e39db7c95,0.73324,4.28401,5.748545,-3.55076993347168,Patch transformer,SNV + patches(16)
P,1000,1,5,91856508a369ec5688e2685702e11344,13.6,4.5684094,5.748545,9.031590557098388,Patch transformer,SNV + patches(16)
P,1000,1,5,275a3116c289cc0f7710af34cfd8e8d1,0.33786,2.1387813,5.748545,-1.8009213091278076,Patch transformer,SNV + patches(16)
P,1000,1,5,4892b9b68158e867edfedd9dd8512ad9,0.571533653681768,16.334501,5.748545,-15.762967612797723,Patch transformer,SNV + patches(16)
P,1000,1,5,328c4887da84c3235af4cd24a7529fd2,7.64039,3.9145832,5.748545,3.725806793823242,Patch transformer,SNV + patches(16)
P,1000,1,5,29321834766f5f48a95b17f094cc336f,9.31701,15.980014,5.748545,-6.663003847351074,Patch transformer,SNV + patches(16)
P,1000,1,5,6077494301dad9ac26c3c08933e03b53,2.75976,14.679149,5.748545,-11.91938867401123,Patch transformer,SNV + patches(16)
P,1000,1,5,2715e22241ff0bbea31ba46239f09e6e,0.64005,2.981045,5.748545,-2.3409950077056885,Patch transformer,SNV + patches(16)
P,1000,1,5,e0750673861ea436b0e69bcf746ebc04,6.55517,19.612507,5.748545,-13.057336866455078,Patch transformer,SNV + patches(16)
P,1000,1,5,2ef6218d5d2723bea486f32168ac377a,27.68535,10.945849,5.748545,16.739500581359863,Patch transformer,SNV + patches(16)
P,1000,1,5,8daf73eec2547589fe10f40775740202,5.89964,1.7093545,5.748545,4.190285480155945,Patch transformer,SNV + patches(16)
P,1000,1,5,2e821520c82f3003ef30fa4ce2d5d62f,35.33599,7.9461126,5.748545,27.389877367248538,Patch transformer,SNV + patches(16)
P,1000,1,5,6943256023af3f32868a8d33550aeae9,0.91276,3.2962055,5.748545,-2.383445520629883,Patch transformer,SNV + patches(16)
P,1000,1,5,5e5aad2f39784526c92d9e9f3d6a1004,7.31611,8.257588,5.748545,-0.9414783865356444,Patch transformer,SNV + patches(16)
P,1000,1,5,df6c0e56d8c3d68bcdc66084d3b2ca4e,23.17285,13.776657,5.748545,9.396192895507813,Patch transformer,SNV + patches(16)
P,1000,1,5,f853e809c26dcde2f67fe948180eee31,0.0,6.748492,5.748545,-6.7484917640686035,Patch transformer,SNV + patches(16)
P,1000,1,5,3c097418672845f860ca9fdf5c1cd67c,3.03678,17.244474,5.748545,-14.207694411010742,Patch transformer,SNV + patches(16)
P,1000,1,5,14727d76b56b8171d767726ae89fad41,1.83876,2.1744554,5.748545,-0.33569540428161626,Patch transformer,SNV + patches(16)
P,1000,1,5,43ef3e564e2f871ad2b8aecfdd4e7477,6.81427,12.274891,5.748545,-5.4606208996582035,Patch transformer,SNV + patches(16)
P,1000,1,5,24e56dbadc7613c481a96d1dcf374c94,0.02263,4.6693206,5.748545,-4.6466905833435055,Patch transformer,SNV + patches(16)
P,1000,1,5,c8bb92f0a5087a826bf4465574569563,1.44528,2.2077906,5.748545,-0.7625106131744386,Patch transformer,SNV + patches(16)
P,1000,1,5,df9184e37736faa206f42b5c0f31c4a6,0.45618,1.6100031,5.748545,-1.153823113746643,Patch transformer,SNV + patches(16)
P,1000,1,5,94fa044afacfb72edaa66797bee03d95,1.29785,2.8320796,5.748545,-1.5342296489715577,Patch transformer,SNV + patches(16)
P,1000,1,5,48b634cda25574a222cc7317618578e3,28.91199,7.921001,5.748545,20.990989042510986,Patch transformer,SNV + patches(16)
P,1000,1,5,b76159d6e54cb176005728e3119d27bb,47.79287,11.318535,5.748545,36.47433514892578,Patch transformer,SNV + patches(16)
P,1000,1,5,93861174bb10d84bf0b75d68067abcbf,27.5,3.1130645,5.748545,24.386935472488403,Patch transformer,SNV + patches(16)
P,1000,1,5,87681b18f01e369ceb4f1f7bdad0abaa,1.41134,3.522183,5.748545,-2.1108429414367675,Patch transformer,SNV + patches(16)
P,1000,1,5,a90babd6cbaf6abaf30a1f8874c1a7e0,7.1823,9.136045,5.748545,-1.9537454559326175,Patch transformer,SNV + patches(16)
P,1000,1,5,dcdf114dec5a225894118f2251a970e6,15.30821,7.4648933,5.748545,7.843316658935548,Patch transformer,SNV + patches(16)
P,1000,1,5,0b90849d880311505e4372a6898d6199,82.4033,7.891174,5.748545,74.51212616043091,Patch transformer,SNV + patches(16)
P,1000,1,5,8038ceffffb186b3ffa20196ed1bf07d,1.39324,11.199846,5.748545,-9.806606267700195,Patch transformer,SNV + patches(16)
P,1000,1,5,e08d986f736bdc9383788dc4e6b93528,0.98402,7.3351398,5.748545,-6.351119751434326,Patch transformer,SNV + patches(16)
P,1000,1,5,72340ddb9581fd1269c3c0c79779720d,27.74149,7.0071864,5.748545,20.73430358718872,Patch transformer,SNV + patches(16)
P,1000,1,5,18bfc5f8c3df3ed838fa2e39c23a600e,9.837,4.69399,5.748545,5.143009769439697,Patch transformer,SNV + patches(16)
P,1000,1,5,9ec49dadd82d548aa146e79d6e9511a3,0.52205,4.761166,5.748545,-4.2391160957336425,Patch transformer,SNV + patches(16)
P,1000,1,5,2838d8b53594bdd8bc7032465f9a7926,5.72792,8.956968,5.748545,-3.229048307495117,Patch transformer,SNV + patches(16)
P,1000,1,5,b70c21908127a922dbd4ce4005f413fb,2.97315,9.535918,5.748545,-6.562768235778808,Patch transformer,SNV + patches(16)
P,1000,1,5,998094ed90a808b94d42d257fc1f8c27,21.70527,16.922377,5.748545,4.782893367309569,Patch transformer,SNV + patches(16)
P,1000,1,5,45b502bad51f2f871bded3c4dcc84ef6,6.14335,8.135803,5.748545,-1.9924532226562501,Patch transformer,SNV + patches(16)
P,1000,1,5,c96565d7dd852854b59bd74b57f5c9c2,0.27523,11.952843,5.748545,-11.677612712402343,Patch transformer,SNV + patches(16)
P,1000,1,5,2f70e622d32f2140c60229d60a01557c,1.11849,11.315467,5.748545,-10.19697688079834,Patch transformer,SNV + patches(16)
P,1000,1,5,0fef8a58a48486e1fe07b242673d1140,0.43613,6.302231,5.748545,-5.866100834960937,Patch transformer,SNV + patches(16)
P,1000,1,5,b77360781f20f4732a6e1ce7ceeae9a3,3.74363,6.5635505,5.748545,-2.8199204722595215,Patch transformer,SNV + patches(16)
P,1000,1,5,be9cda887d5bd07de9da2ac90c233c42,0.0,10.920866,5.748545,-10.920866012573242,Patch transformer,SNV + patches(16)
P,1000,1,5,c1c6e67144560cff74045af3c42d451a,0.0,8.692696,5.748545,-8.692695617675781,Patch transformer,SNV + patches(16)
P,1000,1,5,acaea9267adf9737ad75fa2d3ff80f4f,0.0,9.56171,5.748545,-9.561710357666016,Patch transformer,SNV + patches(16)
P,1000,1,5,e87543c78c7d1d5aafdbd82e2b9e4ad9,0.0,4.259635,5.748545,-4.259634971618652,Patch transformer,SNV + patches(16)
P,1000,1,5,d46663e5ff6e75e4dfa118fa1c2b89f2,1.8898,3.052124,5.748545,-1.1623240234375,Patch transformer,SNV + patches(16)
P,1000,1,5,49092e4ad273ff2f5fac74786feda0be,0.40672,4.584925,5.748545,-4.178205174713135,Patch transformer,SNV + patches(16)
P,1000,1,5,26eee500fe39037153c2b7788ecabee2,15.0,3.0420818,5.748545,11.957918167114258,Patch transformer,SNV + patches(16)
P,1000,1,5,a8eca9a6f1a8fbef4bcf2a59e26fcd82,3.0571,4.41532,5.748545,-1.3582199195861815,Patch transformer,SNV + patches(16)
P,1000,1,5,0a0230f379d82f72d277645fbaec7040,40.51334,5.894231,5.748545,34.61910915740967,Patch transformer,SNV + patches(16)
P,1000,1,5,3fd241e7e4bca5c0a0d97a7f6bc706b4,5.56543,3.5654361,5.748545,1.9999938751983644,Patch transformer,SNV + patches(16)
P,1000,1,5,f2725bf160884d12ddb406ad5a3aab43,6.5992,13.409012,5.748545,-6.809811840820313,Patch transformer,SNV + patches(16)
P,1000,1,5,6ccecda6c722fc95376e1e2e36639778,2.62106,1.8084583,5.748545,0.8126016717529296,Patch transformer,SNV + patches(16)
P,1000,1,5,ebb10140bb7c00620a3f22d5620929d5,0.12714,5.993438,5.748545,-5.866297767028809,Patch transformer,SNV + patches(16)
P,1000,1,5,20ebaa1eec4b6761f19004862438f665,0.3649,5.8738313,5.748545,-5.508931272125244,Patch transformer,SNV + patches(16)
P,1000,1,5,38f685cc3a986996000462370fa32cea,4.91845,5.3735576,5.748545,-0.45510756759643556,Patch transformer,SNV + patches(16)
P,1000,1,5,561f51dad9198b3984fc31a5f0d33e4c,19.2,7.1212406,5.748545,12.078759384155273,Patch transformer,SNV + patches(16)
P,1000,1,5,c2a2a2a3fb1422a4de7c9ee8bc223c93,229.8,11.920418,5.748545,217.87958221435548,Patch transformer,SNV + patches(16)
P,1000,1,5,05c96f52dcc1c105b9b5ad6eb5de08d7,9.00952,8.639828,5.748545,0.3696922717285158,Patch transformer,SNV + patches(16)
P,1000,1,5,dbba82827e13daddc1c8372b3155a8e4,30.21459,14.213188,5.748545,16.001401828613282,Patch transformer,SNV + patches(16)
P,1000,1,5,fa10b1fe9a01f3dbc63a20b26212c703,4.60212,3.645422,5.748545,0.9566980181884768,Patch transformer,SNV + patches(16)
P,1000,1,5,7fc56a70202a1fa9b164e561318bde24,23.1,2.3279617,5.748545,20.772038316726686,Patch transformer,SNV + patches(16)
P,1000,1,5,04905354e5eb36c8d152a525a1debea5,0.14305,2.3070755,5.748545,-2.164025500488281,Patch transformer,SNV + patches(16)
P,1000,1,5,483de0facc629c3774ed81c7a3bcb2a9,1.07381,3.5521069,5.748545,-2.4782968572998048,Patch transformer,SNV + patches(16)
P,1000,1,5,004dcd5bf6e4cfe4561fa86e44778c34,10.89992,19.766417,5.748545,-8.866496549682617,Patch transformer,SNV + patches(16)
P,1000,1,5,f53024430b2f8a708dea7112e607d7fc,12.41511,6.3498597,5.748545,6.065250285491944,Patch transformer,SNV + patches(16)
P,1000,1,5,e384983de4f1b2d51cb7b59eb27bbae3,0.0,4.050511,5.748545,-4.050510883331299,Patch transformer,SNV + patches(16)
P,1000,1,5,40ab1008d36da42328002ceef5438138,1.64916,4.51699,5.748545,-2.8678301847839354,Patch transformer,SNV + patches(16)
P,1000,1,5,147e1424b836c2d38545c6f144a7c39a,1.71758,14.093075,5.748545,-12.375494798583984,Patch transformer,SNV + patches(16)
P,1000,1,5,43a8ce25c9fe7259dc2c8444beeccfce,46.6043,6.048961,5.748545,40.55533883743286,Patch transformer,SNV + patches(16)
P,1000,1,5,67d6591db28b558afe72a6f2eaba153f,0.50599,6.058059,5.748545,-5.552069215545655,Patch transformer,SNV + patches(16)
P,1000,1,5,9af3658164ec460ce982d92510e47012,5.58403,9.932136,5.748545,-4.348105581970215,Patch transformer,SNV + patches(16)
P,1000,1,5,245d4926c09c1d83e96c5348ac4da8b8,24.31554,9.154652,5.748545,15.160888358154295,Patch transformer,SNV + patches(16)
P,1000,1,5,3266875b337ee03a742a5a7033da1679,0.58515,13.541452,5.748545,-12.956302407836914,Patch transformer,SNV + patches(16)
P,1000,1,5,67810b2eabdac1ebfb0be57a778972f9,120.67558,5.765153,5.748545,114.91042706878662,Patch transformer,SNV + patches(16)
P,1000,1,5,c5786344a8066f1a8ea722fb3fd200dd,59.019,23.060501,5.748545,35.958498901367186,Patch transformer,SNV + patches(16)
P,1000,1,5,84d0b34fe8fcddc0f92e4db85ae173dd,1.8527,7.2746205,5.748545,-5.4219205329895015,Patch transformer,SNV + patches(16)
P,1000,1,5,019c18212c26d2d950007c6540bedce4,2.6035,6.760646,5.748545,-4.157145866394043,Patch transformer,SNV + patches(16)
P,1000,1,5,131d481bbb8a8e6df623c62381962981,0.54264,3.7011688,5.748545,-3.1585287755584717,Patch transformer,SNV + patches(16)
P,1000,1,5,086a95bfaad4818ff3c12061d00164c7,36.08381,9.591963,5.748545,26.491847185668945,Patch transformer,SNV + patches(16)
P,1000,1,5,bd87f718b19d5d1cc2aa0029ac6072af,15.25595,13.982476,5.748545,1.2734737655639652,Patch transformer,SNV + patches(16)
P,1000,1,5,26eae548aebe66ca2e0ca87d449b528f,0.6727,7.931486,5.748545,-7.258786129760742,Patch transformer,SNV + patches(16)
P,1000,1,5,5a0316b63267b981d1bc0d5df901a221,9.802,5.1972113,5.748545,4.604788734436035,Patch transformer,SNV + patches(16)
P,1000,1,5,bf11b95afb6f9b5493ec610800ac4496,0.60569,3.7413566,5.748545,-3.135666611251831,Patch transformer,SNV + patches(16)
P,1000,1,5,975cc56be0c665f3c21b8b7fec2e0476,7.44894,3.6147327,5.748545,3.83420725769043,Patch transformer,SNV + patches(16)
P,1000,1,5,c235796658a302d0ea15c15be743b129,1.05335,7.327548,5.748545,-6.274198027038574,Patch transformer,SNV + patches(16)
P,1000,1,5,e5bc64945f2328a389210da0f0e26130,5.57925,4.829209,5.748545,0.7500411491394043,Patch transformer,SNV + patches(16)
P,1000,1,5,bc43f8ac4abab897c03034d55c7a24af,46.0,7.1430993,5.748545,38.856900691986084,Patch transformer,SNV + patches(16)
P,1000,1,5,8de5ed7ecdfc1538d4d33c79d79a9685,5.46223,6.6058455,5.748545,-1.1436154513549806,Patch transformer,SNV + patches(16)
P,1000,1,5,8aa0fba4b13a6c193ed3eca5cf600d9a,5.32974,4.107868,5.748545,1.221871805419922,Patch transformer,SNV + patches(16)
P,1000,1,5,e5b812911624933cd779080951dc2676,1.41252,7.804651,5.748545,-6.392130783538819,Patch transformer,SNV + patches(16)
P,1000,1,5,248bf1290d692edb5c90ba8afede3436,0.91671,10.868643,5.748545,-9.951932807006836,Patch transformer,SNV + patches(16)
P,1000,1,5,9db2acfad2f2ae9fbae9390e8c61b730,9.66732,10.12738,5.748545,-0.46006037109374986,Patch transformer,SNV + patches(16)
P,1000,1,5,f82e881ad935f4771fcbbf27361bff53,4.04537,15.858699,5.748545,-11.813328844909668,Patch transformer,SNV + patches(16)
P,1000,1,5,800c51f80f74c7e0e454bcb6306b4965,81.54564,12.186918,5.748545,69.35872174133301,Patch transformer,SNV + patches(16)
P,1000,1,5,13397f6facde99457651e2c2fce63548,7.87465,11.9803295,5.748545,-4.105679513549805,Patch transformer,SNV + patches(16)
P,1000,1,5,1a72b596eb8f936aa66b059cf3e42683,16.4632,3.0549958,5.748545,13.408204224777222,Patch transformer,SNV + patches(16)
P,1000,1,5,59295cd87b4a498c90fe55f71bf38699,18.20019,10.008761,5.748545,8.191428594055175,Patch transformer,SNV + patches(16)
P,1000,1,5,b5b1ca7f2634e4aa8496a627418e73dd,0.28914,11.575272,5.748545,-11.286131606445313,Patch transformer,SNV + patches(16)
P,1000,1,5,a8270a0d1b26d194e7beecba6afcb0ff,3.90742,9.612595,5.748545,-5.705174604492187,Patch transformer,SNV + patches(16)
P,1000,1,5,2968869f1831f368b26b4feaa9ebf2ed,2.29005,4.135062,5.748545,-1.8450122177124024,Patch transformer,SNV + patches(16)
P,1000,1,5,9c50dc311baadc550024b1affd2ec245,21.87111,6.4681783,5.748545,15.402931727752687,Patch transformer,SNV + patches(16)
P,1000,1,5,6fa5bd715b5d25369eef6efcb487ef51,1.10715,4.84558,5.748545,-3.7384301010131837,Patch transformer,SNV + patches(16)
P,1000,1,5,aae704b6f1ea4447e508e1eb701d2b79,0.71559,4.6831574,5.748545,-3.9675674440002444,Patch transformer,SNV + patches(16)
P,1000,1,5,fa66bec47555c02b5eb89e79dde19c6a,3.81374,10.38666,5.748545,-6.572919622192383,Patch transformer,SNV + patches(16)
P,1000,1,5,77471ba156d279681c64f737fad5937b,0.0,1.6355658,5.748545,-1.6355657577514648,Patch transformer,SNV + patches(16)
P,1000,1,5,0e4c0db3630a51397ee780a3d857a8f1,1.60869,3.1370912,5.748545,-1.5284011598205567,Patch transformer,SNV + patches(16)
P,1000,1,5,d62e0bdf76f19b744fa4c4b85244f9a9,7.88376,11.167324,5.748545,-3.2835640661621097,Patch transformer,SNV + patches(16)
P,1000,1,5,9f8e083ef94d0e77b87dd77416ee4471,34.38557,17.137877,5.748545,17.247693489379884,Patch transformer,SNV + patches(16)
P,1000,1,5,ccb894ae99a255150c2f41a672839497,24.27046,11.852132,5.748545,12.418328156433105,Patch transformer,SNV + patches(16)
P,1000,1,5,08ebf30a38a3f8ff4cceb70abe8ce666,10.21029,5.278016,5.748545,4.932273909606934,Patch transformer,SNV + patches(16)
P,1000,1,5,c89b20fa96f8488bc2b83ae818655aa9,3.0576,12.585643,5.748545,-9.52804281463623,Patch transformer,SNV + patches(16)
P,1000,1,5,468ceac2102aba4747f438930ec6f817,27.2,7.019316,5.748545,20.18068380355835,Patch transformer,SNV + patches(16)
P,1000,1,5,3828f629c45259abaec25573cd9223f9,0.60931,7.4742975,5.748545,-6.864987523498535,Patch transformer,SNV + patches(16)
P,1000,1,5,7cd04b95b94d115659aa6806e790a48b,22.4,9.459988,5.748545,12.94001235961914,Patch transformer,SNV + patches(16)
P,1000,1,5,a79174614ef96ee0cbf6bbfe4e6edae5,15.96598,11.274764,5.748545,4.691215939025879,Patch transformer,SNV + patches(16)
P,1000,1,5,c4ae9b0995683c7ea83a4d135f58ba4a,13.70363,14.292961,5.748545,-0.5893311206054683,Patch transformer,SNV + patches(16)
P,1000,1,5,c628689aa45255d95d8e8f77c3350b98,19.3,4.5556836,5.748545,14.744316387176514,Patch transformer,SNV + patches(16)
P,1000,1,5,3ed99c233d3c1f544449c275ebb9728d,1.10354,6.148741,5.748545,-5.0452007684326174,Patch transformer,SNV + patches(16)
P,1000,1,5,25011f004e493712c6dfc4005c5d6e05,0.66231,4.2503386,5.748545,-3.5880285543823245,Patch transformer,SNV + patches(16)
P,1000,1,5,e5837bd3f8d3a989efed633f487c1c89,27.20892,4.8996067,5.748545,22.309313295288085,Patch transformer,SNV + patches(16)
P,1000,1,5,3238e8d3d01c8a1f27f41369597a6f54,16.13183,8.853195,5.748545,7.278634809570313,Patch transformer,SNV + patches(16)
P,1000,1,5,655f6562731774fc18a9c568ba00a31e,148.9,4.256591,5.748545,144.64340915679932,Patch transformer,SNV + patches(16)
P,1000,1,5,5fec21df2359f59953602b2e21c7a3db,16.78854,5.9178443,5.748545,10.870695704498292,Patch transformer,SNV + patches(16)
P,1000,1,5,1ef20529f8cc86ddf01cb51f4067a594,13.9,10.110945,5.748545,3.7890552520751957,Patch transformer,SNV + patches(16)
P,1000,1,5,f1ece102f3485cda54b5b14f024b69d5,0.0,8.714936,5.748545,-8.714936256408691,Patch transformer,SNV + patches(16)
P,1000,1,5,a0f521b02df4c8782e83dd25bfcd6500,0.77929,2.766484,5.748545,-1.987194022140503,Patch transformer,SNV + patches(16)
P,1000,1,5,c7a212f5c4cf93cb5e218faf9006776f,16.39235,21.920658,5.748545,-5.528308111572265,Patch transformer,SNV + patches(16)
P,1000,1,5,eeb8b7034a4680224b0cdce705f28ab9,38.9,15.973763,5.748545,22.92623653411865,Patch transformer,SNV + patches(16)
P,1000,1,5,8872b32ecbc02abf4f3c79951fe78576,5.07363,8.186805,5.748545,-3.11317477142334,Patch transformer,SNV + patches(16)
P,1000,1,5,37566f03c229dff6e40e643577effd07,1.0722,3.16309,5.748545,-2.0908899906158447,Patch transformer,SNV + patches(16)
P,1000,1,5,9a2cbec9c4e6cbceb956e61318d6a38f,6.1853,18.176527,5.748545,-11.99122702331543,Patch transformer,SNV + patches(16)
P,1000,1,5,1440946b993f17ffdaa19025a4bdf9b7,28.36173,8.577024,5.748545,19.784705540161134,Patch transformer,SNV + patches(16)
P,1000,1,5,e861d9a3713b35831574382900745d52,4.69503,4.9870725,5.748545,-0.29204246780395504,Patch transformer,SNV + patches(16)
P,1000,1,5,e7b06ca87b9542811faade0a5339aa93,40.88075,16.294628,5.748545,24.586121856689452,Patch transformer,SNV + patches(16)
P,1000,1,5,57239616d470649f9992bb55078990a6,4.67047,19.4528,5.748545,-14.782330750732422,Patch transformer,SNV + patches(16)
P,1000,1,5,3df12077adeb36f71483e5f357a2b1b3,2.02867,2.2854571,5.748545,-0.2567871342468262,Patch transformer,SNV + patches(16)
P,1000,1,5,ed39464a37d1eaf9c2cf178154f51d82,2.35905,7.8078465,5.748545,-5.448796546173096,Patch transformer,SNV + patches(16)
P,1000,1,5,80c28fff05055fa3d32f8d5acb31d5fd,2.60583,11.902794,5.748545,-9.296963884277343,Patch transformer,SNV + patches(16)
P,1000,1,5,5fd769bdc0cc5829cc76c85a15e3ca7a,13.53702,8.487172,5.748545,5.0498478732299805,Patch transformer,SNV + patches(16)
P,1000,1,5,c13be338f7f9e5284751cef802f3d643,0.88198,2.9513707,5.748545,-2.0693907160949707,Patch transformer,SNV + patches(16)
P,1000,1,5,903813834ade1eb94d491b660eb8ede7,3.65237,6.3290896,5.748545,-2.676719641571045,Patch transformer,SNV + patches(16)
P,1000,1,5,47c16c0c8966df680579f1de23568eb5,0.19954,4.1277027,5.748545,-3.9281627130126955,Patch transformer,SNV + patches(16)
P,1000,1,5,c879b38964baa9e7b791ac1d9cc0c693,0.87034,7.442958,5.748545,-6.572617878112793,Patch transformer,SNV + patches(16)
P,1000,1,5,52d88b079e72d187acbf809c6fb4bfcd,0.1855,5.475246,5.748545,-5.289745952606201,Patch transformer,SNV + patches(16)
P,1000,1,5,cfc5ab8d0e2bdef78f07e50db3aeff0f,3.30427,16.427866,5.748545,-13.123595982055665,Patch transformer,SNV + patches(16)
P,1000,1,5,56d704e79151a74fbde36ca99ded1ed3,0.0,5.643318,5.748545,-5.643318176269531,Patch transformer,SNV + patches(16)
P,1000,1,5,e631651f4f96f8f01f119e9da4e3ea64,39.60123,5.947953,5.748545,33.65327677581787,Patch transformer,SNV + patches(16)
P,1000,1,5,8e41514a05f25cd13af2aad72755738c,55.8955,12.435761,5.748545,43.45973854827881,Patch transformer,SNV + patches(16)
P,1000,1,5,f5b703c52ef606ac1ef2796208af88cc,2.21567,5.2568407,5.748545,-3.0411707058715822,Patch transformer,SNV + patches(16)
P,1000,1,5,01fdadbba4afa19b0d6a5d79c03a4f3b,9.85329,8.569041,5.748545,1.284248747863769,Patch transformer,SNV + patches(16)
P,1000,1,5,94d7fa92e4f0e0100b8fcfe08ef89291,63.9029,12.866602,5.748545,51.036298056030276,Patch transformer,SNV + patches(16)
P,1000,1,5,677ec495bc1f8f1e17d2328a4472a5d8,27.45057,9.742875,5.748545,17.70769490081787,Patch transformer,SNV + patches(16)
P,1000,1,5,0d9f230a62237c7b50c4e60cc2caf606,9.83131,9.91769,5.748545,-0.08638027709960916,Patch transformer,SNV + patches(16)
P,1000,1,5,569a2007d9e344cd713ffc1ce0ffae17,2.61013,4.244008,5.748545,-1.6338780642700197,Patch transformer,SNV + patches(16)
P,1000,1,5,278162d98adfa58daadd49bad86c6a82,0.49696,4.5918536,5.748545,-4.0948936186218265,Patch transformer,SNV + patches(16)
P,1000,1,5,f66e9b4f62e61d212b41211455f99015,37.46311,7.522815,5.748545,29.940294772491455,Patch transformer,SNV + patches(16)
P,1000,1,5,f57b959250a5d6dd0a4f251ef45aebde,0.80516,3.0676482,5.748545,-2.26248817237854,Patch transformer,SNV + patches(16)
P,1000,1,5,10777d580745238943356a4567a4672a,0.49837,2.2725337,5.748545,-1.774163655166626,Patch transformer,SNV + patches(16)
P,1000,1,5,d86b22f928cd9f1f149c28eb4fc15477,18.22556,2.5603254,5.748545,15.665234615859987,Patch transformer,SNV + patches(16)
P,1000,1,5,c55987e9d3a449fbe4145998ce7c3d8e,19.58306,13.596014,5.748545,5.987045977172851,Patch transformer,SNV + patches(16)
P,1000,1,5,d3b07f247d6a765b977d52240352e37e,1.68693,6.3685775,5.748545,-4.681647480316162,Patch transformer,SNV + patches(16)
P,1000,1,5,da5df6ab544b1ae683a10002b190c10f,0.6189,4.3305144,5.748545,-3.711614430999756,Patch transformer,SNV + patches(16)
P,1000,1,5,b4ad191924db2d32652aa4ed9f5ae2b2,1.14032,7.323374,5.748545,-6.183053794555664,Patch transformer,SNV + patches(16)
P,1000,1,5,e17fe5fe54cc84f0c76adfa417d896c7,23.3,5.673287,5.748545,17.62671308517456,Patch transformer,SNV + patches(16)
P,1000,1,5,0c5e09091d236dd43821c60a9d868579,5.14178,2.857246,5.748545,2.2845340779113767,Patch transformer,SNV + patches(16)
P,1000,1,5,a06d1585269683ddc7abe211b569ed6e,52.01672,4.7819552,5.748545,47.23476475784302,Patch transformer,SNV + patches(16)
P,1000,1,5,bb24f08c6aa5d5052979abd73d8c4ba6,24.62635,15.371621,5.748545,9.254728868103026,Patch transformer,SNV + patches(16)
P,1000,1,5,6492c55aeb027c7f142db04dee97a322,20.47906,3.3990698,5.748545,17.079990213928223,Patch transformer,SNV + patches(16)
P,1000,1,5,0fda6635a4e90f8a0a422468213e1e4a,2.79528,5.536958,5.748545,-2.7416782176208496,Patch transformer,SNV + patches(16)
P,1000,1,5,2ce0171b1b60146728717e11528c2549,3.75259,5.7467446,5.748545,-1.9941546327209472,Patch transformer,SNV + patches(16)
P,1000,1,5,32b3f3685fa495a67b76a82acd08da20,1.58886,6.731531,5.748545,-5.142671143188476,Patch transformer,SNV + patches(16)
P,1000,1,5,1dbac983d9a8cce2c5f7723fb3b93eb8,4.34491,11.006076,5.748545,-6.661165859069825,Patch transformer,SNV + patches(16)
P,1000,1,5,59fb39b7f377d66e6e21e0a72f69c313,1.46785,5.2530985,5.748545,-3.7852484878540036,Patch transformer,SNV + patches(16)
P,1000,1,5,e7768ceb997bed31cbc3be8dd342befc,1.62318,7.4453034,5.748545,-5.8221234400939945,Patch transformer,SNV + patches(16)
P,1000,1,5,2432f0616a8e80ee769b8943030466d7,7.20433,15.641136,5.748545,-8.436806169433595,Patch transformer,SNV + patches(16)
P,1000,1,5,8e0580bb70cffaf40483d06f0709a13a,1.8215,8.518997,5.748545,-6.697497192382812,Patch transformer,SNV + patches(16)
P,1000,1,5,57468b8666d51be7fac7bd3ec4c3c43b,1.35381,7.3603625,5.748545,-6.0065525297546385,Patch transformer,SNV + patches(16)
P,1000,1,5,555414bb8da39af46d6480f226dc6133,0.82255,2.4473286,5.748545,-1.6247785675048827,Patch transformer,SNV + patches(16)
P,1000,1,5,329936ab2b89da40c486b81e7625673e,2.88112,3.2672834,5.748545,-0.38616343963623034,Patch transformer,SNV + patches(16)
P,1000,1,5,75735192880693a72200b60697ecbb35,9.13581,10.207568,5.748545,-1.0717581686401374,Patch transformer,SNV + patches(16)
P,1000,1,5,31350f43fd0592645b00ac1f57e2275b,29.64789,10.956552,5.748545,18.691338448181153,Patch transformer,SNV + patches(16)
P,1000,1,5,40093930449909359433aa2c67feabee,6.15219,7.0223837,5.748545,-0.870193689880371,Patch transformer,SNV + patches(16)
P,1000,1,5,5eef4967513de64cd5e79927f735b9c0,56.98496,8.845838,5.748545,48.13912240692139,Patch transformer,SNV + patches(16)
K,1000,1,5,6f3380bee1fb7f08cf65b548f4dd0d7e,0.07117,0.25852865,0.497675,-0.1873586498069763,Patch transformer,SNV + patches(16)
K,1000,1,5,b8d55a953c01cd342b1be147769776b5,0.18911,0.565237,0.497675,-0.37612698568344116,Patch transformer,SNV + patches(16)
K,1000,1,5,2060c6d3f228f6f93936240a6ba71361,2.33464627346667,2.1595805,0.497675,0.17506580433520025,Patch transformer,SNV + patches(16)
K,1000,1,5,0c262891e616e18f18531bfc1e1c6da1,0.0,0.7998773,0.497675,-0.7998772859573364,Patch transformer,SNV + patches(16)
K,1000,1,5,7b7f800e58efbc3a88f09e818729645c,0.39303,0.43373334,0.497675,-0.040703344078063974,Patch transformer,SNV + patches(16)
K,1000,1,5,81228fd19ca25eb008810fdd04a25070,1.17755383907105,0.36856306,0.497675,0.8089907830789236,Patch transformer,SNV + patches(16)
K,1000,1,5,bb2b9ee9ac79c823e1dc36e624f6baa3,0.159087421351476,0.3130527,0.497675,-0.1539652925195262,Patch transformer,SNV + patches(16)
K,1000,1,5,171f1950c34fade461d8f31ec7b541aa,0.459870070080311,1.251486,0.497675,-0.7916158737139395,Patch transformer,SNV + patches(16)
K,1000,1,5,9f4339b931b43a42fdc3ae24748e93c4,2.16142,1.4949511,0.497675,0.6664688710403444,Patch transformer,SNV + patches(16)
K,1000,1,5,528c525f69e9c41adb90f71d886f5cbd,0.09732,1.9265965,0.497675,-1.8292765223312377,Patch transformer,SNV + patches(16)
K,1000,1,5,bb4c7754e2857cd8e7b6fea4c3f2e3b4,1.33612972530564,0.78070503,0.497675,0.5554246905728213,Patch transformer,SNV + patches(16)
K,1000,1,5,7a0bcf7b6758d64ae465ec2de6bb2557,0.0891813238371841,0.8743636,0.497675,-0.785182277370549,Patch transformer,SNV + patches(16)
K,1000,1,5,734e3062f32e019691b61a48756e3313,2.49707,0.7787655,0.497675,1.7183045004081725,Patch transformer,SNV + patches(16)
K,1000,1,5,b3eb9b66e11a3563e022be81feb41986,0.08678,0.6628414,0.497675,-0.5760613796424866,Patch transformer,SNV + patches(16)
K,1000,1,5,8516cee2d21933ae7a35b62e39db7c95,0.24685,0.7554137,0.497675,-0.5085637110710144,Patch transformer,SNV + patches(16)
K,1000,1,5,91856508a369ec5688e2685702e11344,0.627653588418845,0.8681839,0.497675,-0.2405303224278652,Patch transformer,SNV + patches(16)
K,1000,1,5,275a3116c289cc0f7710af34cfd8e8d1,0.0,0.18900348,0.497675,-0.18900348246097565,Patch transformer,SNV + patches(16)
K,1000,1,5,4892b9b68158e867edfedd9dd8512ad9,0.22869983648869,2.1138887,0.497675,-1.8851889040508607,Patch transformer,SNV + patches(16)
K,1000,1,5,328c4887da84c3235af4cd24a7529fd2,1.02496,0.76346326,0.497675,0.26149674125671396,Patch transformer,SNV + patches(16)
K,1000,1,5,29321834766f5f48a95b17f094cc336f,0.66084,1.5664212,0.497675,-0.9055811511611939,Patch transformer,SNV + patches(16)
K,1000,1,5,6077494301dad9ac26c3c08933e03b53,0.49702,0.9167256,0.497675,-0.41970557592391966,Patch transformer,SNV + patches(16)
K,1000,1,5,2715e22241ff0bbea31ba46239f09e6e,0.29349,0.6791479,0.497675,-0.3856578991508484,Patch transformer,SNV + patches(16)
K,1000,1,5,e0750673861ea436b0e69bcf746ebc04,1.83039,1.214269,0.497675,0.6161209579849243,Patch transformer,SNV + patches(16)
K,1000,1,5,2ef6218d5d2723bea486f32168ac377a,4.63306,1.3968866,0.497675,3.236173412857056,Patch transformer,SNV + patches(16)
K,1000,1,5,8daf73eec2547589fe10f40775740202,0.15867,0.20812657,0.497675,-0.04945657475471496,Patch transformer,SNV + patches(16)
K,1000,1,5,2e821520c82f3003ef30fa4ce2d5d62f,1.04024,0.39974457,0.497675,0.6404954297447205,Patch transformer,SNV + patches(16)
K,1000,1,5,6943256023af3f32868a8d33550aeae9,0.18996,0.22335213,0.497675,-0.033392134227752696,Patch transformer,SNV + patches(16)
K,1000,1,5,5e5aad2f39784526c92d9e9f3d6a1004,0.81111,1.734836,0.497675,-0.9237259823226929,Patch transformer,SNV + patches(16)
K,1000,1,5,df6c0e56d8c3d68bcdc66084d3b2ca4e,0.89425,2.039707,0.497675,-1.1454569454193115,Patch transformer,SNV + patches(16)
K,1000,1,5,f853e809c26dcde2f67fe948180eee31,0.51267,0.7550858,0.497675,-0.24241582592010502,Patch transformer,SNV + patches(16)
K,1000,1,5,3c097418672845f860ca9fdf5c1cd67c,3.41499,1.4051464,0.497675,2.009843639602661,Patch transformer,SNV + patches(16)
K,1000,1,5,14727d76b56b8171d767726ae89fad41,0.07066,0.28586465,0.497675,-0.21520465120315552,Patch transformer,SNV + patches(16)
K,1000,1,5,43ef3e564e2f871ad2b8aecfdd4e7477,2.04052,1.1258029,0.497675,0.9147171254348754,Patch transformer,SNV + patches(16)
K,1000,1,5,24e56dbadc7613c481a96d1dcf374c94,0.36105,0.52121985,0.497675,-0.16016984958648683,Patch transformer,SNV + patches(16)
K,1000,1,5,c8bb92f0a5087a826bf4465574569563,0.0859,0.18573825,0.497675,-0.09983825061321258,Patch transformer,SNV + patches(16)
K,1000,1,5,df9184e37736faa206f42b5c0f31c4a6,0.0697,0.2555945,0.497675,-0.18589449195861818,Patch transformer,SNV + patches(16)
K,1000,1,5,94fa044afacfb72edaa66797bee03d95,0.21108,0.49735224,0.497675,-0.2862722424697876,Patch transformer,SNV + patches(16)
K,1000,1,5,48b634cda25574a222cc7317618578e3,0.0,0.3099384,0.497675,-0.3099384009838104,Patch transformer,SNV + patches(16)
K,1000,1,5,b76159d6e54cb176005728e3119d27bb,2.03619,2.0073647,0.497675,0.02882525009155268,Patch transformer,SNV + patches(16)
K,1000,1,5,93861174bb10d84bf0b75d68067abcbf,0.981124354186915,0.61414754,0.497675,0.3669768102797495,Patch transformer,SNV + patches(16)
K,1000,1,5,87681b18f01e369ceb4f1f7bdad0abaa,0.29139,0.5394734,0.497675,-0.24808341442108156,Patch transformer,SNV + patches(16)
K,1000,1,5,a90babd6cbaf6abaf30a1f8874c1a7e0,0.25618,0.5793591,0.497675,-0.32317911417007444,Patch transformer,SNV + patches(16)
K,1000,1,5,dcdf114dec5a225894118f2251a970e6,2.13353,0.95832276,0.497675,1.1752072365570068,Patch transformer,SNV + patches(16)
K,1000,1,5,0b90849d880311505e4372a6898d6199,1.01281,0.8547047,0.497675,0.15810532194137572,Patch transformer,SNV + patches(16)
K,1000,1,5,8038ceffffb186b3ffa20196ed1bf07d,0.2586,1.3824449,0.497675,-1.1238448585510254,Patch transformer,SNV + patches(16)
K,1000,1,5,e08d986f736bdc9383788dc4e6b93528,0.57007,1.6679344,0.497675,-1.0978644177246095,Patch transformer,SNV + patches(16)
K,1000,1,5,72340ddb9581fd1269c3c0c79779720d,1.09765,1.100403,0.497675,-0.002752951240539536,Patch transformer,SNV + patches(16)
K,1000,1,5,18bfc5f8c3df3ed838fa2e39c23a600e,0.04634,0.32490978,0.497675,-0.2785697764492035,Patch transformer,SNV + patches(16)
K,1000,1,5,9ec49dadd82d548aa146e79d6e9511a3,0.44391,0.44518954,0.497675,-0.0012795356178283424,Patch transformer,SNV + patches(16)
K,1000,1,5,2838d8b53594bdd8bc7032465f9a7926,0.3304,0.59937745,0.497675,-0.26897745332717893,Patch transformer,SNV + patches(16)
K,1000,1,5,b70c21908127a922dbd4ce4005f413fb,0.35342,1.4885793,0.497675,-1.1351592732238769,Patch transformer,SNV + patches(16)
K,1000,1,5,998094ed90a808b94d42d257fc1f8c27,5.449,1.9567077,0.497675,3.4922922840118407,Patch transformer,SNV + patches(16)
K,1000,1,5,45b502bad51f2f871bded3c4dcc84ef6,0.2099,0.5989786,0.497675,-0.38907857904434207,Patch transformer,SNV + patches(16)
K,1000,1,5,c96565d7dd852854b59bd74b57f5c9c2,0.61211,0.73590684,0.497675,-0.1237968393707275,Patch transformer,SNV + patches(16)
K,1000,1,5,2f70e622d32f2140c60229d60a01557c,7.76105,1.11843,0.497675,6.642619981575012,Patch transformer,SNV + patches(16)
K,1000,1,5,0fef8a58a48486e1fe07b242673d1140,0.05436,0.51339716,0.497675,-0.4590371571922302,Patch transformer,SNV + patches(16)
K,1000,1,5,b77360781f20f4732a6e1ce7ceeae9a3,0.38772,1.5097495,0.497675,-1.1220295317459106,Patch transformer,SNV + patches(16)
K,1000,1,5,be9cda887d5bd07de9da2ac90c233c42,0.625095912834416,1.1252965,0.497675,-0.5002005606686968,Patch transformer,SNV + patches(16)
K,1000,1,5,c1c6e67144560cff74045af3c42d451a,1.70238886899586,1.7369713,0.497675,-0.034582390121266515,Patch transformer,SNV + patches(16)
K,1000,1,5,acaea9267adf9737ad75fa2d3ff80f4f,0.26119,0.4753182,0.497675,-0.21412819343566897,Patch transformer,SNV + patches(16)
K,1000,1,5,e87543c78c7d1d5aafdbd82e2b9e4ad9,0.188756458130851,0.3794835,0.497675,-0.19072703305147626,Patch transformer,SNV + patches(16)
K,1000,1,5,d46663e5ff6e75e4dfa118fa1c2b89f2,0.04966,0.22564279,0.497675,-0.17598278542995452,Patch transformer,SNV + patches(16)
K,1000,1,5,49092e4ad273ff2f5fac74786feda0be,0.45662,1.1654686,0.497675,-0.7088485735702514,Patch transformer,SNV + patches(16)
K,1000,1,5,26eee500fe39037153c2b7788ecabee2,1.40927924702031,0.49654725,0.497675,0.9127319950805364,Patch transformer,SNV + patches(16)
K,1000,1,5,a8eca9a6f1a8fbef4bcf2a59e26fcd82,0.04792,0.3703955,0.497675,-0.32247551138877867,Patch transformer,SNV + patches(16)
K,1000,1,5,0a0230f379d82f72d277645fbaec7040,2.8315,0.5192123,0.497675,2.3122876944541932,Patch transformer,SNV + patches(16)
K,1000,1,5,3fd241e7e4bca5c0a0d97a7f6bc706b4,0.094,0.35459223,0.497675,-0.2605922338962555,Patch transformer,SNV + patches(16)
K,1000,1,5,f2725bf160884d12ddb406ad5a3aab43,4.67683,1.6393726,0.497675,3.0374574127960203,Patch transformer,SNV + patches(16)
K,1000,1,5,6ccecda6c722fc95376e1e2e36639778,0.45411,0.21450442,0.497675,0.2396055792427063,Patch transformer,SNV + patches(16)
K,1000,1,5,ebb10140bb7c00620a3f22d5620929d5,0.77083,0.789318,0.497675,-0.018488025112152084,Patch transformer,SNV + patches(16)
K,1000,1,5,20ebaa1eec4b6761f19004862438f665,1.05959,0.8864309,0.497675,0.1731590808296204,Patch transformer,SNV + patches(16)
K,1000,1,5,38f685cc3a986996000462370fa32cea,0.45189,1.2328823,0.497675,-0.7809922612762451,Patch transformer,SNV + patches(16)
K,1000,1,5,561f51dad9198b3984fc31a5f0d33e4c,1.38932937746176,1.1608433,0.497675,0.22848612432607895,Patch transformer,SNV + patches(16)
K,1000,1,5,c2a2a2a3fb1422a4de7c9ee8bc223c93,4.44268249015295,1.7759602,0.497675,2.666722283167476,Patch transformer,SNV + patches(16)
K,1000,1,5,05c96f52dcc1c105b9b5ad6eb5de08d7,1.077,0.8861603,0.497675,0.1908396859169006,Patch transformer,SNV + patches(16)
K,1000,1,5,dbba82827e13daddc1c8372b3155a8e4,0.76298,0.89066017,0.497675,-0.1276801667404175,Patch transformer,SNV + patches(16)
K,1000,1,5,fa10b1fe9a01f3dbc63a20b26212c703,0.09423,0.24081245,0.497675,-0.14658245064735415,Patch transformer,SNV + patches(16)
K,1000,1,5,7fc56a70202a1fa9b164e561318bde24,0.326359404573124,0.19798398,0.497675,0.128375424394291,Patch transformer,SNV + patches(16)
K,1000,1,5,04905354e5eb36c8d152a525a1debea5,0.17282,0.24446818,0.497675,-0.07164818232536316,Patch transformer,SNV + patches(16)
K,1000,1,5,483de0facc629c3774ed81c7a3bcb2a9,0.1384,0.38953826,0.497675,-0.2511382583141327,Patch transformer,SNV + patches(16)
K,1000,1,5,004dcd5bf6e4cfe4561fa86e44778c34,1.16383,1.4606502,0.497675,-0.2968202056121827,Patch transformer,SNV + patches(16)
K,1000,1,5,f53024430b2f8a708dea7112e607d7fc,4.77282,1.016388,0.497675,3.7564319413375857,Patch transformer,SNV + patches(16)
K,1000,1,5,e384983de4f1b2d51cb7b59eb27bbae3,0.80578,0.8270247,0.497675,-0.021244698257446237,Patch transformer,SNV + patches(16)
K,1000,1,5,40ab1008d36da42328002ceef5438138,0.0,0.26071548,0.497675,-0.2607154846191406,Patch transformer,SNV + patches(16)
K,1000,1,5,147e1424b836c2d38545c6f144a7c39a,0.50704,2.1785913,0.497675,-1.671551251373291,Patch transformer,SNV + patches(16)
K,1000,1,5,43a8ce25c9fe7259dc2c8444beeccfce,0.52452,0.8054298,0.497675,-0.28090981624603273,Patch transformer,SNV + patches(16)
K,1000,1,5,67d6591db28b558afe72a6f2eaba153f,0.58535,1.0387508,0.497675,-0.45340076770782467,Patch transformer,SNV + patches(16)
K,1000,1,5,9af3658164ec460ce982d92510e47012,3.44489,1.4553775,0.497675,1.989512540473938,Patch transformer,SNV + patches(16)
K,1000,1,5,245d4926c09c1d83e96c5348ac4da8b8,0.56389,1.6675674,0.497675,-1.1036773723220825,Patch transformer,SNV + patches(16)
K,1000,1,5,3266875b337ee03a742a5a7033da1679,0.04446,0.7923474,0.497675,-0.7478873715782166,Patch transformer,SNV + patches(16)
K,1000,1,5,67810b2eabdac1ebfb0be57a778972f9,0.29642,0.663591,0.497675,-0.36717102725982664,Patch transformer,SNV + patches(16)
K,1000,1,5,c5786344a8066f1a8ea722fb3fd200dd,7.43387,2.121577,0.497675,5.312292975540161,Patch transformer,SNV + patches(16)
K,1000,1,5,84d0b34fe8fcddc0f92e4db85ae173dd,0.62946,0.9533189,0.497675,-0.3238588939094543,Patch transformer,SNV + patches(16)
K,1000,1,5,019c18212c26d2d950007c6540bedce4,0.56901,0.5512672,0.497675,0.017742793331146256,Patch transformer,SNV + patches(16)
K,1000,1,5,131d481bbb8a8e6df623c62381962981,0.34382,0.24324103,0.497675,0.10057897300243379,Patch transformer,SNV + patches(16)
K,1000,1,5,086a95bfaad4818ff3c12061d00164c7,1.93267,0.57009804,0.497675,1.362571957511902,Patch transformer,SNV + patches(16)
K,1000,1,5,bd87f718b19d5d1cc2aa0029ac6072af,1.34358,1.2559499,0.497675,0.08763014514923095,Patch transformer,SNV + patches(16)
K,1000,1,5,26eae548aebe66ca2e0ca87d449b528f,2.2425,1.0470779,0.497675,1.1954221057891847,Patch transformer,SNV + patches(16)
K,1000,1,5,5a0316b63267b981d1bc0d5df901a221,0.47151,0.8764955,0.497675,-0.40498548053741457,Patch transformer,SNV + patches(16)
K,1000,1,5,bf11b95afb6f9b5493ec610800ac4496,0.08732,0.2802226,0.497675,-0.19290259473800658,Patch transformer,SNV + patches(16)
K,1000,1,5,975cc56be0c665f3c21b8b7fec2e0476,0.04553,0.28639698,0.497675,-0.24086698028564452,Patch transformer,SNV + patches(16)
K,1000,1,5,c235796658a302d0ea15c15be743b129,0.02296,1.4437253,0.497675,-1.4207653475189208,Patch transformer,SNV + patches(16)
K,1000,1,5,e5bc64945f2328a389210da0f0e26130,0.24058,0.33002913,0.497675,-0.08944912998199464,Patch transformer,SNV + patches(16)
K,1000,1,5,bc43f8ac4abab897c03034d55c7a24af,0.851705969614814,1.5066621,0.497675,-0.6549561607410209,Patch transformer,SNV + patches(16)
K,1000,1,5,8de5ed7ecdfc1538d4d33c79d79a9685,0.17424,0.81433666,0.497675,-0.6400966575241089,Patch transformer,SNV + patches(16)
K,1000,1,5,8aa0fba4b13a6c193ed3eca5cf600d9a,0.40752,0.8522064,0.497675,-0.44468640897750855,Patch transformer,SNV + patches(16)
K,1000,1,5,e5b812911624933cd779080951dc2676,0.75477,1.1540852,0.497675,-0.39931515930175776,Patch transformer,SNV + patches(16)
K,1000,1,5,248bf1290d692edb5c90ba8afede3436,0.09242,0.54678833,0.497675,-0.4543683348464966,Patch transformer,SNV + patches(16)
K,1000,1,5,9db2acfad2f2ae9fbae9390e8c61b730,0.57824,0.8135513,0.497675,-0.23531130672454836,Patch transformer,SNV + patches(16)
K,1000,1,5,f82e881ad935f4771fcbbf27361bff53,0.2764,1.4866718,0.497675,-1.210271805381775,Patch transformer,SNV + patches(16)
K,1000,1,5,800c51f80f74c7e0e454bcb6306b4965,2.37027,1.3752054,0.497675,0.9950646023941041,Patch transformer,SNV + patches(16)
K,1000,1,5,13397f6facde99457651e2c2fce63548,0.17767,0.69022816,0.497675,-0.5125581641960144,Patch transformer,SNV + patches(16)
K,1000,1,5,1a72b596eb8f936aa66b059cf3e42683,0.7318,0.54837644,0.497675,0.18342355899810792,Patch transformer,SNV + patches(16)
K,1000,1,5,59295cd87b4a498c90fe55f71bf38699,0.39989,0.6068797,0.497675,-0.20698971115112302,Patch transformer,SNV + patches(16)
K,1000,1,5,b5b1ca7f2634e4aa8496a627418e73dd,0.0,0.7695295,0.497675,-0.7695295214653015,Patch transformer,SNV + patches(16)
K,1000,1,5,a8270a0d1b26d194e7beecba6afcb0ff,0.26599,0.44854465,0.497675,-0.18255465126991272,Patch transformer,SNV + patches(16)
K,1000,1,5,2968869f1831f368b26b4feaa9ebf2ed,0.34457,0.5450108,0.497675,-0.2004408051300049,Patch transformer,SNV + patches(16)
K,1000,1,5,9c50dc311baadc550024b1affd2ec245,0.52194,0.86085707,0.497675,-0.33891706949234013,Patch transformer,SNV + patches(16)
K,1000,1,5,6fa5bd715b5d25369eef6efcb487ef51,0.16506,0.7129416,0.497675,-0.547881586971283,Patch transformer,SNV + patches(16)
K,1000,1,5,aae704b6f1ea4447e508e1eb701d2b79,0.09044,0.41211814,0.497675,-0.32167813688278196,Patch transformer,SNV + patches(16)
K,1000,1,5,fa66bec47555c02b5eb89e79dde19c6a,0.06995,1.370916,0.497675,-1.3009660089492798,Patch transformer,SNV + patches(16)
K,1000,1,5,77471ba156d279681c64f737fad5937b,0.104864698961584,0.19308381,0.497675,-0.08821910886445818,Patch transformer,SNV + patches(16)
K,1000,1,5,0e4c0db3630a51397ee780a3d857a8f1,0.39737,0.29959324,0.497675,0.0977767599773407,Patch transformer,SNV + patches(16)
K,1000,1,5,d62e0bdf76f19b744fa4c4b85244f9a9,6.00105,2.2774358,0.497675,3.723614220428467,Patch transformer,SNV + patches(16)
K,1000,1,5,9f8e083ef94d0e77b87dd77416ee4471,0.4841,1.4890221,0.497675,-1.0049221357345581,Patch transformer,SNV + patches(16)
K,1000,1,5,ccb894ae99a255150c2f41a672839497,0.67266,1.0875247,0.497675,-0.41486465248107907,Patch transformer,SNV + patches(16)
K,1000,1,5,08ebf30a38a3f8ff4cceb70abe8ce666,0.04537,0.60658324,0.497675,-0.5612132376480102,Patch transformer,SNV + patches(16)
K,1000,1,5,c89b20fa96f8488bc2b83ae818655aa9,0.09754,1.8195404,0.497675,-1.7220003814315796,Patch transformer,SNV + patches(16)
K,1000,1,5,468ceac2102aba4747f438930ec6f817,0.350401555066755,0.6112415,0.497675,-0.26083996438438634,Patch transformer,SNV + patches(16)
K,1000,1,5,3828f629c45259abaec25573cd9223f9,0.44381,1.5073979,0.497675,-1.0635878900909423,Patch transformer,SNV + patches(16)
K,1000,1,5,7cd04b95b94d115659aa6806e790a48b,0.384674407898102,0.617536,0.497675,-0.23286160045989973,Patch transformer,SNV + patches(16)
K,1000,1,5,a79174614ef96ee0cbf6bbfe4e6edae5,0.67884,0.7820495,0.497675,-0.10320947710037232,Patch transformer,SNV + patches(16)
K,1000,1,5,c4ae9b0995683c7ea83a4d135f58ba4a,4.41385,2.5557852,0.497675,1.8580648208618165,Patch transformer,SNV + patches(16)
K,1000,1,5,c628689aa45255d95d8e8f77c3350b98,0.367282213923986,0.55098325,0.497675,-0.18370103621715778,Patch transformer,SNV + patches(16)
K,1000,1,5,3ed99c233d3c1f544449c275ebb9728d,0.46898,0.8804883,0.497675,-0.4115082764816284,Patch transformer,SNV + patches(16)
K,1000,1,5,25011f004e493712c6dfc4005c5d6e05,0.43978,0.71973556,0.497675,-0.2799555628013611,Patch transformer,SNV + patches(16)
K,1000,1,5,e5837bd3f8d3a989efed633f487c1c89,2.35413,0.92949253,0.497675,1.4246374667930604,Patch transformer,SNV + patches(16)
K,1000,1,5,3238e8d3d01c8a1f27f41369597a6f54,5.51736,0.9324433,0.497675,4.58491667924881,Patch transformer,SNV + patches(16)
K,1000,1,5,655f6562731774fc18a9c568ba00a31e,0.563200163691237,0.18053043,0.497675,0.38266973480482347,Patch transformer,SNV + patches(16)
K,1000,1,5,5fec21df2359f59953602b2e21c7a3db,0.99968,0.7413336,0.497675,0.25834639614105226,Patch transformer,SNV + patches(16)
K,1000,1,5,1ef20529f8cc86ddf01cb51f4067a594,1.4635019694102,1.5226297,0.497675,-0.05912776844380385,Patch transformer,SNV + patches(16)
K,1000,1,5,f1ece102f3485cda54b5b14f024b69d5,0.355005371118727,1.4574795,0.497675,-1.1024741058099838,Patch transformer,SNV + patches(16)
K,1000,1,5,a0f521b02df4c8782e83dd25bfcd6500,0.02361,0.34661898,0.497675,-0.32300898016929624,Patch transformer,SNV + patches(16)
K,1000,1,5,c7a212f5c4cf93cb5e218faf9006776f,2.55907,1.7599479,0.497675,0.799122103996277,Patch transformer,SNV + patches(16)
K,1000,1,5,eeb8b7034a4680224b0cdce705f28ab9,1.44304056473477,2.3792596,0.497675,-0.9362190215994586,Patch transformer,SNV + patches(16)
K,1000,1,5,8872b32ecbc02abf4f3c79951fe78576,0.30592,0.9922329,0.497675,-0.6863129187393189,Patch transformer,SNV + patches(16)
K,1000,1,5,37566f03c229dff6e40e643577effd07,0.09441,0.38423058,0.497675,-0.2898205839061737,Patch transformer,SNV + patches(16)
K,1000,1,5,9a2cbec9c4e6cbceb956e61318d6a38f,2.12862,1.7335576,0.497675,0.3950624180984499,Patch transformer,SNV + patches(16)
K,1000,1,5,1440946b993f17ffdaa19025a4bdf9b7,0.4086,0.45556182,0.497675,-0.046961816692352276,Patch transformer,SNV + patches(16)
K,1000,1,5,e861d9a3713b35831574382900745d52,0.04617,0.45598832,0.497675,-0.4098183177280426,Patch transformer,SNV + patches(16)
K,1000,1,5,e7b06ca87b9542811faade0a5339aa93,0.36877,0.85292184,0.497675,-0.48415184352874757,Patch transformer,SNV + patches(16)
K,1000,1,5,57239616d470649f9992bb55078990a6,0.32983,1.5290643,0.497675,-1.1992342976760864,Patch transformer,SNV + patches(16)
K,1000,1,5,3df12077adeb36f71483e5f357a2b1b3,0.07546,0.36037508,0.497675,-0.2849150765323639,Patch transformer,SNV + patches(16)
K,1000,1,5,ed39464a37d1eaf9c2cf178154f51d82,0.12465,0.70154864,0.497675,-0.5768986359596252,Patch transformer,SNV + patches(16)
K,1000,1,5,80c28fff05055fa3d32f8d5acb31d5fd,0.84792,2.2700262,0.497675,-1.4221062069702148,Patch transformer,SNV + patches(16)
K,1000,1,5,5fd769bdc0cc5829cc76c85a15e3ca7a,0.44131,0.5679943,0.497675,-0.12668429655075075,Patch transformer,SNV + patches(16)
K,1000,1,5,c13be338f7f9e5284751cef802f3d643,0.0,0.29161292,0.497675,-0.2916129231452942,Patch transformer,SNV + patches(16)
K,1000,1,5,903813834ade1eb94d491b660eb8ede7,0.13564,0.5177836,0.497675,-0.3821435822105408,Patch transformer,SNV + patches(16)
K,1000,1,5,47c16c0c8966df680579f1de23568eb5,0.21619,0.7132953,0.497675,-0.49710528093338013,Patch transformer,SNV + patches(16)
K,1000,1,5,c879b38964baa9e7b791ac1d9cc0c693,0.72406,1.5280894,0.497675,-0.8040294041061401,Patch transformer,SNV + patches(16)
K,1000,1,5,52d88b079e72d187acbf809c6fb4bfcd,0.44918,0.8468984,0.497675,-0.3977183769416809,Patch transformer,SNV + patches(16)
K,1000,1,5,cfc5ab8d0e2bdef78f07e50db3aeff0f,4.04894,1.0299616,0.497675,3.018978414001465,Patch transformer,SNV + patches(16)
K,1000,1,5,56d704e79151a74fbde36ca99ded1ed3,0.65572,1.0450951,0.497675,-0.3893750860977173,Patch transformer,SNV + patches(16)
K,1000,1,5,e631651f4f96f8f01f119e9da4e3ea64,2.13529,0.83808714,0.497675,1.2972028584861754,Patch transformer,SNV + patches(16)
K,1000,1,5,8e41514a05f25cd13af2aad72755738c,0.03953,1.0402839,0.497675,-1.0007539183807372,Patch transformer,SNV + patches(16)
K,1000,1,5,f5b703c52ef606ac1ef2796208af88cc,0.07539,0.6973812,0.497675,-0.6219911984062195,Patch transformer,SNV + patches(16)
K,1000,1,5,01fdadbba4afa19b0d6a5d79c03a4f3b,1.80692,0.62013346,0.497675,1.1867865404319764,Patch transformer,SNV + patches(16)
K,1000,1,5,94d7fa92e4f0e0100b8fcfe08ef89291,2.24548,0.9830667,0.497675,1.26241332195282,Patch transformer,SNV + patches(16)
K,1000,1,5,677ec495bc1f8f1e17d2328a4472a5d8,1.46527,1.0025398,0.497675,0.4627302460861207,Patch transformer,SNV + patches(16)
K,1000,1,5,0d9f230a62237c7b50c4e60cc2caf606,1.1257,0.78611183,0.497675,0.33958816833496086,Patch transformer,SNV + patches(16)
K,1000,1,5,569a2007d9e344cd713ffc1ce0ffae17,0.09185,0.6098985,0.497675,-0.5180485075950623,Patch transformer,SNV + patches(16)
K,1000,1,5,278162d98adfa58daadd49bad86c6a82,0.09889,0.61614615,0.497675,-0.5172561472511291,Patch transformer,SNV + patches(16)
K,1000,1,5,f66e9b4f62e61d212b41211455f99015,1.68873,0.91521585,0.497675,0.7735141501235963,Patch transformer,SNV + patches(16)
K,1000,1,5,f57b959250a5d6dd0a4f251ef45aebde,0.0,0.56332487,0.497675,-0.5633248686790466,Patch transformer,SNV + patches(16)
K,1000,1,5,10777d580745238943356a4567a4672a,0.25779,0.41477913,0.497675,-0.1569891266441345,Patch transformer,SNV + patches(16)
K,1000,1,5,d86b22f928cd9f1f149c28eb4fc15477,0.59365,0.47313383,0.497675,0.1205161677837372,Patch transformer,SNV + patches(16)
K,1000,1,5,c55987e9d3a449fbe4145998ce7c3d8e,1.05427,1.6212953,0.497675,-0.5670253329086303,Patch transformer,SNV + patches(16)
K,1000,1,5,d3b07f247d6a765b977d52240352e37e,0.35265,0.98050326,0.497675,-0.6278532610893249,Patch transformer,SNV + patches(16)
K,1000,1,5,da5df6ab544b1ae683a10002b190c10f,0.16476,0.95958745,0.497675,-0.7948274547958374,Patch transformer,SNV + patches(16)
K,1000,1,5,b4ad191924db2d32652aa4ed9f5ae2b2,0.10472,0.30583197,0.497675,-0.2011119687843323,Patch transformer,SNV + patches(16)
K,1000,1,5,e17fe5fe54cc84f0c76adfa417d896c7,3.47690418947261,1.3908328,0.497675,2.086071407680923,Patch transformer,SNV + patches(16)
K,1000,1,5,0c5e09091d236dd43821c60a9d868579,0.06758,0.22144864,0.497675,-0.1538686449956894,Patch transformer,SNV + patches(16)
K,1000,1,5,a06d1585269683ddc7abe211b569ed6e,1.24176,0.48490927,0.497675,0.7568507337665558,Patch transformer,SNV + patches(16)
K,1000,1,5,bb24f08c6aa5d5052979abd73d8c4ba6,1.27268,1.2692052,0.497675,0.00347478740692142,Patch transformer,SNV + patches(16)
K,1000,1,5,6492c55aeb027c7f142db04dee97a322,0.4969,0.76187176,0.497675,-0.2649717551231384,Patch transformer,SNV + patches(16)
K,1000,1,5,0fda6635a4e90f8a0a422468213e1e4a,0.57667,0.49163476,0.497675,0.0850352436733246,Patch transformer,SNV + patches(16)
K,1000,1,5,2ce0171b1b60146728717e11528c2549,0.58061,0.77190274,0.497675,-0.1912927400016785,Patch transformer,SNV + patches(16)
K,1000,1,5,32b3f3685fa495a67b76a82acd08da20,0.07195,0.3342282,0.497675,-0.2622781877994537,Patch transformer,SNV + patches(16)
K,1000,1,5,1dbac983d9a8cce2c5f7723fb3b93eb8,7.02051,2.1074665,0.497675,4.913043540725708,Patch transformer,SNV + patches(16)
K,1000,1,5,59fb39b7f377d66e6e21e0a72f69c313,0.40903,1.13356,0.497675,-0.7245299422454834,Patch transformer,SNV + patches(16)
K,1000,1,5,e7768ceb997bed31cbc3be8dd342befc,0.88554,1.5835624,0.497675,-0.6980223741149902,Patch transformer,SNV + patches(16)
K,1000,1,5,2432f0616a8e80ee769b8943030466d7,0.2518,1.0376062,0.497675,-0.7858062393188476,Patch transformer,SNV + patches(16)
K,1000,1,5,8e0580bb70cffaf40483d06f0709a13a,0.97621,0.71437186,0.497675,0.2618381399726868,Patch transformer,SNV + patches(16)
K,1000,1,5,57468b8666d51be7fac7bd3ec4c3c43b,0.35526,0.9232717,0.497675,-0.5680117156410217,Patch transformer,SNV + patches(16)
K,1000,1,5,555414bb8da39af46d6480f226dc6133,0.59896,0.20471741,0.497675,0.3942425874090195,Patch transformer,SNV + patches(16)
K,1000,1,5,329936ab2b89da40c486b81e7625673e,0.06948,0.23055474,0.497675,-0.1610747446012497,Patch transformer,SNV + patches(16)
K,1000,1,5,75735192880693a72200b60697ecbb35,0.35528,0.69115955,0.497675,-0.3358795463752747,Patch transformer,SNV + patches(16)
K,1000,1,5,31350f43fd0592645b00ac1f57e2275b,3.50995,2.112155,0.497675,1.3977950393676757,Patch transformer,SNV + patches(16)
K,1000,1,5,40093930449909359433aa2c67feabee,0.28128,0.38876703,0.497675,-0.10748703381538394,Patch transformer,SNV + patches(16)
K,1000,1,5,5eef4967513de64cd5e79927f735b9c0,0.87879,0.7482119,0.497675,0.1305780797386169,Patch transformer,SNV + patches(16)
