family,target,budget,repeat,fold,model,preprocessing,fit_seconds,model_bytes,mae,rmse,r2,rpiq,baseline_rmse,rmse_improvement_pct,best_epoch,validation_loss,parameters,device
PLS–RBF-SVR,N,60,1,1,PLS–RBF-SVR,SNV + latent scores,0.029460375022608787,503757,0.3245802087699595,0.4733142626935695,0.6069949744495919,0.7688760485031212,0.8273192038798165,42.78940214684933,,,,
PLS–RBF-SVR,N,60,1,2,PLS–RBF-SVR,SNV + latent scores,0.004606666014296934,504217,0.24851144358361432,0.31235464179194555,0.44313177407691595,1.104921950319163,0.46707949910409613,33.12602193179703,,,,
PLS–RBF-SVR,N,60,1,3,PLS–RBF-SVR,SNV + latent scores,0.0038878330087754875,504125,0.3734754783625784,0.47161682774688185,-0.41810943524800215,0.9449938462314478,0.4375478100257541,-7.786353157412088,,,,
PLS–RBF-SVR,N,60,1,4,PLS–RBF-SVR,SNV + latent scores,0.004395791998831555,504217,0.2487918214299246,0.33549146958785986,0.7907770947658745,1.0999609034868698,0.814515361273193,58.8109094635805,,,,
PLS–RBF-SVR,N,60,1,5,PLS–RBF-SVR,SNV + latent scores,0.004260500019881874,504033,0.33393702075991644,0.7116996194668234,0.5205970121462549,1.3299571534253485,1.1990443582112937,40.644429491456,,,,
PLS–RBF-SVR,P,60,1,1,PLS–RBF-SVR,SNV + latent scores,0.004540707974229008,505045,15.12167978696723,23.586086060871253,-0.3715942165338151,0.6570581469093281,24.156710923220352,2.362179454656606,,,,
PLS–RBF-SVR,P,60,1,2,PLS–RBF-SVR,SNV + latent scores,0.0048068340111058205,505413,8.932431524669612,14.734068905969671,-2.01414145687209,0.5582755213440925,8.905309097695598,-65.45263891830959,,,,
PLS–RBF-SVR,P,60,1,3,PLS–RBF-SVR,SNV + latent scores,0.003985666000517085,505321,18.670088648610307,29.138983474791473,0.10565195275904171,1.0281440505952444,35.065729919698306,16.901819692558174,,,,
PLS–RBF-SVR,P,60,1,4,PLS–RBF-SVR,SNV + latent scores,0.0044009999837726355,505229,19.587138389632674,37.99590252759291,-0.20459493290329656,0.44358829186278986,37.77928612426888,-0.5733734687614459,,,,
PLS–RBF-SVR,P,60,1,5,PLS–RBF-SVR,SNV + latent scores,0.004354082979261875,505321,10.926357782795755,15.395645814974543,-0.923324736474161,0.6697187389158608,11.516071309372032,-33.688350839276474,,,,
PLS–RBF-SVR,K,60,1,1,PLS–RBF-SVR,SNV + latent scores,0.004318582999985665,504309,1.2043668315483724,1.6992897600889303,-0.26284613329502293,0.6273800923729632,1.7422233128591942,2.464296766859632,,,,
PLS–RBF-SVR,K,60,1,2,PLS–RBF-SVR,SNV + latent scores,0.004660624981625006,504769,0.6806966767234818,0.8704744042675251,-0.2915261824453974,0.29499144229987306,0.7721704359016197,-12.730864041838302,,,,
PLS–RBF-SVR,K,60,1,3,PLS–RBF-SVR,SNV + latent scores,0.004459916992345825,504769,1.710629221057343,2.9396326690934083,0.32171920154221123,1.3805347323383714,4.214779893742693,30.25418306048157,,,,
PLS–RBF-SVR,K,60,1,4,PLS–RBF-SVR,SNV + latent scores,0.005911415995797142,504861,0.7746408183085575,0.9482170231219871,0.08098688461103343,1.7571147217280128,1.1509060057481812,17.611254230481666,,,,
PLS–RBF-SVR,K,60,1,5,PLS–RBF-SVR,SNV + latent scores,0.0046435410040430725,505045,1.785507418220875,4.028430299515058,0.036995700735507286,0.11515155172371773,4.2628855924161515,5.49991989740937,,,,
PLS–Cubist,N,60,1,1,PLS–Cubist,SNV + latent scores,0.02259408400277607,527442,0.2471233102123731,0.40197340469917736,0.7165388390652694,0.9053335264116412,0.8273192038798165,51.41253789177466,,,,
PLS–Cubist,N,60,1,2,PLS–Cubist,SNV + latent scores,0.013466750009683892,522161,0.12655754879480913,0.14901116883988075,0.8732657051993167,2.3161183331892063,0.46707949910409613,68.09725772043119,,,,
PLS–Cubist,N,60,1,3,PLS–Cubist,SNV + latent scores,0.012984875007532537,519887,0.22720731350046963,0.29256269436107823,0.4542810246151493,1.5233486995780534,0.4375478100257541,33.13583392318705,,,,
PLS–Cubist,N,60,1,4,PLS–Cubist,SNV + latent scores,0.013418334012385458,524238,0.19320766445451878,0.25882579810921724,0.8754736128945507,1.4257755706572988,0.814515361273193,68.22333740831616,,,,
PLS–Cubist,N,60,1,5,PLS–Cubist,SNV + latent scores,0.013147999998182058,520139,0.19323552313138756,0.331821541376352,0.8957883140705425,2.8525272834123983,1.1990443582112937,72.32616632537635,,,,
PLS–Cubist,P,60,1,1,PLS–Cubist,SNV + latent scores,0.013213625003118068,523849,11.830201475200388,16.904855751503963,0.2954094305769992,0.9167442909781263,24.156710923220352,30.020043683784905,,,,
PLS–Cubist,P,60,1,2,PLS–Cubist,SNV + latent scores,0.012226249993545935,522172,6.115164966909546,7.84945082864724,0.14454575894077126,1.047929362138268,8.905309097695598,11.856503322513307,,,,
PLS–Cubist,P,60,1,3,PLS–Cubist,SNV + latent scores,0.01190287500503473,515650,19.902296442656603,29.619583077845935,0.07590706264123526,1.0114616543136958,35.065729919698306,15.531251892728969,,,,
PLS–Cubist,P,60,1,4,PLS–Cubist,SNV + latent scores,0.012524084013421088,519606,17.26686606270033,35.533004369113726,-0.0534922881448352,0.4743347149854413,37.77928612426888,5.945802543135332,,,,
PLS–Cubist,P,60,1,5,PLS–Cubist,SNV + latent scores,0.014136624988168478,519333,12.48232452255836,18.31536733470007,-1.7219996259499637,0.5629563585364392,11.516071309372032,-59.04180204055025,,,,
PLS–Cubist,K,60,1,1,PLS–Cubist,SNV + latent scores,0.01288083297549747,522115,1.1412015660395078,1.7390813419294882,-0.32268171400546164,0.6130251305382869,1.7422233128591942,0.180342606284477,,,,
PLS–Cubist,K,60,1,2,PLS–Cubist,SNV + latent scores,0.01291037502232939,519951,0.8915569351663248,1.3469444104708665,-2.0923635718561058,0.1906407554787162,0.7721704359016197,-74.43615396879522,,,,
PLS–Cubist,K,60,1,3,PLS–Cubist,SNV + latent scores,0.013341249985387549,522624,1.9626791248990507,3.484611624304311,0.046913858951237564,1.1646247667012868,4.214779893742693,17.323995270130187,,,,
PLS–Cubist,K,60,1,4,PLS–Cubist,SNV + latent scores,0.013008541980525479,525346,0.926982396792735,1.1484353265610387,-0.34809128155689684,1.4507792055734896,1.1509060057481812,0.214672542744823,,,,
PLS–Cubist,K,60,1,5,PLS–Cubist,SNV + latent scores,0.01306437500170432,521408,1.8409153195422616,4.088721112486336,0.007954718212306533,0.11345356830119338,4.2628855924161515,4.085600613811006,,,,
PLS–Extra Trees,N,60,1,1,PLS–Extra Trees,SNV + latent scores,0.10377212497405708,1323928,0.3166469684496876,0.5222637540117726,0.5215035797368441,0.6968126683204531,0.8273192038798165,36.872763068649725,,,,
PLS–Extra Trees,N,60,1,2,PLS–Extra Trees,SNV + latent scores,0.09817358301370405,1325224,0.1390761474614011,0.16688109567134307,0.841046243861716,2.0681042308093227,0.46707949910409613,64.27137222005307,,,,
PLS–Extra Trees,N,60,1,3,PLS–Extra Trees,SNV + latent scores,0.10017966598388739,1324504,0.17984979547418645,0.2438717425582566,0.6208124024264462,1.8274975006320637,0.4375478100257541,44.263978250993354,,,,
PLS–Extra Trees,N,60,1,4,PLS–Extra Trees,SNV + latent scores,0.09634220800944604,1317160,0.27517902884054146,0.42329619010179337,0.666930409163239,0.8717949951575445,0.814515361273193,48.030913813568034,,,,
PLS–Extra Trees,N,60,1,5,PLS–Extra Trees,SNV + latent scores,0.10229112498927861,1321480,0.3528341715330505,0.7039433529523018,0.5309893613165572,1.3446110344394937,1.1990443582112937,41.291300181552245,,,,
PLS–Extra Trees,P,60,1,1,PLS–Extra Trees,SNV + latent scores,0.09937087501748465,1319032,13.92542778642005,22.061836005236167,-0.20004405952394255,0.7024542289373301,24.156710923220352,8.672020477632623,,,,
PLS–Extra Trees,P,60,1,2,PLS–Extra Trees,SNV + latent scores,0.09868362499400973,1325800,5.661415915531499,7.945656588099031,0.12344772953780747,1.035241066461439,8.905309097695598,10.776184173605984,,,,
PLS–Extra Trees,P,60,1,3,PLS–Extra Trees,SNV + latent scores,0.09884033299749717,1321480,20.102308412256296,34.21622613202911,-0.23316725374504865,0.8755808540777653,35.065729919698306,2.422604034236822,,,,
PLS–Extra Trees,P,60,1,4,PLS–Extra Trees,SNV + latent scores,0.09848045802209526,1328680,18.466649300680345,37.18704247744242,-0.1538537927307364,0.4532368367348365,37.77928612426888,1.5676411800857502,,,,
PLS–Extra Trees,P,60,1,5,PLS–Extra Trees,SNV + latent scores,0.10138358399854042,1317880,8.527479257936792,11.549201420700786,-0.08233251545310871,0.8927675710563857,11.516071309372032,-0.28768588209237717,,,,
PLS–Extra Trees,K,60,1,1,PLS–Extra Trees,SNV + latent scores,0.0939337500021793,1322632,1.004175196873122,1.668545495347062,-0.2175636215689476,0.6389400646407138,1.7422233128591942,4.228953714964255,,,,
PLS–Extra Trees,K,60,1,2,PLS–Extra Trees,SNV + latent scores,0.10143716700258665,1316728,0.7306586422787612,1.0201175015385437,-0.7737467019426842,0.2517185516499031,0.7721704359016197,-32.11040647359288,,,,
PLS–Extra Trees,K,60,1,3,PLS–Extra Trees,SNV + latent scores,0.09654008300276473,1324360,2.1928232092638886,3.727967652325931,-0.09085659849592576,1.0885998427234185,4.214779893742693,11.550122513858643,,,,
PLS–Extra Trees,K,60,1,4,PLS–Extra Trees,SNV + latent scores,0.09809783298987895,1324216,0.7814926567713923,0.9409660627827708,0.09498842417518683,1.770654815959492,1.1509060057481812,18.24127616997989,,,,
PLS–Extra Trees,K,60,1,5,PLS–Extra Trees,SNV + latent scores,0.08530204198905267,1322632,1.6568703420520343,4.066641528669112,0.01864011561651857,0.11406955757711297,4.2628855924161515,4.603549860595977,,,,
PCA–Gaussian Process,N,60,1,1,PCA–Gaussian Process,SNV + latent scores,0.015855707984883338,362747,0.39077235249923814,0.6241616512117348,0.3165715014879853,0.5830540842961003,0.8273192038798165,24.556126790644896,,,,
PCA–Gaussian Process,N,60,1,2,PCA–Gaussian Process,SNV + latent scores,0.006170917011331767,362747,0.2869481477788447,0.36012114986370947,0.25979201406395136,0.9583649839244822,0.46707949910409613,22.8993885292639,,,,
PCA–Gaussian Process,N,60,1,3,PCA–Gaussian Process,SNV + latent scores,0.005559207987971604,362747,0.3122473032255479,0.3604525181417237,0.17162441781814963,1.2364319225667564,0.4375478100257541,17.619855503217483,,,,
PCA–Gaussian Process,N,60,1,4,PCA–Gaussian Process,SNV + latent scores,0.005339458002708852,362747,0.40194184545132944,0.6241178231566546,0.2759318664902125,0.5912785796334701,0.814515361273193,23.375561366813557,,,,
PCA–Gaussian Process,N,60,1,5,PCA–Gaussian Process,SNV + latent scores,0.0066784999798983335,362747,0.5624195872045091,0.9487347820685763,0.14808372568078843,0.9976760817562006,1.1990443582112937,20.875756132669135,,,,
PCA–Gaussian Process,P,60,1,1,PCA–Gaussian Process,SNV + latent scores,0.00560366699937731,362747,14.142865768853511,23.318368781053643,-0.3406339718903979,0.6646018057914833,24.156710923220352,3.470431652849159,,,,
PCA–Gaussian Process,P,60,1,2,PCA–Gaussian Process,SNV + latent scores,0.00563074997626245,362747,5.5329022014450215,7.535095225589705,0.21169237474067226,1.0916477833040592,8.905309097695598,15.386483018994358,,,,
PCA–Gaussian Process,P,60,1,3,PCA–Gaussian Process,SNV + latent scores,0.005738042003940791,362747,19.80902308938559,34.462748695299524,-0.25100082195945794,0.8693175569041655,35.065729919698306,1.7195741419888568,,,,
PCA–Gaussian Process,P,60,1,4,PCA–Gaussian Process,SNV + latent scores,0.005712666024919599,362747,18.79173453568605,36.75041280084335,-0.1269170392485719,0.4586217191991166,37.77928612426888,2.7233794731886034,,,,
PCA–Gaussian Process,P,60,1,5,PCA–Gaussian Process,SNV + latent scores,0.005651333020068705,362747,7.341364605432037,10.221302246703615,0.1522471550690937,1.0087513558583234,11.516071309372032,11.243149055656724,,,,
PCA–Gaussian Process,K,60,1,1,PCA–Gaussian Process,SNV + latent scores,0.005675916996551678,362747,1.0482556176881477,1.6600075940112218,-0.2051350225108377,0.6422263190235844,1.7422233128591942,4.719011520575207,,,,
PCA–Gaussian Process,K,60,1,2,PCA–Gaussian Process,SNV + latent scores,0.00536045798799023,362747,0.817964173194255,0.9492992922709035,-0.5360222900630944,0.27049688342833134,0.7721704359016197,-22.939088073536567,,,,
PCA–Gaussian Process,K,60,1,3,PCA–Gaussian Process,SNV + latent scores,0.007282999984454364,362747,2.3471546508335543,3.977525325628726,-0.241793263294934,1.0202989717880706,4.214779893742693,5.629109327065873,,,,
PCA–Gaussian Process,K,60,1,4,PCA–Gaussian Process,SNV + latent scores,0.0053272079967428,362747,0.8968238376391283,1.0014097150506829,-0.025014040431413864,1.6637806341198016,1.1509060057481812,12.98944396421963,,,,
PCA–Gaussian Process,K,60,1,5,PCA–Gaussian Process,SNV + latent scores,0.005711792007787153,362747,1.8166301934622042,4.19338512575076,-0.04348454020496817,0.11062184514162636,4.2628855924161515,1.6303619967900504,,,,
PLS–Cascade Forest,N,60,1,1,PLS–Cascade Forest,SNV + latent scores,0.7805775839951821,1055396,0.3136546686519732,0.5189114013940853,0.5276266946636853,0.70131432653495,0.8273192038798165,37.27796974123341,,,,
PLS–Cascade Forest,N,60,1,2,PLS–Cascade Forest,SNV + latent scores,0.8111877499904949,1057268,0.11255024713282898,0.15011450061156348,0.8713819853335442,2.299095014765112,0.46707949910409613,67.8610384528763,,,,
PLS–Cascade Forest,N,60,1,3,PLS–Cascade Forest,SNV + latent scores,0.7922945420141332,1058420,0.22593837292727217,0.2980716269662429,0.4335358401777385,1.4951943079455645,0.4375478100257541,31.876786916451856,,,,
PLS–Cascade Forest,N,60,1,4,PLS–Cascade Forest,SNV + latent scores,0.7837972920096945,1053812,0.2396281181317891,0.36165655700872074,0.7568697754019014,1.0203810572445988,0.814515361273193,55.59855906911262,,,,
PLS–Cascade Forest,N,60,1,5,PLS–Cascade Forest,SNV + latent scores,0.7959188329987228,1059572,0.3393463064110079,0.6700346642448146,0.575085244857269,1.4126582556244593,1.1990443582112937,44.11927635068008,,,,
PLS–Cascade Forest,P,60,1,1,PLS–Cascade Forest,SNV + latent scores,0.8366897919913754,1054964,13.206280341960577,19.72370114938823,0.04084076073543064,0.7857262631704741,24.156710923220352,18.35104865029843,,,,
PLS–Cascade Forest,P,60,1,2,PLS–Cascade Forest,SNV + latent scores,0.8469063749944326,1053524,5.555116543799229,7.755939564653508,0.1648065688684195,1.0605639628095114,8.905309097695598,12.90656529080512,,,,
PLS–Cascade Forest,P,60,1,3,PLS–Cascade Forest,SNV + latent scores,0.8271488750178833,1054388,18.975449362539717,32.77627303968616,-0.13155822662415728,0.914047563117532,35.065729919698306,6.529043842107605,,,,
PLS–Cascade Forest,P,60,1,4,PLS–Cascade Forest,SNV + latent scores,0.8424581250001211,1056116,18.312970001318504,36.82469365224069,-0.13147714877951855,0.4576966113871376,37.77928612426888,2.5267615404065884,,,,
PLS–Cascade Forest,P,60,1,5,PLS–Cascade Forest,SNV + latent scores,0.8133264590287581,1053092,8.686111592454642,12.220507603703416,-0.21181210294345143,0.8437253864050077,11.516071309372032,-6.116984476798939,,,,
PLS–Cascade Forest,K,60,1,1,PLS–Cascade Forest,SNV + latent scores,0.8955461659934372,1053668,1.0372187752199984,1.7024070021703428,-0.2674836094026236,0.6262313097243415,1.7422233128591942,2.2853735451116264,,,,
PLS–Cascade Forest,K,60,1,2,PLS–Cascade Forest,SNV + latent scores,0.85269591701217,1054244,0.7681792950780567,1.2361779244978708,-1.604672779118867,0.20772292961331096,0.7721704359016197,-60.091330491623374,,,,
PLS–Cascade Forest,K,60,1,3,PLS–Cascade Forest,SNV + latent scores,1.1015601249819156,1058420,2.1757054206427973,3.7757659874782368,-0.11900887840847663,1.0748189939362316,4.214779893742693,10.416057714335714,,,,
PLS–Cascade Forest,K,60,1,4,PLS–Cascade Forest,SNV + latent scores,0.8445909169968218,1054244,0.7738142929616135,0.9719338609068218,0.034439171025144266,1.7142381367043293,1.1509060057481812,15.550544001637494,,,,
PLS–Cascade Forest,K,60,1,5,PLS–Cascade Forest,SNV + latent scores,0.878767333982978,1054532,1.7460396023061924,4.070814026816849,0.016625272200442076,0.11395263869686734,4.2628855924161515,4.50567019534857,,,,
Tiny 1D CNN,N,60,1,1,Tiny 1D CNN,SNV + local convolutions,4.973559125006432,207916,0.28054211635147536,0.45353929855038616,0.639148288950745,0.802400147381209,0.8273192038798165,45.17964814264469,48.0,0.5606945753097534,51619.0,mps
Tiny 1D CNN,P,60,1,1,Tiny 1D CNN,SNV + local convolutions,4.973559125006432,207916,15.098674358550609,24.880987239161637,-0.5263323340285848,0.6228623426809886,24.156710923220352,-2.9982406058644484,48.0,0.5606945753097534,51619.0,mps
Tiny 1D CNN,K,60,1,1,Tiny 1D CNN,SNV + local convolutions,4.973559125006432,207916,1.0096927801584734,1.6395836104092665,-0.17566257869601998,0.6502264110745214,1.7422233128591942,5.891305763868113,48.0,0.5606945753097534,51619.0,mps
Tiny 1D CNN,N,60,1,2,Tiny 1D CNN,SNV + local convolutions,1.3151279169833288,207916,0.17075994272152584,0.2036372823090946,0.7633148040451065,1.6948148987577913,0.46707949910409613,56.40200807363828,37.0,0.568957507610321,51619.0,mps
Tiny 1D CNN,P,60,1,2,Tiny 1D CNN,SNV + local convolutions,1.3151279169833288,207916,5.31210761235555,7.501490338404055,0.21870805695742945,1.0965381049534237,8.905309097695598,15.763840916592159,37.0,0.568957507610321,51619.0,mps
Tiny 1D CNN,K,60,1,2,Tiny 1D CNN,SNV + local convolutions,1.3151279169833288,207916,0.6709873419159796,0.957983934473208,-0.564255374306051,0.26804468296350276,0.7721704359016197,-24.063793423355342,37.0,0.568957507610321,51619.0,mps
Tiny 1D CNN,N,60,1,3,Tiny 1D CNN,SNV + local convolutions,0.8363010419998318,207916,0.2443955421159664,0.30781644508633077,0.39589170696896436,1.4478596160611406,0.4375478100257541,29.64964329996014,21.0,0.5783087611198425,51619.0,mps
Tiny 1D CNN,P,60,1,3,Tiny 1D CNN,SNV + local convolutions,0.8363010419998318,207916,19.559181536719002,32.85486266773672,-0.13699114176473715,0.9118611391859395,35.065729919698306,6.304922946205734,21.0,0.5783087611198425,51619.0,mps
Tiny 1D CNN,K,60,1,3,Tiny 1D CNN,SNV + local convolutions,0.8363010419998318,207916,2.2450179136400226,3.962584111957427,-0.23248141789022325,1.0241460838027006,4.214779893742693,5.983605031419998,21.0,0.5783087611198425,51619.0,mps
Tiny 1D CNN,N,60,1,4,Tiny 1D CNN,SNV + local convolutions,1.2091126659943257,207916,0.2079032430221389,0.31013814926442895,0.8212044744390838,1.189881028423114,0.814515361273193,61.92359726897687,40.0,0.48583754897117615,51619.0,mps
Tiny 1D CNN,P,60,1,4,Tiny 1D CNN,SNV + local convolutions,1.2091126659943257,207916,19.073457281424997,34.10227668378439,0.02963695300672664,0.4942349643187993,37.77928612426888,9.732871681030602,40.0,0.48583754897117615,51619.0,mps
Tiny 1D CNN,K,60,1,4,Tiny 1D CNN,SNV + local convolutions,1.2091126659943257,207916,0.9761644136430329,1.2157791838741807,-0.5108300707222992,1.370418339793832,1.1509060057481812,-5.636705152461751,40.0,0.48583754897117615,51619.0,mps
Tiny 1D CNN,N,60,1,5,Tiny 1D CNN,SNV + local convolutions,0.839297416008776,207916,0.3587354390577475,0.7044830763315646,0.5302698913556676,1.3435808918630663,1.1990443582112937,41.24628738652372,23.0,0.5734189748764038,51619.0,mps
Tiny 1D CNN,P,60,1,5,Tiny 1D CNN,SNV + local convolutions,0.839297416008776,207916,9.323334285958609,13.791869623240926,-0.5434873717735638,0.7475964304814169,11.516071309372032,-19.761933151775455,23.0,0.5734189748764038,51619.0,mps
Tiny 1D CNN,K,60,1,5,Tiny 1D CNN,SNV + local convolutions,0.839297416008776,207916,1.7250154034579062,4.232554521073188,-0.06306945694447941,0.1095981156746873,4.2628855924161515,0.7115150215835979,23.0,0.5734189748764038,51619.0,mps
PLS–RBF-SVR,N,120,1,1,PLS–RBF-SVR,SNV + latent scores,0.03159875000710599,513645,0.16624471047886352,0.21250581655999487,0.874576428745223,1.2217077358289805,0.6373328703346915,66.6570129282052,,,,
PLS–RBF-SVR,N,120,1,2,PLS–RBF-SVR,SNV + latent scores,0.007279291021404788,512449,0.3535419507515847,0.6560240807489155,0.35687637503311365,1.3872699596043063,1.0108126245749012,35.099338413505926,,,,
PLS–RBF-SVR,N,120,1,3,PLS–RBF-SVR,SNV + latent scores,0.006440249999286607,512909,0.2490906398788398,0.42803068441141184,0.6536393773161531,0.36913241446058237,0.7580497785016733,43.53528006334388,,,,
PLS–RBF-SVR,N,120,1,4,PLS–RBF-SVR,SNV + latent scores,0.006487917009508237,513461,0.2313883254556456,0.2904956643696197,0.5519171285921473,0.3843947214920224,0.4446952195998989,34.67533457387187,,,,
PLS–RBF-SVR,N,120,1,5,PLS–RBF-SVR,SNV + latent scores,0.006620708998525515,513921,0.13973450923658626,0.21429424519404347,0.8850169068912037,1.9003076803637806,0.7145803969113622,70.01117773167448,,,,
PLS–RBF-SVR,P,120,1,1,PLS–RBF-SVR,SNV + latent scores,0.007540625025285408,517142,13.07408068801363,18.984948793005668,-0.39416553165575174,0.7433725607518834,16.73596743224872,-13.438012292156827,,,,
PLS–RBF-SVR,P,120,1,2,PLS–RBF-SVR,SNV + latent scores,0.007188749994384125,516866,18.224606123064166,27.355825685652814,-0.830460148340386,0.5911177818507914,23.25075931031931,-17.65562285749337,,,,
PLS–RBF-SVR,P,120,1,3,PLS–RBF-SVR,SNV + latent scores,0.007162875001085922,517418,12.976325753813427,21.9985243414648,-0.4433626948424205,0.5469708928302959,19.76847331360908,-11.280845983794325,,,,
PLS–RBF-SVR,P,120,1,4,PLS–RBF-SVR,SNV + latent scores,0.007111917017027736,517142,13.24532163352533,31.963557256526254,-5.767845191061817,0.4077223756858007,12.743658262338325,-150.81932203870383,,,,
PLS–RBF-SVR,P,120,1,5,PLS–RBF-SVR,SNV + latent scores,0.007346833997871727,517234,25.41737356337947,39.73908023900304,-0.41353144544265175,0.6521668303375455,38.38259505264647,-3.53411535748424,,,,
PLS–RBF-SVR,K,120,1,1,PLS–RBF-SVR,SNV + latent scores,0.006977667013416067,516130,0.7020754164494224,1.1098573692698048,0.05599428867050116,0.332382290013623,1.1589076900122686,4.232461408720523,,,,
PLS–RBF-SVR,K,120,1,2,PLS–RBF-SVR,SNV + latent scores,0.007066375022986904,515762,0.8777330743555076,1.2248885366383124,0.44786570554537164,1.1429805555687325,1.8438307810072179,33.56827810580317,,,,
PLS–RBF-SVR,K,120,1,3,PLS–RBF-SVR,SNV + latent scores,0.007038958021439612,515762,1.1750326223171526,2.2060070853918234,-1.22151585546229,0.6944814914085559,1.6675276701993704,-32.292082753149884,,,,
PLS–RBF-SVR,K,120,1,4,PLS–RBF-SVR,SNV + latent scores,0.007539708982221782,516682,1.4554255007058456,3.1433111907560343,0.3226413611721082,0.4618924745269648,4.120640831905059,23.717904108065273,,,,
PLS–RBF-SVR,K,120,1,5,PLS–RBF-SVR,SNV + latent scores,0.007802124979207292,515486,0.9975066269025662,1.430287463328551,-0.10444772100083055,0.9318423982395224,1.625009413590324,11.98281983065876,,,,
PLS–Cubist,N,120,1,1,PLS–Cubist,SNV + latent scores,0.03675187498447485,535765,0.1385983778109828,0.2571629818049716,0.8163231492489288,1.0095543230125235,0.6373328703346915,59.65013044597495,,,,
PLS–Cubist,N,120,1,2,PLS–Cubist,SNV + latent scores,0.020983666996471584,544154,0.23152805783047584,0.3753642084694059,0.789447394444808,2.424531906520801,1.0108126245749012,62.86510483312713,,,,
PLS–Cubist,N,120,1,3,PLS–Cubist,SNV + latent scores,0.021738124982221052,539253,0.1529234722759292,0.24264237948832118,0.8886956809248812,0.6511640725465472,0.7580497785016733,67.99123403638252,,,,
PLS–Cubist,N,120,1,4,PLS–Cubist,SNV + latent scores,0.020206250017508864,536413,0.15569829283493103,0.19124577269634724,0.8057939651076049,0.5838821869139948,0.4446952195998989,56.9939670436721,,,,
PLS–Cubist,N,120,1,5,PLS–Cubist,SNV + latent scores,0.01931537501513958,537601,0.14513590205967083,0.2144008178801299,0.8849025118063875,1.8993630902456577,0.7145803969113622,69.9962637084873,,,,
PLS–Cubist,P,120,1,1,PLS–Cubist,SNV + latent scores,0.02044454199494794,535282,18.30576359230817,36.166953616166566,-4.059636763947929,0.39021506068157097,16.73596743224872,-116.10315485244112,,,,
PLS–Cubist,P,120,1,2,PLS–Cubist,SNV + latent scores,0.021922041021753103,537632,14.912062856476497,23.26385354598511,-0.32380474382166,0.6950918500254536,23.25075931031931,-0.056317453942197906,,,,
PLS–Cubist,P,120,1,3,PLS–Cubist,SNV + latent scores,0.019687791005708277,532819,11.254710586323986,18.382930192103,-0.007900947750405951,0.6545503015166202,19.76847331360908,7.008852426414932,,,,
PLS–Cubist,P,120,1,4,PLS–Cubist,SNV + latent scores,0.01994337499490939,531917,7.266240301325588,11.899986051472657,0.061934620903421944,1.0951489727491925,12.743658262338325,6.620329841698556,,,,
PLS–Cubist,P,120,1,5,PLS–Cubist,SNV + latent scores,0.021056749974377453,538292,22.009796868657205,36.22966156536536,-0.17489324340780898,0.7153395554976845,38.38259505264647,5.609139987351289,,,,
PLS–Cubist,K,120,1,1,PLS–Cubist,SNV + latent scores,0.01989045800291933,532690,0.6489350648189515,1.0726096782337156,0.11829418631567812,0.34392467406583704,1.1589076900122686,7.446495740971348,,,,
PLS–Cubist,K,120,1,2,PLS–Cubist,SNV + latent scores,0.019214708008803427,535025,0.8094519825659777,1.1543231872902129,0.5096497265982005,1.2128525143839501,1.8438307810072179,37.39538361217465,,,,
PLS–Cubist,K,120,1,3,PLS–Cubist,SNV + latent scores,0.03069374998449348,534600,0.7240731734577109,0.9551132258199091,0.5835668163587326,1.6040308617919048,1.6675276701993704,42.722795975810385,,,,
PLS–Cubist,K,120,1,4,PLS–Cubist,SNV + latent scores,0.040457625000271946,539724,1.4688774493355778,3.5090618470355346,0.1558376820856634,0.4137492718554249,4.120640831905059,14.841841592555857,,,,
PLS–Cubist,K,120,1,5,PLS–Cubist,SNV + latent scores,0.021676249976735562,533781,0.9540509886782891,1.392392900511934,-0.04669970043324634,0.9572028839776296,1.625009413590324,14.31477941807383,,,,
PLS–Extra Trees,N,120,1,1,PLS–Extra Trees,SNV + latent scores,0.10503883400815539,1897120,0.11334218176804929,0.2001063335216805,0.8887860698901678,1.297410209017055,0.6373328703346915,68.60253992288271,,,,
PLS–Extra Trees,N,120,1,2,PLS–Extra Trees,SNV + latent scores,0.09479416601243429,1889632,0.35431079918723624,0.6248286651049544,0.41658607390707014,1.4565312874164165,1.0108126245749012,38.185510359278794,,,,
PLS–Extra Trees,N,120,1,3,PLS–Extra Trees,SNV + latent scores,0.1063913750112988,1898560,0.20218345062807827,0.3623155039909503,0.7518281366085902,0.43608401589115114,0.7580497785016733,52.20425963225177,,,,
PLS–Extra Trees,N,120,1,4,PLS–Extra Trees,SNV + latent scores,0.1077496660000179,1896832,0.1345839309847254,0.19175930048328046,0.8047496116532873,0.5823185614391417,0.4446952195998989,56.8784884497274,,,,
PLS–Extra Trees,N,120,1,5,PLS–Extra Trees,SNV + latent scores,0.11123395897448063,1902160,0.1737533863853057,0.28087511574414314,0.8024670728892712,1.449843639302502,0.7145803969113622,60.69369983305274,,,,
PLS–Extra Trees,P,120,1,1,PLS–Extra Trees,SNV + latent scores,0.10243708299822174,1897552,10.464417252768465,16.553344585623808,-0.0599051262150565,0.8525703024545694,16.73596743224872,1.0911998207705322,,,,
PLS–Extra Trees,P,120,1,2,PLS–Extra Trees,SNV + latent scores,0.10127816701424308,1883440,13.576734451973564,22.5303853461752,-0.24164619541638976,0.7177203031170141,23.25075931031931,3.0982814562292065,,,,
PLS–Extra Trees,P,120,1,3,PLS–Extra Trees,SNV + latent scores,0.09151374999783002,1894672,9.990551979313757,18.27482111167765,0.003919022170306263,0.6584224505656678,19.76847331360908,7.555728650543609,,,,
PLS–Extra Trees,P,120,1,4,PLS–Extra Trees,SNV + latent scores,0.10594779200619087,1897696,8.212335222022348,11.264189945931236,0.15949532423767676,1.156963577723351,12.743658262338325,11.6094475067603,,,,
PLS–Extra Trees,P,120,1,5,PLS–Extra Trees,SNV + latent scores,0.10266500001307577,1891360,21.366013760125128,37.35623632679781,-0.2490967558144499,0.6937666250228901,38.38259505264647,2.67402119226405,,,,
PLS–Extra Trees,K,120,1,1,PLS–Extra Trees,SNV + latent scores,0.09939958300674334,1896688,0.5151991513237915,0.7646570133414141,0.5519013514188305,0.4824345131870032,1.1589076900122686,34.01916132480584,,,,
PLS–Extra Trees,K,120,1,2,PLS–Extra Trees,SNV + latent scores,0.08946204200037755,1891216,0.8558597069185687,1.446347549203766,0.2301663142124466,0.9679718964417384,1.8438307810072179,21.557468065823326,,,,
PLS–Extra Trees,K,120,1,3,PLS–Extra Trees,SNV + latent scores,0.10156716700294055,1892368,0.8911899022414586,1.295031064993813,0.2344104728440185,1.1830072128254887,1.6675276701993704,22.33825632176895,,,,
PLS–Extra Trees,K,120,1,4,PLS–Extra Trees,SNV + latent scores,0.09738799999468029,1901440,1.6491648980269318,3.701165830628809,0.06088018342324564,0.39227417806889764,4.120640831905059,10.179848678592993,,,,
PLS–Extra Trees,K,120,1,5,PLS–Extra Trees,SNV + latent scores,0.10052941701724194,1891648,0.8780505295718385,1.2461596308920067,0.16161045111749306,1.0695279055428668,1.625009413590324,23.31369772568148,,,,
PCA–Gaussian Process,N,120,1,1,PCA–Gaussian Process,SNV + latent scores,0.026501249987632036,426500,0.2641880164932609,0.40168590117349595,0.5518631095873087,0.6463258960335406,0.6373328703346915,36.973923695077424,,,,
PCA–Gaussian Process,N,120,1,2,PCA–Gaussian Process,SNV + latent scores,0.007353875000262633,426500,0.4396961799464349,0.7837285907884083,0.0821192084678668,1.1612215130297638,1.0108126245749012,22.465492442973144,,,,
PCA–Gaussian Process,N,120,1,3,PCA–Gaussian Process,SNV + latent scores,0.007376709021627903,426500,0.30043282385358366,0.5309015812029627,0.4671478257333286,0.29760694937466553,0.7580497785016733,29.96481283164298,,,,
PCA–Gaussian Process,N,120,1,4,PCA–Gaussian Process,SNV + latent scores,0.00718183399294503,426500,0.2657588083578945,0.3126918563109406,0.4808269095490214,0.3571087565803453,0.4446952195998989,29.684007713805496,,,,
PCA–Gaussian Process,N,120,1,5,PCA–Gaussian Process,SNV + latent scores,0.007124166993889958,426500,0.2231584657842186,0.3399102664527741,0.7107045957863232,1.1980367767343632,0.7145803969113622,52.432187067827286,,,,
PCA–Gaussian Process,P,120,1,1,PCA–Gaussian Process,SNV + latent scores,0.007914707995951176,426500,10.087172108000207,16.05026724964276,0.0035396613607190375,0.8792931469919367,16.73596743224872,4.097164895796081,,,,
PCA–Gaussian Process,P,120,1,2,PCA–Gaussian Process,SNV + latent scores,0.008105249988147989,426500,12.52138101021761,21.801638633937387,-0.16262296294773781,0.7417109911558788,23.25075931031931,6.232573556162379,,,,
PCA–Gaussian Process,P,120,1,3,PCA–Gaussian Process,SNV + latent scores,0.010670125018805265,426500,10.837644638314222,18.728893946888366,-0.04619499607711508,0.6424593216301008,19.76847331360908,5.258774161407,,,,
PCA–Gaussian Process,P,120,1,4,PCA–Gaussian Process,SNV + latent scores,0.010541249997913837,426500,7.595256797955774,10.841189987199263,0.22143636693873703,1.2021058126818034,12.743658262338325,14.92874523135541,,,,
PCA–Gaussian Process,P,120,1,5,PCA–Gaussian Process,SNV + latent scores,0.009835500008193776,426500,20.82731484827768,37.170370737528856,-0.23669794039690184,0.6972357145158508,38.38259505264647,3.1582656499772903,,,,
PCA–Gaussian Process,K,120,1,1,PCA–Gaussian Process,SNV + latent scores,0.008947333000833169,426500,0.7911827799309892,1.0473792049895803,0.1592862008400715,0.35220952662513755,1.1589076900122686,9.62358658794538,,,,
PCA–Gaussian Process,K,120,1,2,PCA–Gaussian Process,SNV + latent scores,0.007890457985922694,426500,0.9828763832428358,1.5006816330101405,0.17124012346128314,0.9329252449824377,1.8438307810072179,18.61066381642829,,,,
PCA–Gaussian Process,K,120,1,3,PCA–Gaussian Process,SNV + latent scores,0.007973665982717648,426500,0.9644032611800082,1.316147705132612,0.20923967183660674,1.1640267158057243,1.6675276701993704,21.07191210954522,,,,
PCA–Gaussian Process,K,120,1,4,PCA–Gaussian Process,SNV + latent scores,0.009910665976349264,426500,1.806878609751463,3.8314154059257812,-0.006380930675697227,0.37893875507758745,4.120640831905059,7.018942872668743,,,,
PCA–Gaussian Process,K,120,1,5,PCA–Gaussian Process,SNV + latent scores,0.010151583002880216,426500,1.0651600595059572,1.4671544176924227,-0.16211779305795337,0.9084268730869277,1.625009413590324,9.714097320158512,,,,
PLS–Cascade Forest,N,120,1,1,PLS–Cascade Forest,SNV + latent scores,0.8497769579989836,1548275,0.11287410279198468,0.19062252616618047,0.8990779740304105,1.3619586584099146,0.6373328703346915,70.0905860910522,,,,
PLS–Cascade Forest,N,120,1,2,PLS–Cascade Forest,SNV + latent scores,0.814317917014705,1549139,0.32695494668275177,0.5515708479882429,0.5453706078506566,1.6499829592505935,1.0108126245749012,45.43292845989069,,,,
PLS–Cascade Forest,N,120,1,3,PLS–Cascade Forest,SNV + latent scores,0.8169449999986682,1555043,0.17636539659836378,0.32828333105689544,0.7962599691325317,0.4812915705811962,0.7580497785016733,56.69369738412623,,,,
PLS–Cascade Forest,N,120,1,4,PLS–Cascade Forest,SNV + latent scores,0.8341907919966616,1544963,0.12451309428821593,0.21998167667382929,0.7430479726977519,0.5076104596000859,0.4446952195998989,50.532034755905144,,,,
PLS–Cascade Forest,N,120,1,5,PLS–Cascade Forest,SNV + latent scores,0.7996653330046684,1553900,0.13484056908662279,0.23892205810033956,0.8570693183779792,1.7044261347731176,0.7145803969113622,66.56470578635593,,,,
PLS–Cascade Forest,P,120,1,1,PLS–Cascade Forest,SNV + latent scores,0.8271094160154462,1547267,10.261900036299354,15.716527114755653,0.044548484863735305,0.8979649191550684,16.73596743224872,6.091313941784429,,,,
PLS–Cascade Forest,P,120,1,2,PLS–Cascade Forest,SNV + latent scores,0.7964431250002235,1545251,12.70725792192453,21.75050794520677,-0.1571760324891609,0.7434545915312082,23.25075931031931,6.452483315014525,,,,
PLS–Cascade Forest,P,120,1,3,PLS–Cascade Forest,SNV + latent scores,0.8035610829829238,1554044,10.358674000621745,18.30807677414638,0.00029048074150461733,0.6572264606729028,19.76847331360908,7.387502900678367,,,,
PLS–Cascade Forest,P,120,1,4,PLS–Cascade Forest,SNV + latent scores,0.812769959011348,1546547,7.351328585615396,9.908292684540921,0.3496639079219085,1.3152879022571808,12.743658262338325,22.24922796444437,,,,
PLS–Cascade Forest,P,120,1,5,PLS–Cascade Forest,SNV + latent scores,0.8272932499821763,1555187,21.828812299735816,37.2047744117515,-0.23898829382839737,0.6965909727922988,38.38259505264647,3.0686321216151353,,,,
PLS–Cascade Forest,K,120,1,1,PLS–Cascade Forest,SNV + latent scores,0.8219429999880958,1552595,0.49188381200486836,0.9157386310137007,0.35733691732021255,0.4028408559962496,1.1589076900122686,20.982608114024476,,,,
PLS–Cascade Forest,K,120,1,2,PLS–Cascade Forest,SNV + latent scores,0.813335333019495,1555052,0.7682761929539258,1.1861655707751648,0.4822236483691059,1.1802937251008794,1.8438307810072179,35.6684147486026,,,,
PLS–Cascade Forest,K,120,1,3,PLS–Cascade Forest,SNV + latent scores,1.033274875022471,1556060,0.7916736199834039,1.1126116754748383,0.4349032139783552,1.3769683749426032,1.6675276701993704,33.27776831782264,,,,
PLS–Cascade Forest,K,120,1,4,PLS–Cascade Forest,SNV + latent scores,0.9466722919896711,1551731,1.57880538677298,3.67211469529526,0.07556497488986502,0.395377569760213,4.120640831905059,10.884863663364618,,,,
PLS–Cascade Forest,K,120,1,5,PLS–Cascade Forest,SNV + latent scores,0.850099584000418,1551443,0.9061218249084009,1.2772290873774363,0.11928356571097054,1.0435109199843495,1.625009413590324,21.40174224864924,,,,
Tiny 1D CNN,N,120,1,1,Tiny 1D CNN,SNV + local convolutions,3.447642042010557,207916,0.1571766294703707,0.27870424210635786,0.7842629791557651,0.9315251107693043,0.6373328703346915,56.270223131595586,30.0,0.8161745667457581,51619.0,mps
Tiny 1D CNN,P,120,1,1,Tiny 1D CNN,SNV + local convolutions,3.447642042010557,207916,10.260023493675284,15.510801258850599,0.0693980726657688,0.9098749809554205,16.73596743224872,7.320557824684434,30.0,0.8161745667457581,51619.0,mps
Tiny 1D CNN,K,120,1,1,Tiny 1D CNN,SNV + local convolutions,3.447642042010557,207916,0.5102698162456345,0.9091618012810001,0.36653497342750674,0.40575498603947147,1.1589076900122686,21.550110581164976,30.0,0.8161745667457581,51619.0,mps
Tiny 1D CNN,N,120,1,2,Tiny 1D CNN,SNV + local convolutions,0.7194332919898443,207916,0.5910956087696553,0.9509180463710108,-0.3512667167642842,0.9570567132185035,1.0108126245749012,5.92538881566493,2.0,0.7923896312713623,51619.0,mps
Tiny 1D CNN,P,120,1,2,Tiny 1D CNN,SNV + local convolutions,0.7194332919898443,207916,13.263006309712727,22.34228673565817,-0.22100056532161494,0.7237627549641972,23.25075931031931,3.9072813172941636,2.0,0.7923896312713623,51619.0,mps
Tiny 1D CNN,K,120,1,2,Tiny 1D CNN,SNV + local convolutions,0.7194332919898443,207916,1.0725397953378788,1.7105886876578653,-0.07681915886985857,0.818445597248477,1.8438307810072179,7.226373196599268,2.0,0.7923896312713623,51619.0,mps
Tiny 1D CNN,N,120,1,3,Tiny 1D CNN,SNV + local convolutions,1.329534375021467,207916,0.17279912138858392,0.2936526347974595,0.836977890573831,0.5380506805565598,0.7580497785016733,61.26209081178285,26.0,0.7847234010696411,51619.0,mps
Tiny 1D CNN,P,120,1,3,Tiny 1D CNN,SNV + local convolutions,1.329534375021467,207916,12.12671571166254,20.42443891400034,-0.2441955595602363,0.5891252411223912,19.76847331360908,-3.3182410699347233,26.0,0.7847234010696411,51619.0,mps
Tiny 1D CNN,K,120,1,3,Tiny 1D CNN,SNV + local convolutions,1.329534375021467,207916,0.9436423560983371,1.4840241415910986,-0.0053506039350239565,1.0323491699253529,1.6675276701993704,11.004526754649415,26.0,0.7847234010696411,51619.0,mps
Tiny 1D CNN,N,120,1,4,Tiny 1D CNN,SNV + local convolutions,1.6434366249886807,207916,0.15766698227368928,0.24602633905378476,0.6786026872303517,0.45387416822712007,0.4446952195998989,44.675290353887874,40.0,0.6223195791244507,51619.0,mps
Tiny 1D CNN,P,120,1,4,Tiny 1D CNN,SNV + local convolutions,1.6434366249886807,207916,8.51462333296764,11.978672309457664,0.04948807005649214,1.0879550891220628,12.743658262338325,6.002875603949961,40.0,0.6223195791244507,51619.0,mps
Tiny 1D CNN,K,120,1,4,Tiny 1D CNN,SNV + local convolutions,1.6434366249886807,207916,1.7347387993473349,3.778622300480948,0.02116185955450456,0.38423310631544433,4.120640831905059,8.300129649154327,40.0,0.6223195791244507,51619.0,mps
Tiny 1D CNN,N,120,1,5,Tiny 1D CNN,SNV + local convolutions,1.5741117919969838,207916,0.13173903263515793,0.19755379496978526,0.9022799401838909,2.061337267969379,0.7145803969113622,72.3538742703167,28.0,0.6482613682746887,51619.0,mps
Tiny 1D CNN,P,120,1,5,Tiny 1D CNN,SNV + local convolutions,1.5741117919969838,207916,20.52777142768383,36.31671498293073,-0.1805461447132921,0.7136248422298398,38.38259505264647,5.382335579139787,28.0,0.6482613682746887,51619.0,mps
Tiny 1D CNN,K,120,1,5,Tiny 1D CNN,SNV + local convolutions,1.5741117919969838,207916,0.9934660552388545,1.3845512494969552,-0.034943332887312994,0.9626241718999156,1.625009413590324,14.797339761995365,28.0,0.6482613682746887,51619.0,mps
PLS–RBF-SVR,N,180,1,1,PLS–RBF-SVR,SNV + latent scores,0.01612912502605468,522338,0.24035048761375025,0.49587395328161965,0.40749971015011865,0.6673470098802748,0.6916219281567669,28.30274271332501,,,,
PLS–RBF-SVR,N,180,1,2,PLS–RBF-SVR,SNV + latent scores,0.011478667001938447,522982,0.18710678417205634,0.25319988208237104,0.7768918460522479,1.7665193850860084,0.576821378415556,56.104282615551796,,,,
PLS–RBF-SVR,N,180,1,3,PLS–RBF-SVR,SNV + latent scores,0.013017208024393767,522154,0.23492288163704952,0.4200341602486937,0.5269044568551906,0.8940284756307934,0.650985442184471,35.47718074321118,,,,
PLS–RBF-SVR,N,180,1,4,PLS–RBF-SVR,SNV + latent scores,0.010889875004068017,522522,0.18557429585593138,0.297666989481794,0.8361284774540045,1.5651634761754307,0.8351058963933787,64.35577921706145,,,,
PLS–RBF-SVR,N,180,1,5,PLS–RBF-SVR,SNV + latent scores,0.01007516699610278,522246,0.18475904207596608,0.30962519699978724,0.7853900802222891,1.9772454113300755,0.746426566991598,58.51900097183003,,,,
PLS–RBF-SVR,P,180,1,1,PLS–RBF-SVR,SNV + latent scores,0.01260533300228417,529054,20.630279479260036,32.04366824079333,-0.3681995009904595,0.6301098191466019,30.250128050293444,-5.9290333829925315,,,,
PLS–RBF-SVR,P,180,1,2,PLS–RBF-SVR,SNV + latent scores,0.010971874988172203,528778,13.577928886343019,27.319172087703947,0.2903391307953671,0.5609016060518494,34.3069708707689,20.36845167528001,,,,
PLS–RBF-SVR,P,180,1,3,PLS–RBF-SVR,SNV + latent scores,0.011633582995273173,528962,16.026726520056833,25.604665059707933,-0.5432938137433891,0.9186305481891861,23.760761708218833,-7.760287208516952,,,,
PLS–RBF-SVR,P,180,1,4,PLS–RBF-SVR,SNV + latent scores,0.015976082999259233,529422,12.597993053819946,18.795640910642703,-1.8499045067236501,0.5418848204443447,11.248716642473275,-67.09142480906225,,,,
PLS–RBF-SVR,P,180,1,5,PLS–RBF-SVR,SNV + latent scores,0.018216167023638263,528686,17.693462715061415,25.48095881017401,-0.32880334742709083,0.888706255863429,25.108671899010805,-1.482702520709075,,,,
PLS–RBF-SVR,K,180,1,1,PLS–RBF-SVR,SNV + latent scores,0.0138147090037819,527030,0.6958924076178998,0.8928369987311674,0.30351225782023006,0.7484040202160559,1.116111083405019,20.0046472070405,,,,
PLS–RBF-SVR,K,180,1,2,PLS–RBF-SVR,SNV + latent scores,0.010026625008322299,527306,0.8566922919079922,1.1706385153101564,0.06216509724408703,0.5402777985930433,1.2378774138601372,5.431789755360851,,,,
PLS–RBF-SVR,K,180,1,3,PLS–RBF-SVR,SNV + latent scores,0.015715999994426966,528134,1.213904480329765,2.2753356126479813,0.17536137965913923,1.132149466514124,2.9421086257266738,22.663099766209537,,,,
PLS–RBF-SVR,K,180,1,4,PLS–RBF-SVR,SNV + latent scores,0.015628791006747633,527214,0.7544537135405925,1.1263791768436804,-0.7980237640713275,1.2440371136179726,0.9615962413172957,-17.136395552113193,,,,
PLS–RBF-SVR,K,180,1,5,PLS–RBF-SVR,SNV + latent scores,0.012009124999167398,527306,1.2359879551618584,2.526539177830866,0.20269157625775913,0.6387616989706695,3.072418483620291,17.76708832796125,,,,
PLS–Cubist,N,180,1,1,PLS–Cubist,SNV + latent scores,0.05320008299895562,546842,0.15639907202233644,0.2255683153547275,0.8773966983352475,1.467050013117299,0.6916219281567669,67.38560387235164,,,,
PLS–Cubist,N,180,1,2,PLS–Cubist,SNV + latent scores,0.03640066701336764,550100,0.09340560187115853,0.13926566486990985,0.932504229668205,3.211721284049541,0.576821378415556,75.8563621111873,,,,
PLS–Cubist,N,180,1,3,PLS–Cubist,SNV + latent scores,0.030629832996055484,548671,0.15819826128987177,0.2737350329779189,0.7990720292349242,1.3718466939169307,0.650985442184471,57.95066752040361,,,,
PLS–Cubist,N,180,1,4,PLS–Cubist,SNV + latent scores,0.03775229200255126,548349,0.16161957926049092,0.28182657793792687,0.8531053316447658,1.6531354260797053,0.8351058963933787,66.25259393388696,,,,
PLS–Cubist,N,180,1,5,PLS–Cubist,SNV + latent scores,0.04193845798727125,546934,0.17643948966795098,0.3728441881087021,0.6888054691539844,1.641986168821579,0.746426566991598,50.049448318618204,,,,
PLS–Cubist,P,180,1,1,PLS–Cubist,SNV + latent scores,0.05831970801227726,541765,18.479294861562515,28.218036452425086,-0.06100774626523009,0.7155363213893914,30.250128050293444,6.717629738590961,,,,
PLS–Cubist,P,180,1,2,PLS–Cubist,SNV + latent scores,0.0408375000115484,541964,15.422161541710405,31.637288845099743,0.04826879213175639,0.48434515280450197,34.3069708707689,7.781748017700531,,,,
PLS–Cubist,P,180,1,3,PLS–Cubist,SNV + latent scores,0.03195887498441152,546592,12.797509430036524,18.933116689284137,0.15617062407402893,1.2423325692231466,23.760761708218833,20.317719937676983,,,,
PLS–Cubist,P,180,1,4,PLS–Cubist,SNV + latent scores,0.028515082987723872,550542,13.251623824484044,18.89738850427305,-1.8808431467731954,0.5389671963243475,11.248716642473275,-67.99595104849266,,,,
PLS–Cubist,P,180,1,5,PLS–Cubist,SNV + latent scores,0.037192707997746766,546436,17.732212396629922,25.459227602346864,-0.3265377978152204,0.8894648279868689,25.108671899010805,-1.3961539054953769,,,,
PLS–Cubist,K,180,1,1,PLS–Cubist,SNV + latent scores,0.029994415992405266,543686,0.6650624642657483,1.0608781518856572,0.01666809461065555,0.6298581963068489,1.116111083405019,4.948694833390403,,,,
PLS–Cubist,K,180,1,2,PLS–Cubist,SNV + latent scores,0.03126512499875389,546490,0.6414438040142132,1.012089044776876,0.2989996709678855,0.6249153701089942,1.2378774138601372,18.23996193445146,,,,
PLS–Cubist,K,180,1,3,PLS–Cubist,SNV + latent scores,0.02882083397707902,541693,1.204951919885388,2.3336344164890814,0.13256211869779,1.1038661333575908,2.9421086257266738,20.681568447776286,,,,
PLS–Cubist,K,180,1,4,PLS–Cubist,SNV + latent scores,0.029697999998461455,551504,0.597301729880249,0.8664407769691953,-0.06390773740781186,1.617257101981731,0.9615962413172957,9.895573657582775,,,,
PLS–Cubist,K,180,1,5,PLS–Cubist,SNV + latent scores,0.0288569170224946,548089,1.3429776902267674,2.746805440759263,0.05761128596308418,0.5875394135309072,3.072418483620291,10.597939199914965,,,,
PLS–Extra Trees,N,180,1,1,PLS–Extra Trees,SNV + latent scores,0.12282237500767224,2460376,0.20077250774308175,0.406775299418288,0.6012918432860448,0.8135203894465435,0.6916219281567669,41.18530907451419,,,,
PLS–Extra Trees,N,180,1,2,PLS–Extra Trees,SNV + latent scores,0.17623404099140316,2466568,0.16607625197040654,0.2460870201709521,0.7892508364665833,1.8175785934962398,0.576821378415556,57.33739605024399,,,,
PLS–Extra Trees,N,180,1,3,PLS–Extra Trees,SNV + latent scores,0.13089341699378565,2465560,0.16887819643729277,0.29437050956802957,0.7676363272404111,1.2756797566137177,0.650985442184471,54.78078456251972,,,,
PLS–Extra Trees,N,180,1,4,PLS–Extra Trees,SNV + latent scores,0.11144208299810998,2457208,0.18454959663647727,0.33011372807923345,0.7984562620588072,1.4113242206279162,0.8351058963933787,60.470435006516524,,,,
PLS–Extra Trees,N,180,1,5,PLS–Extra Trees,SNV + latent scores,0.10709974999190308,2472760,0.16929407504383323,0.28487175314996516,0.8183330282056779,2.149054770192384,0.746426566991598,61.83526072790872,,,,
PLS–Extra Trees,P,180,1,1,PLS–Extra Trees,SNV + latent scores,0.10454583298997022,2471176,17.108305395467383,29.855750753776295,-0.1877388638534705,0.6762861254609764,30.250128050293444,1.303721081317285,,,,
PLS–Extra Trees,P,180,1,2,PLS–Extra Trees,SNV + latent scores,0.11536295802216046,2473768,13.859338562771258,32.528181603475446,-0.006086596186576809,0.47107974515128714,34.3069708707689,5.184920796400197,,,,
PLS–Extra Trees,P,180,1,3,PLS–Extra Trees,SNV + latent scores,0.11274937499547377,2469016,13.447208818136012,20.905960521420486,-0.028846700190066743,1.1250967146857414,23.760761708218833,12.014771335427657,,,,
PLS–Extra Trees,P,180,1,4,PLS–Extra Trees,SNV + latent scores,0.1135753339913208,2475496,7.437335132760241,10.717589627347595,0.0733616336611228,0.9503137229672618,11.248716642473275,4.721667653359078,,,,
PLS–Extra Trees,P,180,1,5,PLS–Extra Trees,SNV + latent scores,0.10700912500033155,2465560,15.174845651845683,24.000072244551724,-0.1788384151442144,0.9435424722582108,25.108671899010805,4.415206263867566,,,,
PLS–Extra Trees,K,180,1,1,PLS–Extra Trees,SNV + latent scores,0.12017075001494959,2474200,0.5550411222396462,0.6920546881754212,0.5815438551338049,0.9655346761825101,1.116111083405019,37.99410305432067,,,,
PLS–Extra Trees,K,180,1,2,PLS–Extra Trees,SNV + latent scores,0.11889041698304936,2464552,0.6023836411409756,1.0559891660007117,0.23686794009892886,0.5989360690084709,1.2378774138601372,14.693558976266797,,,,
PLS–Extra Trees,K,180,1,3,PLS–Extra Trees,SNV + latent scores,0.1112221670045983,2465560,1.340477026820329,2.4545156629158593,0.040368804888133325,1.0495023677868074,2.9421086257266738,16.572908238232824,,,,
PLS–Extra Trees,K,180,1,4,PLS–Extra Trees,SNV + latent scores,0.10373791598249227,2465992,0.5418780656581161,0.6915643074464323,0.3222159533203943,2.0262143157359804,0.9615962413172957,28.081633669963736,,,,
PLS–Extra Trees,K,180,1,5,PLS–Extra Trees,SNV + latent scores,0.10976279198075645,2463256,1.2817942128793467,2.7532750317851487,0.05316681421442604,0.5861588250777918,3.072418483620291,10.38736921863226,,,,
PCA–Gaussian Process,N,180,1,1,PCA–Gaussian Process,SNV + latent scores,0.027615291997790337,527108,0.2561088834338834,0.533763576927879,0.3134947803762351,0.6199748621002538,0.6916219281567669,22.824370483682358,,,,
PCA–Gaussian Process,N,180,1,2,PCA–Gaussian Process,SNV + latent scores,0.008915708982385695,527108,0.2447021730346638,0.3503166236405082,0.5729193082270043,1.2767949615174337,0.576821378415556,39.26774617772026,,,,
PCA–Gaussian Process,N,180,1,3,PCA–Gaussian Process,SNV + latent scores,0.008725166990188882,527108,0.2220051979293121,0.4176992411468082,0.5321495994905618,0.8990260527383043,0.650985442184471,35.8358552926835,,,,
PCA–Gaussian Process,N,180,1,4,PCA–Gaussian Process,SNV + latent scores,0.00846320900018327,527108,0.27689757222066613,0.47129217874938695,0.5892074075916728,0.9885534303503568,0.8351058963933787,43.56498010793788,,,,
PCA–Gaussian Process,N,180,1,5,PCA–Gaussian Process,SNV + latent scores,0.009465082985116169,527108,0.21893506882621402,0.3664543040952535,0.6993807033992359,1.6706175726643064,0.746426566991598,50.90551163362083,,,,
PCA–Gaussian Process,P,180,1,1,PCA–Gaussian Process,SNV + latent scores,0.011753083002986386,527108,16.868945068930582,28.88645146894048,-0.11186833860897161,0.6989792436675706,30.250128050293444,4.508002673858886,,,,
PCA–Gaussian Process,P,180,1,2,PCA–Gaussian Process,SNV + latent scores,0.01022974998340942,527108,14.472354856213773,32.649648209858995,-0.013614474412173116,0.4693271854418605,34.3069708707689,4.830862704704773,,,,
PCA–Gaussian Process,P,180,1,3,PCA–Gaussian Process,SNV + latent scores,0.008877084008418024,527108,14.264328671634694,23.10282024723678,-0.2564361265646673,1.0181106569797798,23.760761708218833,2.769025122433134,,,,
PCA–Gaussian Process,P,180,1,4,PCA–Gaussian Process,SNV + latent scores,0.009221791988238692,527108,7.93789079840573,10.322160216182766,0.14047755702886655,0.9867190865757108,11.248716642473275,8.236996768075624,,,,
PCA–Gaussian Process,P,180,1,5,PCA–Gaussian Process,SNV + latent scores,0.010501083015697077,527108,15.144441258671513,24.324119680344147,-0.21088652137797848,0.9309725407369648,25.108671899010805,3.124626510801499,,,,
PCA–Gaussian Process,K,180,1,1,PCA–Gaussian Process,SNV + latent scores,0.008678583020810038,527108,0.6872516424811566,0.9124758284946285,0.2725354120758249,0.7322964383072168,1.116111083405019,18.24507057927804,,,,
PCA–Gaussian Process,K,180,1,2,PCA–Gaussian Process,SNV + latent scores,0.009131291997618973,527108,0.7611951112572384,1.0822191512409483,0.19848583107397377,0.5844195228616732,1.2378774138601372,12.574610448201952,,,,
PCA–Gaussian Process,K,180,1,3,PCA–Gaussian Process,SNV + latent scores,0.00841720899916254,527108,1.427264656168303,2.5962049976061468,-0.07362027615676037,0.9922251911444748,2.9421086257266738,11.756997178684795,,,,
PCA–Gaussian Process,K,180,1,4,PCA–Gaussian Process,SNV + latent scores,0.008594874991104007,527108,0.682681411302751,0.8826664679618423,-0.10412808695484643,1.587527736536352,0.9615962413172957,8.208203190075604,,,,
PCA–Gaussian Process,K,180,1,5,PCA–Gaussian Process,SNV + latent scores,0.009066416008863598,527108,1.3306195161068115,2.8391123900293858,-0.006791287138195878,0.5684369746737988,3.072418483620291,7.5935649663191676,,,,
PLS–Cascade Forest,N,180,1,1,PLS–Cascade Forest,SNV + latent scores,0.8724410829890985,2045762,0.17731959232168307,0.3244858282177109,0.7462900840240148,1.019828822163451,0.6916219281567669,53.083351610540454,,,,
PLS–Cascade Forest,N,180,1,2,PLS–Cascade Forest,SNV + latent scores,0.8456237079808488,2048930,0.13483992097895917,0.19397550147790077,0.8690570227663073,2.3058710847099313,0.576821378415556,66.37165182560966,,,,
PLS–Cascade Forest,N,180,1,3,PLS–Cascade Forest,SNV + latent scores,0.8939919999975245,2045330,0.15861977726729432,0.2785481018982103,0.7919440981038708,1.348142376275201,0.650985442184471,57.2113162832791,,,,
PLS–Cascade Forest,N,180,1,4,PLS–Cascade Forest,SNV + latent scores,0.9485992920235731,2051378,0.16806822793455253,0.3008585859756306,0.8325955653663013,1.5485597610225341,0.8351058963933787,63.97360056072332,,,,
PLS–Cascade Forest,N,180,1,5,PLS–Cascade Forest,SNV + latent scores,0.9130034579720814,2040722,0.1539775156491141,0.29937492907533575,0.7993643717832992,2.0449441170337366,0.746426566991598,59.892246295313655,,,,
PLS–Cascade Forest,P,180,1,1,PLS–Cascade Forest,SNV + latent scores,1.0922084590129089,2047202,17.519906234069968,29.782458317915005,-0.1819144969800437,0.6779504157940687,30.250128050293444,1.546009099865291,,,,
PLS–Cascade Forest,P,180,1,2,PLS–Cascade Forest,SNV + latent scores,0.8550567500060424,2048498,14.510209511661536,32.906997742316754,-0.029656377951145618,0.46565680710200175,34.3069708707689,4.080724974891289,,,,
PLS–Cascade Forest,P,180,1,3,PLS–Cascade Forest,SNV + latent scores,1.070657709002262,2045474,14.269584112719514,22.020163672560376,-0.14143583381298352,1.0681676961970141,23.760761708218833,7.3255144638582275,,,,
PLS–Cascade Forest,P,180,1,4,PLS–Cascade Forest,SNV + latent scores,0.8235774169734214,2042450,7.813108723125099,10.76212078875447,0.06564534486355766,0.9463815450429216,11.248716642473275,4.325789947286081,,,,
PLS–Cascade Forest,P,180,1,5,PLS–Cascade Forest,SNV + latent scores,0.8324780830007512,2044322,16.549394025496987,23.713737310283516,-0.15087774269235066,0.9549354116434403,25.108671899010805,5.5555888990777085,,,,
PLS–Cascade Forest,K,180,1,1,PLS–Cascade Forest,SNV + latent scores,1.0703464170219377,2052386,0.5525698410226685,0.7601808979073934,0.49510272793061627,0.8790049856388853,1.116111083405019,31.890211538062843,,,,
PLS–Cascade Forest,K,180,1,2,PLS–Cascade Forest,SNV + latent scores,0.9074708750122227,2038706,0.5931216293485945,0.9305247061166873,0.40743418857257563,0.6796917866259088,1.2378774138601372,24.82901007015033,,,,
PLS–Cascade Forest,K,180,1,3,PLS–Cascade Forest,SNV + latent scores,0.8381299159955233,2048210,1.3527286179407754,2.4686611570875234,0.029276129607831325,1.043488691270671,2.9421086257266738,16.092113815893292,,,,
PLS–Cascade Forest,K,180,1,4,PLS–Cascade Forest,SNV + latent scores,0.9489567909913603,2050082,0.46362636978618876,0.597592944907582,0.49389908283616013,2.3448360827230066,0.9615962413172957,37.854068138937784,,,,
PLS–Cascade Forest,K,180,1,5,PLS–Cascade Forest,SNV + latent scores,0.8667668749985751,2044466,1.4476932615987168,2.9299295432958266,-0.07223167409292386,0.5508174971101194,3.072418483620291,4.637680090915438,,,,
Tiny 1D CNN,N,180,1,1,Tiny 1D CNN,SNV + local convolutions,3.8732872499967925,207916,0.20673175739503577,0.4289994838428289,0.5565348328857684,0.7713762194670567,0.6916219281567669,37.97196613095393,14.0,0.7616722583770752,51619.0,mps
Tiny 1D CNN,P,180,1,1,Tiny 1D CNN,SNV + local convolutions,3.8732872499967925,207916,17.578348393498448,29.735970874254523,-0.1782276755758727,0.6790102830468348,30.250128050293444,1.6996859490448788,14.0,0.7616722583770752,51619.0,mps
Tiny 1D CNN,K,180,1,1,Tiny 1D CNN,SNV + local convolutions,3.8732872499967925,207916,0.7119934256414596,0.9900601535833108,0.1435691877676194,0.6749113140546322,1.116111083405019,11.293762036405322,14.0,0.7616722583770752,51619.0,mps
Tiny 1D CNN,N,180,1,2,Tiny 1D CNN,SNV + local convolutions,1.3201648329850286,207916,0.20785211436904139,0.3410341021464981,0.5952526047009509,1.311547722602418,0.576821378415556,40.87700024515927,15.0,0.4629020690917969,51619.0,mps
Tiny 1D CNN,P,180,1,2,Tiny 1D CNN,SNV + local convolutions,1.3201648329850286,207916,14.98212635431502,33.56907681773256,-0.07150594986849845,0.4564727109774306,34.3069708707689,2.1508574913708327,15.0,0.4629020690917969,51619.0,mps
Tiny 1D CNN,K,180,1,2,Tiny 1D CNN,SNV + local convolutions,1.3201648329850286,207916,0.6055200349305595,1.0797282547587337,0.20217120516116927,0.5857677588897828,1.2378774138601372,12.775833643190788,15.0,0.4629020690917969,51619.0,mps
Tiny 1D CNN,N,180,1,3,Tiny 1D CNN,SNV + local convolutions,3.2770647919969633,207916,0.1945695365304024,0.39705923312535585,0.5772435600913165,0.9457593947486509,0.650985442184471,39.00643433853619,72.0,0.4031839370727539,51619.0,mps
Tiny 1D CNN,P,180,1,3,Tiny 1D CNN,SNV + local convolutions,3.2770647919969633,207916,16.036320036578978,23.50731946539406,-0.300818294087589,1.0005916469815461,23.760761708218833,1.06664191130333,72.0,0.4031839370727539,51619.0,mps
Tiny 1D CNN,K,180,1,3,Tiny 1D CNN,SNV + local convolutions,3.2770647919969633,207916,1.4477653686805523,2.604236018473436,-0.08027275758803865,0.9891653374451153,2.9421086257266738,11.48402898175748,72.0,0.4031839370727539,51619.0,mps
Tiny 1D CNN,N,180,1,4,Tiny 1D CNN,SNV + local convolutions,2.7925608750083484,207916,0.16834386087967423,0.28560780441363726,0.8491371597582973,1.6312491913745277,0.8351058963933787,65.79980986278403,51.0,0.6163235306739807,51619.0,mps
Tiny 1D CNN,P,180,1,4,Tiny 1D CNN,SNV + local convolutions,2.7925608750083484,207916,6.049029661119096,9.070095790117719,0.3363489635270299,1.1229288792183538,11.248716642473275,19.367728084903902,51.0,0.6163235306739807,51619.0,mps
Tiny 1D CNN,K,180,1,4,Tiny 1D CNN,SNV + local convolutions,2.7925608750083484,207916,0.5679397778985943,0.7746530418310649,0.14956590709156936,1.8088840091401643,0.9615962413172957,19.440924522555992,51.0,0.6163235306739807,51619.0,mps
Tiny 1D CNN,N,180,1,5,Tiny 1D CNN,SNV + local convolutions,1.9983272499812301,207916,0.13980055061316243,0.20810691392948127,0.9030494631227991,2.94178116642223,0.746426566991598,72.11957302534977,34.0,0.6473898887634277,51619.0,mps
Tiny 1D CNN,P,180,1,5,Tiny 1D CNN,SNV + local convolutions,1.9983272499812301,207916,14.783268772936326,24.098938838599487,-0.18857070202377546,0.9396715619581207,25.108671899010805,4.021451490833721,34.0,0.6473898887634277,51619.0,mps
Tiny 1D CNN,K,180,1,5,Tiny 1D CNN,SNV + local convolutions,1.9983272499812301,207916,1.3006208740183105,2.820107832266062,0.00664219619569395,0.5722676414293025,3.072418483620291,8.212118651783602,34.0,0.6473898887634277,51619.0,mps
PLS–RBF-SVR,N,240,1,1,PLS–RBF-SVR,SNV + latent scores,0.03516070800833404,532226,0.21746142826992867,0.47607590816880735,0.33570249546248343,0.684838267187413,0.625093962057851,23.839304638052532,,,,
PLS–RBF-SVR,N,240,1,2,PLS–RBF-SVR,SNV + latent scores,0.012718416983261704,531214,0.13677113182509262,0.2648756635368255,0.8148248867259165,1.3670470709350684,0.6589564844190157,59.80377008197146,,,,
PLS–RBF-SVR,N,240,1,3,PLS–RBF-SVR,SNV + latent scores,0.009876250027446076,531214,0.1547974023189707,0.21844543138260175,0.8709143518591443,0.9187534787508707,0.6376666221728515,65.7430036657324,,,,
PLS–RBF-SVR,N,240,1,4,PLS–RBF-SVR,SNV + latent scores,0.011017500015441328,530477,0.2177932428860835,0.3237019977377311,0.7724721734866333,2.7811613962587036,0.7633695205910916,57.595635009492845,,,,
PLS–RBF-SVR,N,240,1,5,PLS–RBF-SVR,SNV + latent scores,0.013796458981232718,531214,0.1806720778418339,0.35135641072814094,0.7593558118097313,1.3650170748445294,0.8116903067839873,56.712996595923826,,,,
PLS–RBF-SVR,P,240,1,1,PLS–RBF-SVR,SNV + latent scores,0.014789625012781471,540690,11.915584288652392,18.424419602061874,-0.3870073853135878,0.8053160056308932,17.498986403504315,-5.288496014673365,,,,
PLS–RBF-SVR,P,240,1,2,PLS–RBF-SVR,SNV + latent scores,0.012603499984834343,540690,15.052683949973094,23.979229994779374,-0.1924548976207836,0.9787045916449132,25.2470488562233,5.0216517132908995,,,,
PLS–RBF-SVR,P,240,1,3,PLS–RBF-SVR,SNV + latent scores,0.013656583003466949,540782,12.163763164381981,21.217335396998077,-0.11302973722758813,0.4780586162310982,20.610192428961092,-2.9458384249913085,,,,
PLS–RBF-SVR,P,240,1,4,PLS–RBF-SVR,SNV + latent scores,0.013599124999018386,540966,19.447713512862233,36.583713248725445,0.035631015748926576,0.6012291549099735,40.55607139524463,9.794731121281535,,,,
PLS–RBF-SVR,P,240,1,5,PLS–RBF-SVR,SNV + latent scores,0.01317504100734368,541242,13.995307651963868,20.65715825133287,-0.3007598831383762,0.842340814176474,19.678449354469706,-4.9735061906230085,,,,
PLS–RBF-SVR,K,240,1,1,PLS–RBF-SVR,SNV + latent scores,0.014154584001516923,538298,1.0212599386008614,1.733424467146131,0.2499059420343439,0.5069017167646226,2.1151042945807097,18.04543768420845,,,,
PLS–RBF-SVR,K,240,1,2,PLS–RBF-SVR,SNV + latent scores,0.015356707997852936,539034,0.6209392934293763,0.952476780313641,0.6171881301814188,0.8813968144436631,1.6445064057924157,42.08129704093891,,,,
PLS–RBF-SVR,K,240,1,3,PLS–RBF-SVR,SNV + latent scores,0.012136667006416246,537102,0.9760569966970326,1.4900555145574683,-0.6085132304240422,0.8214526157191657,1.3319243619640457,-11.872382329597423,,,,
PLS–RBF-SVR,K,240,1,4,PLS–RBF-SVR,SNV + latent scores,0.014321333001134917,539034,0.8284574122120549,2.1133312665907473,0.1776714717398754,0.5757709703231613,2.4293565336210663,13.008599711762725,,,,
PLS–RBF-SVR,K,240,1,5,PLS–RBF-SVR,SNV + latent scores,0.01492462499300018,538298,1.0134262409487034,1.3983990291031283,0.03212140650937323,1.1195731457308817,1.578418199127671,11.405036391751695,,,,
PLS–Cubist,N,240,1,1,PLS–Cubist,SNV + latent scores,0.05243391697877087,568529,0.15470816287049743,0.3055641959558874,0.72633759329761,1.0669934642704928,0.625093962057851,51.117077671019295,,,,
PLS–Cubist,N,240,1,2,PLS–Cubist,SNV + latent scores,0.036746958998264745,561650,0.09567598561654751,0.17098041855017984,0.9228401711944837,2.1177717487791186,0.6589564844190157,74.0528513501269,,,,
PLS–Cubist,N,240,1,3,PLS–Cubist,SNV + latent scores,0.03605904200230725,567128,0.11619155400505866,0.19034222706224566,0.9019918209985031,1.0544034452973376,0.6376666221728515,70.15019754152196,,,,
PLS–Cubist,N,240,1,4,PLS–Cubist,SNV + latent scores,0.03979745801188983,566807,0.1446158735879233,0.25463541681523066,0.8592068983525041,3.5355156453088963,0.7633695205910916,66.64322979281889,,,,
PLS–Cubist,N,240,1,5,PLS–Cubist,SNV + latent scores,0.036057041987078264,569392,0.12700963198818424,0.22295896194392417,0.9030987273158657,2.1511021392386316,0.8116903067839873,72.53152340486683,,,,
PLS–Cubist,P,240,1,1,PLS–Cubist,SNV + latent scores,0.038626458001090214,560559,13.101352473889298,18.569517514698667,-0.4089396188034806,0.7990234527232827,17.498986403504315,-6.117674969905512,,,,
PLS–Cubist,P,240,1,2,PLS–Cubist,SNV + latent scores,0.03734516698750667,560082,14.424500568407202,22.152952537502724,-0.017735044719203952,1.0593884702398042,25.2470488562233,12.25527916684763,,,,
PLS–Cubist,P,240,1,3,PLS–Cubist,SNV + latent scores,0.038150499982293695,559020,11.731520669046562,18.39416020688808,0.1634632709484598,0.5514320787638726,20.610192428961092,10.752118058631417,,,,
PLS–Cubist,P,240,1,4,PLS–Cubist,SNV + latent scores,0.03543858401826583,555713,17.3911423873737,34.344664305750825,0.15006401433445737,0.6404253890557616,40.55607139524463,15.315603498572885,,,,
PLS–Cubist,P,240,1,5,PLS–Cubist,SNV + latent scores,0.037457583006471395,562286,13.823684215701398,23.39485648070066,-0.6683868254219971,0.7437689354646927,19.678449354469706,-18.88567060994987,,,,
PLS–Cubist,K,240,1,1,PLS–Cubist,SNV + latent scores,0.037663708004402,563583,0.9758313095567083,1.8458720469169556,0.14943194712011043,0.4760220730065078,2.1151042945807097,12.729029407844196,,,,
PLS–Cubist,K,240,1,2,PLS–Cubist,SNV + latent scores,0.036835708015132695,556642,0.6529221697184752,1.0905766751199477,0.498132571104136,0.7697853980855275,1.6445064057924157,33.68364688160357,,,,
PLS–Cubist,K,240,1,3,PLS–Cubist,SNV + latent scores,0.039056124980561435,565814,0.7701231673838742,1.2308299998256018,-0.09752869905431427,0.9944590237266168,1.3319243619640457,7.590097833286188,,,,
PLS–Cubist,K,240,1,4,PLS–Cubist,SNV + latent scores,0.03554350000922568,553997,0.7394315645809854,2.1629139052425232,0.1386321348690841,0.5625719965228081,2.4293565336210663,10.967621454122183,,,,
PLS–Cubist,K,240,1,5,PLS–Cubist,SNV + latent scores,0.03597958298632875,560340,0.7040451779159248,0.9570742376293307,0.5466329956102478,1.6358292162142094,1.578418199127671,39.36497702837767,,,,
PLS–Extra Trees,N,240,1,1,PLS–Extra Trees,SNV + latent scores,0.1111367080011405,3051570,0.1925119764973371,0.3935227886180729,0.5461106568278351,0.8285034804335766,0.625093962057851,37.04581830824767,,,,
PLS–Extra Trees,N,240,1,2,PLS–Extra Trees,SNV + latent scores,0.10160424999776296,3038322,0.12259079740090682,0.22557565921482226,0.8656978472574348,1.605215302308677,0.6589564844190157,65.76774573912779,,,,
PLS–Extra Trees,N,240,1,3,PLS–Extra Trees,SNV + latent scores,0.10499441702268086,3041346,0.13255040409212815,0.2154244062341674,0.8744600832080494,0.9316377076692081,0.6376666221728515,66.21676613712226,,,,
PLS–Extra Trees,N,240,1,4,PLS–Extra Trees,SNV + latent scores,0.11871399998199195,3049986,0.18039140068963552,0.28925876458236993,0.8183159456123015,3.112325745080882,0.7633695205910916,62.10763506009628,,,,
PLS–Extra Trees,N,240,1,5,PLS–Extra Trees,SNV + latent scores,0.10393754200777039,3036306,0.16076555699055717,0.2823071828016827,0.8446456315241322,1.6988852187190655,0.8116903067839873,65.21984056699937,,,,
PLS–Extra Trees,P,240,1,1,PLS–Extra Trees,SNV + latent scores,0.11822058301186189,3034722,11.210662211342504,16.454334483869324,-0.10624618183593348,0.901736865416564,17.498986403504315,5.969785309541074,,,,
PLS–Extra Trees,P,240,1,2,PLS–Extra Trees,SNV + latent scores,0.1136126659985166,3043362,14.478700107772923,23.33695748701522,-0.1294316800495905,1.0056401959449093,25.2470488562233,7.565602538679494,,,,
PLS–Extra Trees,P,240,1,3,PLS–Extra Trees,SNV + latent scores,0.11087904099258594,3041778,10.13591818273756,19.10939496331399,0.0971430241182315,0.5307928387828433,20.610192428961092,7.281821704576656,,,,
PLS–Extra Trees,P,240,1,4,PLS–Extra Trees,SNV + latent scores,0.11307129097986035,3044082,18.29804576214655,38.61286776447128,-0.07431535024958325,0.5696338105256809,40.55607139524463,4.791400063964765,,,,
PLS–Extra Trees,P,240,1,5,PLS–Extra Trees,SNV + latent scores,0.13312779099214822,3043650,11.509866545612448,18.414387476735225,-0.033642923883024034,0.94493327687297,19.678449354469706,6.423584780308746,,,,
PLS–Extra Trees,K,240,1,1,PLS–Extra Trees,SNV + latent scores,0.10255237499950454,3036306,0.9461664750567772,1.9569933958848416,0.04394120576386373,0.4489927457731085,2.1151042945807097,7.475323987615062,,,,
PLS–Extra Trees,K,240,1,2,PLS–Extra Trees,SNV + latent scores,0.1217741250002291,3040338,0.6241392403239963,1.128206408333536,0.4629017644938913,0.7441102920519952,1.6445064057924157,31.3954385121472,,,,
PLS–Extra Trees,K,240,1,3,PLS–Extra Trees,SNV + latent scores,0.11428920799517073,3045522,0.628402727063296,0.9544231326235416,0.34006425381987915,1.2824605336580759,1.3319243619640457,28.342542573802284,,,,
PLS–Extra Trees,K,240,1,4,PLS–Extra Trees,SNV + latent scores,0.12072083400562406,3038754,0.8024786180957756,2.193510531328822,0.11408991035167593,0.5547248470432916,2.4293565336210663,9.70816753441723,,,,
PLS–Extra Trees,K,240,1,5,PLS–Extra Trees,SNV + latent scores,0.11634929201682098,3036450,0.833151904135306,1.2056240809518364,0.28058003658806363,1.298588859276895,1.578418199127671,23.618209570940262,,,,
PCA–Gaussian Process,N,240,1,1,PCA–Gaussian Process,SNV + latent scores,0.03313437500037253,664584,0.19576288673670886,0.46068632967357576,0.37795634801007083,0.7077158122556308,0.625093962057851,26.301267067599614,,,,
PCA–Gaussian Process,N,240,1,2,PCA–Gaussian Process,SNV + latent scores,0.011921083001652732,664584,0.2072635243634504,0.3913970298342686,0.5956722445249405,0.925141154375456,0.6589564844190157,40.603508867607104,,,,
PCA–Gaussian Process,N,240,1,3,PCA–Gaussian Process,SNV + latent scores,0.011649916996248066,664584,0.21755701202846522,0.3405210555924018,0.6863249547644483,0.5893835247598658,0.6376666221728515,46.59888980356617,,,,
PCA–Gaussian Process,N,240,1,4,PCA–Gaussian Process,SNV + latent scores,0.010375208017649129,664584,0.2748498778178094,0.40575021017810603,0.6425121666121734,2.2187727262170074,0.7633695205910916,46.847470427699825,,,,
PCA–Gaussian Process,N,240,1,5,PCA–Gaussian Process,SNV + latent scores,0.008937458012951538,664584,0.21770530755801368,0.4155835364932884,0.6633363073901684,1.1540579880688935,0.8116903067839873,48.800234150894404,,,,
PCA–Gaussian Process,P,240,1,1,PCA–Gaussian Process,SNV + latent scores,0.008701166982064024,664584,11.416788822740935,17.264220378558623,-0.217825558302021,0.8594352756541196,17.498986403504315,1.3415978476254968,,,,
PCA–Gaussian Process,P,240,1,2,PCA–Gaussian Process,SNV + latent scores,0.008776375005254522,664584,14.84505650684495,23.308705282220874,-0.1266987085099749,1.0068591204806676,25.2470488562233,7.6775055375418,,,,
PCA–Gaussian Process,P,240,1,3,PCA–Gaussian Process,SNV + latent scores,0.0117888750100974,664584,11.27001323702501,20.281776321095357,-0.017037723708911212,0.500110534669983,20.610192428961092,1.593464539439477,,,,
PCA–Gaussian Process,P,240,1,4,PCA–Gaussian Process,SNV + latent scores,0.012627124990103766,664584,18.197876264859573,37.643706742667206,-0.021062740334226726,0.5842993929997223,40.55607139524463,7.181081777360986,,,,
PCA–Gaussian Process,P,240,1,5,PCA–Gaussian Process,SNV + latent scores,0.01152925001224503,664584,11.59047020442704,18.672617070563884,-0.06283626156509592,0.9318654923540685,19.678449354469706,5.111339139520968,,,,
PCA–Gaussian Process,K,240,1,1,PCA–Gaussian Process,SNV + latent scores,0.010937999992165715,664584,0.9793249642395061,1.9630625140041917,0.038002063454055324,0.4476046137144559,2.1151042945807097,7.188382197798815,,,,
PCA–Gaussian Process,K,240,1,2,PCA–Gaussian Process,SNV + latent scores,0.010885208001127467,664584,0.7318046666004854,1.3320317018866854,0.2513036374369433,0.630247762730362,1.6445064057924157,19.001124155254498,,,,
PCA–Gaussian Process,K,240,1,3,PCA–Gaussian Process,SNV + latent scores,0.008730917004868388,664584,0.715351641421134,1.0299812138717293,0.23143899366061782,1.1883808981320259,1.3319243619640457,22.669691816964242,,,,
PCA–Gaussian Process,K,240,1,4,PCA–Gaussian Process,SNV + latent scores,0.00974883302114904,664584,0.9085128756017039,2.2767012348588986,0.0456178975428001,0.5344551912867226,2.4293565336210663,6.283775009945864,,,,
PCA–Gaussian Process,K,240,1,5,PCA–Gaussian Process,SNV + latent scores,0.013022500002989545,664584,0.899813622368472,1.3327131896955848,0.12091261287998112,1.1747538871117595,1.578418199127671,15.566534240917742,,,,
PLS–Cascade Forest,N,240,1,1,PLS–Cascade Forest,SNV + latent scores,0.8458229170064442,2544560,0.18943182024963376,0.36889350767091617,0.6011475760063064,0.8838187531639903,0.625093962057851,40.985910909058504,,,,
PLS–Cascade Forest,N,240,1,2,PLS–Cascade Forest,SNV + latent scores,0.8623942919948604,2529152,0.1033852210330956,0.178041253224377,0.9163357756912462,2.0337842687709324,0.6589564844190157,72.98133375508836,,,,
PLS–Cascade Forest,N,240,1,3,PLS–Cascade Forest,SNV + latent scores,0.8561370419920422,2549168,0.12541675719344422,0.21197367971259054,0.8784497363676208,0.9468038686318054,0.6376666221728515,66.75791513278689,,,,
PLS–Cascade Forest,N,240,1,4,PLS–Cascade Forest,SNV + latent scores,0.8521512500010431,2544416,0.1636111901591715,0.28818598544379104,0.8196610764079784,3.123911451188843,0.7633695205910916,62.248167149686154,,,,
PLS–Cascade Forest,N,240,1,5,PLS–Cascade Forest,SNV + latent scores,0.8523267910059076,2537936,0.15311945573814237,0.26193424501036333,0.8662591200570977,1.8310225147575663,0.8116903067839873,67.72978033356371,,,,
PLS–Cascade Forest,P,240,1,1,PLS–Cascade Forest,SNV + latent scores,0.8906522500037681,2547440,11.728646947282405,17.041216473966063,-0.1865671713361643,0.8706819740637224,17.498986403504315,2.6159796858095703,,,,
PLS–Cascade Forest,P,240,1,2,PLS–Cascade Forest,SNV + latent scores,0.9368001249968074,2537216,14.97329486832916,23.69909985714732,-0.1647566455203202,0.9902731598019829,25.2470488562233,6.13120768249481,,,,
PLS–Cascade Forest,P,240,1,3,PLS–Cascade Forest,SNV + latent scores,0.9096265829866752,2545136,10.19360379363708,19.031628892738535,0.10447646147666445,0.5329617373881267,20.610192428961092,7.659140212608527,,,,
PLS–Cascade Forest,P,240,1,4,PLS–Cascade Forest,SNV + latent scores,0.8413939999882132,2544704,18.784817034299532,38.30375860876505,-0.057183677807815636,0.5742307230123062,40.55607139524463,5.553577328852596,,,,
PLS–Cascade Forest,P,240,1,5,PLS–Cascade Forest,SNV + latent scores,0.8392609580187127,2540096,11.985420639505074,19.029753694884022,-0.10388114536077153,0.9143769162224065,19.678449354469706,3.296477521682068,,,,
PLS–Cascade Forest,K,240,1,1,PLS–Cascade Forest,SNV + latent scores,0.8401079589966685,2537936,0.9559879936145395,1.9456061890172671,0.05503492281691136,0.4516206019687866,2.1151042945807097,8.013699655271289,,,,
PLS–Cascade Forest,K,240,1,2,PLS–Cascade Forest,SNV + latent scores,0.8184307500196155,2534048,0.6218443732099984,1.1314280733490285,0.4598299486534646,0.7419914882570037,1.6445064057924157,31.199533831925525,,,,
PLS–Cascade Forest,K,240,1,3,PLS–Cascade Forest,SNV + latent scores,0.8318365000013728,2548304,0.6849430858152514,1.008655163629327,0.2629360477892737,1.213506899221917,1.3319243619640457,24.27083756152852,,,,
PLS–Cascade Forest,K,240,1,4,PLS–Cascade Forest,SNV + latent scores,0.8217974579893053,2543984,0.8172379438834637,2.1850472800284195,0.12091295989890216,0.5568734393534056,2.4293565336210663,10.056541730764101,,,,
PLS–Cascade Forest,K,240,1,5,PLS–Cascade Forest,SNV + latent scores,0.8437827080197167,2546000,0.7557652490573937,1.0834699349937291,0.418978254805058,1.4449962564111773,1.578418199127671,31.35723247536553,,,,
Tiny 1D CNN,N,240,1,1,Tiny 1D CNN,SNV + local convolutions,4.0542403330036905,207916,0.1552435301932528,0.3291722162793205,0.6824175059671207,0.9904693770489477,0.625093962057851,47.34036220800092,22.0,0.7263167500495911,51619.0,mps
Tiny 1D CNN,P,240,1,1,Tiny 1D CNN,SNV + local convolutions,4.0542403330036905,207916,10.837705657246227,17.34366134798361,-0.22905894463271292,0.8554987151963169,17.498986403504315,0.887623156788102,22.0,0.7263167500495911,51619.0,mps
Tiny 1D CNN,K,240,1,1,Tiny 1D CNN,SNV + local convolutions,4.0542403330036905,207916,0.993152326427636,2.026264261595674,-0.02493907290493258,0.43364325914045476,2.1151042945807097,4.2002672498306834,22.0,0.7263167500495911,51619.0,mps
Tiny 1D CNN,N,240,1,2,Tiny 1D CNN,SNV + local convolutions,1.5449747500242665,207916,0.1593230430722665,0.3110634138174734,0.7446144201554341,1.164063287148493,0.6589564844190157,52.79454392322587,15.0,0.7301943302154541,51619.0,mps
Tiny 1D CNN,P,240,1,2,Tiny 1D CNN,SNV + local convolutions,1.5449747500242665,207916,14.833046033021157,24.466596755374802,-0.24141967373194229,0.9592091100632719,25.2470488562233,3.0912607065206403,15.0,0.7301943302154541,51619.0,mps
Tiny 1D CNN,K,240,1,2,Tiny 1D CNN,SNV + local convolutions,1.5449747500242665,207916,0.6752815606215578,1.3915888519480644,0.18285621288595744,0.6032744505137293,1.6445064057924157,15.379542028751262,15.0,0.7301943302154541,51619.0,mps
Tiny 1D CNN,N,240,1,3,Tiny 1D CNN,SNV + local convolutions,2.388853791024303,207916,0.13946962950715958,0.2067366172720859,0.8843816308959799,0.9707883520985648,0.6376666221728515,67.57920046565553,30.0,0.4068297743797302,51619.0,mps
Tiny 1D CNN,P,240,1,3,Tiny 1D CNN,SNV + local convolutions,2.388853791024303,207916,10.845700152207156,20.369353695417423,-0.025839891182848573,0.49796032567699683,20.610192428961092,1.16854189680076,30.0,0.4068297743797302,51619.0,mps
Tiny 1D CNN,K,240,1,3,Tiny 1D CNN,SNV + local convolutions,2.388853791024303,207916,0.6746701162698994,1.134706893173573,0.06720303250791893,1.0787014755649027,1.3319243619640457,14.806957093243435,30.0,0.4068297743797302,51619.0,mps
Tiny 1D CNN,N,240,1,4,Tiny 1D CNN,SNV + local convolutions,5.142700166004943,207916,0.15539493579649774,0.27622721895258934,0.8343174764421222,3.2591556451738333,0.7633695205910916,63.81474351521118,84.0,0.46213003993034363,51619.0,mps
Tiny 1D CNN,P,240,1,4,Tiny 1D CNN,SNV + local convolutions,5.142700166004943,207916,18.08268270010527,38.92975106064923,-0.09202082094351671,0.5649970626766496,40.55607139524463,4.0100539294003,84.0,0.46213003993034363,51619.0,mps
Tiny 1D CNN,K,240,1,4,Tiny 1D CNN,SNV + local convolutions,5.142700166004943,207916,0.7970401017378711,2.1523495591410158,0.147025964252672,0.5653332604880605,2.4293565336210663,11.402483359128807,84.0,0.46213003993034363,51619.0,mps
Tiny 1D CNN,N,240,1,5,Tiny 1D CNN,SNV + local convolutions,2.338896333007142,207916,0.15351498369728525,0.28662486533291687,0.8398572282557235,1.6732934159181632,0.8116903067839873,64.68790338663051,31.0,0.5993689894676208,51619.0,mps
Tiny 1D CNN,P,240,1,5,Tiny 1D CNN,SNV + local convolutions,2.338896333007142,207916,11.482937535616557,19.212083596473317,-0.1251357302813827,0.9056991352668334,19.678449354469706,2.3699314391886266,31.0,0.5993689894676208,51619.0,mps
Tiny 1D CNN,K,240,1,5,Tiny 1D CNN,SNV + local convolutions,2.338896333007142,207916,0.8924365750339941,1.3185843241785171,0.1394532397215399,1.1873415839183292,1.578418199127671,16.46166238407246,31.0,0.5993689894676208,51619.0,mps
PLS–RBF-SVR,N,300,1,1,PLS–RBF-SVR,SNV + latent scores,0.02092300000367686,539998,0.14132381867447394,0.22747507677063425,0.8679710452594704,1.2859870371423652,0.6680419615868559,65.94898376887977,,,,
PLS–RBF-SVR,N,300,1,2,PLS–RBF-SVR,SNV + latent scores,0.015340374986408278,540274,0.18754359232853354,0.43053312220015005,0.6720002586447751,1.1494469867290216,0.8291878893090916,48.077736330798885,,,,
PLS–RBF-SVR,N,300,1,3,PLS–RBF-SVR,SNV + latent scores,0.017800500005250797,539354,0.15460075886507935,0.2565846531772501,0.8974524028910917,1.4548122632343659,0.881276691103859,70.88489281886483,,,,
PLS–RBF-SVR,N,300,1,4,PLS–RBF-SVR,SNV + latent scores,0.014156541001284495,540090,0.12404615495986158,0.17747360775808865,0.8681104088988427,1.9162990164913676,0.5213985372112638,65.9620050513915,,,,
PLS–RBF-SVR,N,300,1,5,PLS–RBF-SVR,SNV + latent scores,0.015370291977887973,539446,0.13095147105752689,0.19738136473379989,0.8991208059302227,2.078906995872712,0.6828521291514487,71.09456699225976,,,,
PLS–RBF-SVR,P,300,1,1,PLS–RBF-SVR,SNV + latent scores,0.01689974998589605,552050,13.13204936104163,20.518787769922717,-0.04017467882634862,0.9573963905986973,22.526477636302914,8.91257789519952,,,,
PLS–RBF-SVR,P,300,1,2,PLS–RBF-SVR,SNV + latent scores,0.017471416998887435,553154,12.545340138200268,21.102244237831187,-0.010585130249319175,0.6531761430042389,23.12186962055922,8.734697564993828,,,,
PLS–RBF-SVR,P,300,1,3,PLS–RBF-SVR,SNV + latent scores,0.018856792012229562,552694,13.106478728171632,24.282728195662468,-0.18027917080276334,0.6675638902425954,24.563418800971696,1.1427179888254182,,,,
PLS–RBF-SVR,P,300,1,4,PLS–RBF-SVR,SNV + latent scores,0.016522916994290426,552418,14.358125008899533,25.576716682708494,-0.2331496589934603,0.7160103944217711,25.28724986217221,-1.144714518636934,,,,
PLS–RBF-SVR,P,300,1,5,PLS–RBF-SVR,SNV + latent scores,0.017574833997059613,552418,10.189350619279613,18.0273650768915,0.500521427826247,0.46760424854354526,26.082682169643615,30.883775833941318,,,,
PLS–RBF-SVR,K,300,1,1,PLS–RBF-SVR,SNV + latent scores,0.017679041979135945,549566,0.6374938803309912,1.0089685384634448,-0.3087740318426402,0.9155313222396576,0.9641801044924795,-4.6452352379269275,,,,
PLS–RBF-SVR,K,300,1,2,PLS–RBF-SVR,SNV + latent scores,0.019094624993158504,549014,0.7143109225724255,1.0502198072115845,0.580524452460135,1.1964027360585117,1.7944552577890898,41.474171470536525,,,,
PLS–RBF-SVR,K,300,1,3,PLS–RBF-SVR,SNV + latent scores,0.016366583993658423,549842,0.8971105821078802,2.096176602908581,0.06709313867335043,0.4500121786929132,2.2750770789443266,7.863490766596723,,,,
PLS–RBF-SVR,K,300,1,4,PLS–RBF-SVR,SNV + latent scores,0.01541829199413769,548922,0.8398532326522846,1.3693692997295404,0.5079107765323512,0.7831854314404724,2.0794238673225656,34.14669701311453,,,,
PLS–RBF-SVR,K,300,1,5,PLS–RBF-SVR,SNV + latent scores,0.018640041002072394,550302,0.7092645426565463,0.9676872560996259,0.2584947036066281,1.4908981549237217,1.2353893522394117,21.66945146924875,,,,
PLS–Cubist,N,300,1,1,PLS–Cubist,SNV + latent scores,0.06804337500943802,577940,0.11821633681917615,0.24885515840668726,0.841986264735876,1.1755030591808666,0.6680419615868559,62.74857378486214,,,,
PLS–Cubist,N,300,1,2,PLS–Cubist,SNV + latent scores,0.06352229201002046,580097,0.13337113627903693,0.22233321672185002,0.9125279979389436,2.225825755128229,0.8291878893090916,73.18663000407473,,,,
PLS–Cubist,N,300,1,3,PLS–Cubist,SNV + latent scores,0.045891249988926575,577576,0.10841554240091363,0.18107528606464846,0.9489280435793027,2.061476792955217,0.881276691103859,79.45307212904503,,,,
PLS–Cubist,N,300,1,4,PLS–Cubist,SNV + latent scores,0.06595637497957796,574175,0.10489916949540978,0.1696525410704957,0.8794787287747826,2.0046413561155054,0.5213985372112638,67.46202204979437,,,,
PLS–Cubist,N,300,1,5,PLS–Cubist,SNV + latent scores,0.04748083298909478,577632,0.10484951734305473,0.16947667069363337,0.9256280520290844,2.4212034513102747,0.6828521291514487,75.1810584666061,,,,
PLS–Cubist,P,300,1,1,PLS–Cubist,SNV + latent scores,0.04556491700350307,569150,13.692437661402275,22.770312359654053,-0.28097559275320805,0.8627291993232525,22.526477636302914,-1.0824360882687794,,,,
PLS–Cubist,P,300,1,2,PLS–Cubist,SNV + latent scores,0.047312416980275884,570244,11.667176630477055,20.191035477873726,0.0748060227080285,0.6826535724284463,23.12186962055922,12.675593240433686,,,,
PLS–Cubist,P,300,1,3,PLS–Cubist,SNV + latent scores,0.04676104200189002,569855,12.593915443333698,23.330513339565925,-0.08952794750502946,0.6948099368439185,24.563418800971696,5.019274684015072,,,,
PLS–Cubist,P,300,1,4,PLS–Cubist,SNV + latent scores,0.04671791699365713,569586,12.527720474146404,23.289757667439538,-0.022483105764671052,0.7863196887446765,25.28724986217221,7.899206934799056,,,,
PLS–Cubist,P,300,1,5,PLS–Cubist,SNV + latent scores,0.04625929199391976,571529,10.059112516403026,20.547024717208842,0.35114113785161205,0.41026244023251984,26.082682169643615,21.223497707906205,,,,
PLS–Cubist,K,300,1,1,PLS–Cubist,SNV + latent scores,0.045819499995559454,574690,0.580657950320587,0.9124456670738057,-0.07034416796383325,1.0123806090066434,0.9641801044924795,5.365640421081444,,,,
PLS–Cubist,K,300,1,2,PLS–Cubist,SNV + latent scores,0.04844770798808895,576146,0.6448483052753211,1.104231171875282,0.5362688754811891,1.137882974881909,1.7944552577890898,38.464268357641764,,,,
PLS–Cubist,K,300,1,3,PLS–Cubist,SNV + latent scores,0.045063541998388246,570468,0.9066007976095386,2.1106772357606713,0.05414143412566863,0.4469205352755134,2.2750770789443266,7.226121906161508,,,,
PLS–Cubist,K,300,1,4,PLS–Cubist,SNV + latent scores,0.046033166989218444,570861,0.8693487725160264,1.7506718142012985,0.19571094364335795,0.6126048738034353,2.0794238673225656,15.809766266872911,,,,
PLS–Cubist,K,300,1,5,PLS–Cubist,SNV + latent scores,0.04550287500023842,579275,0.6026684535669038,0.8979587393968665,0.36150576953733604,1.6066697514756272,1.2353893522394117,27.313705774691908,,,,
PLS–Extra Trees,N,300,1,1,PLS–Extra Trees,SNV + latent scores,0.10931925001204945,3608787,0.1406094554505414,0.28660575804713395,0.7904096093393114,1.020670352170286,0.6680419615868559,57.09764138672736,,,,
PLS–Extra Trees,N,300,1,2,PLS–Extra Trees,SNV + latent scores,0.10599358400213532,3619308,0.18543478180632794,0.3610957951002206,0.7692693836037336,1.3704812039216618,0.8291878893090916,56.45187300056948,,,,
PLS–Extra Trees,N,300,1,3,PLS–Extra Trees,SNV + latent scores,0.11120683298213407,3608787,0.1518763103930631,0.27530398524199295,0.8819437099750497,1.3558921047651515,0.881276691103859,68.76077762851574,,,,
PLS–Extra Trees,N,300,1,4,PLS–Extra Trees,SNV + latent scores,0.10264287499012426,3601155,0.0939682141743541,0.13855938044576852,0.9196076300923769,2.454489179338606,0.5213985372112638,73.42543744237123,,,,
PLS–Extra Trees,N,300,1,5,PLS–Extra Trees,SNV + latent scores,0.11691254199831747,3608940,0.11692129517383504,0.18609028197488886,0.9103321623160988,2.205045291163411,0.6828521291514487,72.7480849761521,,,,
PLS–Extra Trees,P,300,1,1,PLS–Extra Trees,SNV + latent scores,0.10968674998730421,3614124,13.088938658549706,21.506420915782645,-0.14271824431069735,0.9134301531301454,22.526477636302914,4.528256645310496,,,,
PLS–Extra Trees,P,300,1,2,PLS–Extra Trees,SNV + latent scores,0.11165062501095235,3617868,11.344127972023937,21.253190660149656,-0.02509446773776758,0.6485370935783504,23.12186962055922,8.081867907204163,,,,
PLS–Extra Trees,P,300,1,3,PLS–Extra Trees,SNV + latent scores,0.10989720799261704,3614844,11.796941675855802,23.47976911640675,-0.10351293867223421,0.6903931814505319,24.563418800971696,4.4116403068536965,,,,
PLS–Extra Trees,P,300,1,4,PLS–Extra Trees,SNV + latent scores,0.11013629101216793,3619884,12.72233805256826,24.325289938195397,-0.11542982438034066,0.752845908374755,25.28724986217221,3.8041302601902625,,,,
PLS–Extra Trees,P,300,1,5,PLS–Extra Trees,SNV + latent scores,0.11254433300928213,3606636,10.768225288754506,24.17414925544615,0.10183784373322735,0.34870606658891606,26.082682169643615,7.317241769018355,,,,
PLS–Extra Trees,K,300,1,1,PLS–Extra Trees,SNV + latent scores,0.12292808399070054,3619740,0.5083404012178657,0.7135349008917538,0.3454544696039411,1.2946000244181302,0.9641801044924795,25.995683009105356,,,,
PLS–Extra Trees,K,300,1,2,PLS–Extra Trees,SNV + latent scores,0.11118633300065994,3602028,0.7190370568611253,1.310877794856327,0.3464622873009049,0.9585072351831956,1.7944552577890898,26.94842687404579,,,,
PLS–Extra Trees,K,300,1,3,PLS–Extra Trees,SNV + latent scores,0.11029770798631944,3610524,0.9203688511161167,2.1378107338226715,0.02966643254684409,0.44124813533574764,2.2750770789443266,6.033481080357462,,,,
PLS–Extra Trees,K,300,1,4,PLS–Extra Trees,SNV + latent scores,0.10600216701277532,3613980,0.9072106089015249,1.8092387455063137,0.14099747655447492,0.5927742198058487,2.0794238673225656,12.99326828272574,,,,
PLS–Extra Trees,K,300,1,5,PLS–Extra Trees,SNV + latent scores,0.10319745901506394,3620316,0.5971701849391323,0.9104384130830936,0.34363508212596927,1.584646609732247,1.2353893522394117,26.303524355886175,,,,
PCA–Gaussian Process,N,300,1,1,PCA–Gaussian Process,SNV + latent scores,0.030624665989307687,838920,0.15826701233311585,0.29675923736446064,0.7752963964888813,0.9857485906689181,0.6680419615868559,55.57775492731869,,,,
PCA–Gaussian Process,N,300,1,2,PCA–Gaussian Process,SNV + latent scores,0.011902958998689428,838920,0.2778521757061912,0.5615734045414864,0.44194959479604345,0.8812294100787336,0.8291878893090916,32.27428767569084,,,,
PCA–Gaussian Process,N,300,1,3,PCA–Gaussian Process,SNV + latent scores,0.011980749986832961,838920,0.21780362376872345,0.4026904931488344,0.7474153883174784,0.9269712256704178,0.881276691103859,54.30600886034587,,,,
PCA–Gaussian Process,N,300,1,4,PCA–Gaussian Process,SNV + latent scores,0.011440333997597918,838920,0.1809662148343939,0.29617155251275246,0.6326926238677743,1.1482956317533448,0.5213985372112638,43.19670436805472,,,,
PCA–Gaussian Process,N,300,1,5,PCA–Gaussian Process,SNV + latent scores,0.012293125008000061,838920,0.18141060091064715,0.27194088322651605,0.8085134314799105,1.5089217006705278,0.6828521291514487,60.175728885191376,,,,
PCA–Gaussian Process,P,300,1,1,PCA–Gaussian Process,SNV + latent scores,0.012854375003371388,838920,12.861754066280197,21.0784326537277,-0.0976894939095434,0.9319769488131544,22.526477636302914,6.428190886983567,,,,
PCA–Gaussian Process,P,300,1,2,PCA–Gaussian Process,SNV + latent scores,0.018549999978858978,838920,11.835393638237859,22.118198983698395,-0.11023556386929356,0.6231738176403392,23.12186962055922,4.340784950921068,,,,
PCA–Gaussian Process,P,300,1,3,PCA–Gaussian Process,SNV + latent scores,0.013245041976915672,838920,12.09959993682197,23.754133244684542,-0.12945299662324206,0.6824190271656141,24.563418800971696,3.2946780040860593,,,,
PCA–Gaussian Process,P,300,1,4,PCA–Gaussian Process,SNV + latent scores,0.012591790989972651,838920,13.37744380342102,24.094802323865352,-0.0943920687067743,0.7600475303281986,25.28724986217221,4.715607845085078,,,,
PCA–Gaussian Process,P,300,1,5,PCA–Gaussian Process,SNV + latent scores,0.011951209016842768,838920,10.905189323704999,23.875926318945456,0.1238614011640391,0.35306158962766976,26.082682169643615,8.460617034495385,,,,
PCA–Gaussian Process,K,300,1,1,PCA–Gaussian Process,SNV + latent scores,0.013095834001433104,838920,0.5568870299325306,0.7546396461639819,0.2678692359210486,1.2240839781122828,0.9641801044924795,21.732501775567588,,,,
PCA–Gaussian Process,K,300,1,2,PCA–Gaussian Process,SNV + latent scores,0.012893125007394701,838920,0.8537817637385607,1.4592459416640513,0.19015253289102374,0.8610514615363251,1.7944552577890898,18.68028275823621,,,,
PCA–Gaussian Process,K,300,1,3,PCA–Gaussian Process,SNV + latent scores,0.011806166992755607,838920,0.8833301841470343,2.1632614821792346,0.0064251633879252035,0.4360568557110951,2.2750770789443266,4.914804768591678,,,,
PCA–Gaussian Process,K,300,1,4,PCA–Gaussian Process,SNV + latent scores,0.011970082996413112,838920,0.9042281904848282,1.8261560705314137,0.12485812963270937,0.5872828194240416,2.0794238673225656,12.179710003870236,,,,
PCA–Gaussian Process,K,300,1,5,PCA–Gaussian Process,SNV + latent scores,0.012137041019741446,838920,0.7165706164809007,1.0421724622493942,0.139950592546225,1.3843420325539981,1.2353893522394117,15.64016151181568,,,,
PLS–Cascade Forest,N,300,1,1,PLS–Cascade Forest,SNV + latent scores,0.9540411250200123,3035999,0.13356852964740154,0.2815600395874924,0.7977243619938071,1.038961354134555,0.6680419615868559,57.85294101605844,,,,
PLS–Cascade Forest,N,300,1,2,PLS–Cascade Forest,SNV + latent scores,0.9235757090209518,3039167,0.16715335677193807,0.3072288512604385,0.8329738933151234,1.610769945497383,0.8291878893090916,62.948222565523444,,,,
PLS–Cascade Forest,N,300,1,3,PLS–Cascade Forest,SNV + latent scores,0.8364427499764133,3036287,0.1449857901488348,0.27385700409029423,0.8831814421699473,1.3630562462332492,0.881276691103859,68.924969098267,,,,
PLS–Cascade Forest,N,300,1,4,PLS–Cascade Forest,SNV + latent scores,0.8418255829892587,3031247,0.0830918998742111,0.14389313403375895,0.9132991990619866,2.3635074896638955,0.5213985372112638,72.40246687238877,,,,
PLS–Cascade Forest,N,300,1,5,PLS–Cascade Forest,SNV + latent scores,0.8544410830072593,3029654,0.11849529383853077,0.18266634980063967,0.9136014587561875,2.246377071900974,0.6828521291514487,73.2495013191756,,,,
PLS–Cascade Forest,P,300,1,1,PLS–Cascade Forest,SNV + latent scores,0.8356577499944251,3032831,13.123283131011833,21.319796029403904,-0.12297210723784602,0.9214259518848671,22.526477636302914,5.356725655831621,,,,
PLS–Cascade Forest,P,300,1,2,PLS–Cascade Forest,SNV + latent scores,0.8407634999894071,3043631,11.553808869167712,21.235063126177035,-0.023346541009386934,0.6490907240585845,23.12186962055922,8.160267856127419,,,,
PLS–Cascade Forest,P,300,1,3,PLS–Cascade Forest,SNV + latent scores,0.8524605409766082,3049247,11.549771625945823,22.76134980825662,-0.03701684768104774,0.7121841470983309,24.563418800971696,7.336393224886869,,,,
PLS–Cascade Forest,P,300,1,4,PLS–Cascade Forest,SNV + latent scores,0.843729791988153,3038159,12.722335759684858,24.15640506540575,-0.09999524680779381,0.7581092861464814,25.28724986217221,4.471995977933993,,,,
PLS–Cascade Forest,P,300,1,5,PLS–Cascade Forest,SNV + latent scores,0.8319242500001565,3044639,11.047504159101658,23.960444479662794,0.11764755331677978,0.35181619886705184,26.082682169643615,8.136577657840695,,,,
PLS–Cascade Forest,K,300,1,1,PLS–Cascade Forest,SNV + latent scores,0.8347325409995392,3037727,0.573966503900333,0.9062323565052492,-0.05581675434748723,1.019321693257486,0.9641801044924795,6.010054316328431,,,,
PLS–Cascade Forest,K,300,1,2,PLS–Cascade Forest,SNV + latent scores,0.8994977499824017,3040607,0.69087917906028,1.2153532182541429,0.43823940698368735,1.0338441795675881,1.7944552577890898,32.271745813737716,,,,
PLS–Cascade Forest,K,300,1,3,PLS–Cascade Forest,SNV + latent scores,0.8346008749795146,3045503,1.0053256642680073,2.2248342084299617,-0.05093983975785843,0.42398889608303847,2.2750770789443266,2.2084030022261247,,,,
PLS–Cascade Forest,K,300,1,4,PLS–Cascade Forest,SNV + latent scores,0.8641673339880072,3031382,0.8746307516695616,1.7647015356904923,0.18276829427228947,0.6077345455419358,2.0794238673225656,15.135073545024998,,,,
PLS–Cascade Forest,K,300,1,5,PLS–Cascade Forest,SNV + latent scores,0.9883146249921992,3047087,0.5717279964460888,0.8687402674945345,0.4023813824721406,1.6607071165504685,1.2353893522394117,29.67882830463498,,,,
Tiny 1D CNN,N,300,1,1,Tiny 1D CNN,SNV + local convolutions,3.566799624997657,207916,0.16718758355875427,0.3562452287923195,0.676182990606089,0.8211478396263278,0.6680419615868559,46.67322574376909,15.0,0.4541146606206894,51619.0,mps
Tiny 1D CNN,P,300,1,1,Tiny 1D CNN,SNV + local convolutions,3.566799624997657,207916,12.688723712552344,22.276544629418567,-0.22602276100041663,0.8818519064416248,22.526477636302914,1.1095077131879867,15.0,0.4541146606206894,51619.0,mps
Tiny 1D CNN,K,300,1,1,Tiny 1D CNN,SNV + local convolutions,3.566799624997657,207916,0.5780335110818312,0.8491253364194272,0.07305701951325094,1.087875088043973,0.9641801044924795,11.932912485641284,15.0,0.4541146606206894,51619.0,mps
Tiny 1D CNN,N,300,1,2,Tiny 1D CNN,SNV + local convolutions,1.8828480840020347,207916,0.16116873915173097,0.2840125529330681,0.8572633711989067,1.7424405889433519,0.8291878893090916,65.74810647925437,14.0,0.5306645929813385,51619.0,mps
Tiny 1D CNN,P,300,1,2,Tiny 1D CNN,SNV + local convolutions,1.8828480840020347,207916,12.502312449788347,22.27565663340988,-0.12609918185918279,0.6187688527810671,23.12186962055922,3.659794822114706,14.0,0.5306645929813385,51619.0,mps
Tiny 1D CNN,K,300,1,2,Tiny 1D CNN,SNV + local convolutions,1.8828480840020347,207916,0.8375348683041375,1.5487439518570292,0.08776761356691187,0.8112934673960707,1.7944552577890898,13.692807600831255,14.0,0.5306645929813385,51619.0,mps
Tiny 1D CNN,N,300,1,3,Tiny 1D CNN,SNV + local convolutions,3.894357667013537,207916,0.1596938972786169,0.2962811243847721,0.8632673902480664,1.2598929505722691,0.881276691103859,66.38046513931285,45.0,0.562075674533844,51619.0,mps
Tiny 1D CNN,P,300,1,3,Tiny 1D CNN,SNV + local convolutions,3.894357667013537,207916,11.655775012940676,22.472568014809934,-0.010869731329999688,0.7213360079416407,24.563418800971696,8.512051205506669,45.0,0.562075674533844,51619.0,mps
Tiny 1D CNN,K,300,1,3,Tiny 1D CNN,SNV + local convolutions,3.894357667013537,207916,0.8613051653416165,2.0938746728804727,0.06914096916289492,0.4505069057940929,2.2750770789443266,7.964671076020635,45.0,0.562075674533844,51619.0,mps
Tiny 1D CNN,N,300,1,4,Tiny 1D CNN,SNV + local convolutions,4.079854625015287,207916,0.12939226455161118,0.24580812150793352,0.7469913194529731,1.3835690127473004,0.5213985372112638,52.85600093497476,38.0,0.5689249038696289,51619.0,mps
Tiny 1D CNN,P,300,1,4,Tiny 1D CNN,SNV + local convolutions,4.079854625015287,207916,13.163767611467984,24.432098272763223,-0.12524666587089572,0.7495547371964959,25.28724986217221,3.3817500679986083,38.0,0.5689249038696289,51619.0,mps
Tiny 1D CNN,K,300,1,4,Tiny 1D CNN,SNV + local convolutions,4.079854625015287,207916,0.9436019032238993,1.9135660116630817,0.03907481234064647,0.5604562786302486,2.0794238673225656,7.97614465554057,38.0,0.5689249038696289,51619.0,mps
Tiny 1D CNN,N,300,1,5,Tiny 1D CNN,SNV + local convolutions,3.1937281250138767,207916,0.13978384713565992,0.24341560351103728,0.8465785308323205,1.6857485472635034,0.6828521291514487,64.35310177424218,22.0,0.46284421533346176,51619.0,mps
Tiny 1D CNN,P,300,1,5,Tiny 1D CNN,SNV + local convolutions,3.1937281250138767,207916,10.144253214245161,25.470396532300253,0.002934322827973679,0.33095960988710643,26.082682169643615,2.347479578062612,22.0,0.46284421533346176,51619.0,mps
Tiny 1D CNN,K,300,1,5,Tiny 1D CNN,SNV + local convolutions,3.1937281250138767,207916,0.6242133051275862,0.9246730720778503,0.32295016739107085,1.5602521455720135,1.2353893522394117,25.151283649832386,22.0,0.46284421533346176,51619.0,mps
PLS–RBF-SVR,N,1000,1,1,PLS–RBF-SVR,SNV + latent scores,0.10644591701566242,643778,0.1412235034885251,0.2495156953408424,0.9009646874093813,1.7087874810732167,0.8855742187759887,71.82441741746787,,,,
PLS–RBF-SVR,N,1000,1,2,PLS–RBF-SVR,SNV + latent scores,0.06721275000018068,644882,0.13655639595076624,0.2179907251890661,0.8542214711060346,1.9978716967076018,0.6211152100995435,64.90333489754185,,,,
PLS–RBF-SVR,N,1000,1,3,PLS–RBF-SVR,SNV + latent scores,0.06082529199193232,642766,0.13038500172191678,0.22391958070085874,0.8894772066107968,1.7624742720790854,0.7293768163776964,69.29987687120213,,,,
PLS–RBF-SVR,N,1000,1,4,PLS–RBF-SVR,SNV + latent scores,0.06065391699667089,645069,0.12619486396491156,0.24357738192382505,0.8722799449809312,1.4760093780482249,0.7399960345988137,67.08396119232184,,,,
PLS–RBF-SVR,N,1000,1,5,PLS–RBF-SVR,SNV + latent scores,0.05410412498167716,643502,0.1357751383537401,0.25538159493083107,0.798564455131492,1.1498087796010947,0.6030806612793093,57.65382454992132,,,,
PLS–RBF-SVR,P,1000,1,1,PLS–RBF-SVR,SNV + latent scores,0.08077679100097157,690250,13.858017238799984,29.629570777504927,-0.06618475924573008,0.6157966643322789,31.208402111471617,5.058994460297413,,,,
PLS–RBF-SVR,P,1000,1,2,PLS–RBF-SVR,SNV + latent scores,0.0776435410080012,690158,12.994192043228763,24.76326999462261,-0.04310034823054032,0.7048956984998547,26.18496014302382,5.429414979575494,,,,
PLS–RBF-SVR,P,1000,1,3,PLS–RBF-SVR,SNV + latent scores,0.08189233398297802,690250,10.177981807906956,17.970825744474414,0.20437794125947994,0.6671702330476665,21.067269577333835,14.697888691711947,,,,
PLS–RBF-SVR,P,1000,1,4,PLS–RBF-SVR,SNV + latent scores,0.0834422089974396,690710,14.644180317231848,33.450885068937225,0.08316705170957661,0.5173330231572796,37.15157497287231,9.961057927254203,,,,
PLS–RBF-SVR,P,1000,1,5,PLS–RBF-SVR,SNV + latent scores,0.08343516700551845,690158,11.695491677640312,24.175777863649934,0.06729648671780863,0.638506135647852,26.217029245656242,7.785975149509024,,,,
PLS–RBF-SVR,K,1000,1,1,PLS–RBF-SVR,SNV + latent scores,0.08394208300160244,676174,0.8297543804238147,1.875325247486138,0.3403914346095702,0.5922252694506048,2.4501811160121134,23.461770428694035,,,,
PLS–RBF-SVR,K,1000,1,2,PLS–RBF-SVR,SNV + latent scores,0.08962470898404717,675806,0.64679576406277,1.0431179672094755,0.3981964188941407,1.000155335058563,1.4645917727481987,28.777562006091202,,,,
PLS–RBF-SVR,K,1000,1,3,PLS–RBF-SVR,SNV + latent scores,0.08532366700819694,676726,0.7013712466507371,1.4360068169723932,0.24469646156766545,0.8443814372388949,1.7649494125265002,18.637508430523813,,,,
PLS–RBF-SVR,K,1000,1,4,PLS–RBF-SVR,SNV + latent scores,0.08830100001068786,676542,0.643411586092426,1.2053257645659694,-0.07039628826438382,0.8031812049986382,1.2448963089875738,3.178621716196231,,,,
PLS–RBF-SVR,K,1000,1,5,PLS–RBF-SVR,SNV + latent scores,0.08859558301628567,675990,0.588087921717939,1.0021211098897647,0.48258123169226996,0.8798487441273345,1.4706884680181938,31.86040880294932,,,,
PLS–Cubist,N,1000,1,1,PLS–Cubist,SNV + latent scores,0.1986158749787137,730777,0.10450434503781096,0.18215764308337334,0.9472175998581649,2.3406610302624604,0.8855742187759887,79.43056163771959,,,,
PLS–Cubist,N,1000,1,2,PLS–Cubist,SNV + latent scores,0.17789612500928342,724062,0.09080406353666674,0.17428682552349026,0.9068148625009107,2.4988549690538786,0.6211152100995435,71.93969448992272,,,,
PLS–Cubist,N,1000,1,3,PLS–Cubist,SNV + latent scores,0.17618829201092012,730626,0.10755397890727247,0.2010653091210816,0.9108868079946533,1.9628075162500567,0.7293768163776964,72.43327391188109,,,,
PLS–Cubist,N,1000,1,4,PLS–Cubist,SNV + latent scores,0.1731462079915218,735316,0.0796958496906799,0.14192273143655076,0.956640017070389,2.533227033900001,0.7399960345988137,80.82114973582343,,,,
PLS–Cubist,N,1000,1,5,PLS–Cubist,SNV + latent scores,0.17308954198961146,724133,0.1177894188176503,0.2524322568272991,0.8031902462981739,1.1632427792336109,0.6030806612793093,58.142869928573575,,,,
PLS–Cubist,P,1000,1,1,PLS–Cubist,SNV + latent scores,0.18549783300841227,715362,12.988140549304681,28.639842041231095,0.0038540205727671806,0.6370772165613662,31.208402111471617,8.230347907803868,,,,
PLS–Cubist,P,1000,1,2,PLS–Cubist,SNV + latent scores,0.1790578330110293,709628,13.105245140068915,24.55512543226591,-0.02563874511705788,0.7108708342032374,26.18496014302382,6.224316179423813,,,,
PLS–Cubist,P,1000,1,3,PLS–Cubist,SNV + latent scores,0.24661800000467338,709632,11.376369188843574,20.64121499897655,-0.049642155414901135,0.5808572799902757,21.067269577333835,2.022353095133288,,,,
PLS–Cubist,P,1000,1,4,PLS–Cubist,SNV + latent scores,0.23798445801367052,709338,14.35302038740704,34.18374068699191,0.04255429227418395,0.5062420657369789,37.15157497287231,7.988448102260756,,,,
PLS–Cubist,P,1000,1,5,PLS–Cubist,SNV + latent scores,0.1829825000022538,714280,12.027644186676937,25.317977783079858,-0.022917782322843916,0.6097004520762405,26.217029245656242,3.429265208320059,,,,
PLS–Cubist,K,1000,1,1,PLS–Cubist,SNV + latent scores,0.20636887499131262,731185,0.824004168721085,1.8818728989624216,0.3357773799051573,0.5901647239897776,2.4501811160121134,23.194539103079194,,,,
PLS–Cubist,K,1000,1,2,PLS–Cubist,SNV + latent scores,0.17875275001279078,741438,0.5817746977619942,0.9088170174542086,0.5431845152434749,1.1479538564566616,1.4645917727481987,37.947417542235655,,,,
PLS–Cubist,K,1000,1,3,PLS–Cubist,SNV + latent scores,0.17340216599404812,748140,0.7067172032996868,1.3110128817598936,0.37046129823183027,0.9248860303891896,1.7649494125265002,25.719520771805172,,,,
PLS–Cubist,K,1000,1,4,PLS–Cubist,SNV + latent scores,0.1812051250017248,760487,0.5978462461142017,1.0903643748019123,0.12405059603295643,0.8878637475439117,1.2448963089875738,12.413237397364954,,,,
PLS–Cubist,K,1000,1,5,PLS–Cubist,SNV + latent scores,0.17690854199463502,726786,0.5577562585972067,0.9921244054363298,0.4928528112210506,0.8887141523468799,1.4706884680181938,32.54013837660306,,,,
PLS–Extra Trees,N,1000,1,1,PLS–Extra Trees,SNV + latent scores,0.19971308298408985,10282113,0.13293595323641758,0.260135179934136,0.8923553336853348,1.6390297407588752,0.8855742187759887,70.62525371462527,,,,
PLS–Extra Trees,N,1000,1,2,PLS–Extra Trees,SNV + latent scores,0.1897935829765629,10287441,0.10396002677271135,0.19289467270070038,0.8858547093710096,2.2577995229332153,0.6211152100995435,68.94381757777498,,,,
PLS–Extra Trees,N,1000,1,3,PLS–Extra Trees,SNV + latent scores,0.21052437499747612,10287432,0.1245361414621786,0.2411231279436526,0.8718420812043123,1.6367260302471909,0.7293768163776964,66.94121302879597,,,,
PLS–Extra Trees,N,1000,1,4,PLS–Extra Trees,SNV + latent scores,0.20636370801366866,10294632,0.10674279411937335,0.22447197671764307,0.8915300493350095,1.6016364503807667,0.7399960345988137,69.66578654176982,,,,
PLS–Extra Trees,N,1000,1,5,PLS–Extra Trees,SNV + latent scores,0.1942118750012014,10279944,0.11474898967790764,0.2294550844804749,0.8373881131867116,1.2797275800832681,0.6030806612793093,61.952836624916145,,,,
PLS–Extra Trees,P,1000,1,1,PLS–Extra Trees,SNV + latent scores,0.19076041600783356,10301418,13.00288601191255,29.196732440361917,-0.035261943919672634,0.6249257819399509,31.208402111471617,6.445923325149188,,,,
PLS–Extra Trees,P,1000,1,2,PLS–Extra Trees,SNV + latent scores,0.19078875001287088,10301841,12.38450818801763,24.013374629926652,0.019118604317477916,0.7269083487435399,26.18496014302382,8.293254987732794,,,,
PLS–Extra Trees,P,1000,1,3,PLS–Extra Trees,SNV + latent scores,0.18269470901577733,10305153,9.393556544867414,19.110362743421295,0.10027743890631335,0.6273873584177463,21.067269577333835,9.288848878726869,,,,
PLS–Extra Trees,P,1000,1,4,PLS–Extra Trees,SNV + latent scores,0.19142712498432957,10291617,14.248688070045272,34.63648148975671,0.01702488728958318,0.49962486822218943,37.15157497287231,6.7698165823443395,,,,
PLS–Extra Trees,P,1000,1,5,PLS–Extra Trees,SNV + latent scores,0.28006504199584015,10306584,11.001257414262774,24.849253037198892,0.014607218542457168,0.6212010669653534,26.217029245656242,5.217128896036036,,,,
PLS–Extra Trees,K,1000,1,1,PLS–Extra Trees,SNV + latent scores,0.2184885410242714,10299231,0.797362874701287,1.9791886503920293,0.26530434890098253,0.5611466091319866,2.4501811160121134,19.222761229450093,,,,
PLS–Extra Trees,K,1000,1,2,PLS–Extra Trees,SNV + latent scores,0.2006544999894686,10308609,0.6015253854989321,0.9669893227188241,0.4828324425739611,1.0788950565314146,1.4645917727481987,33.97550493511651,,,,
PLS–Extra Trees,K,1000,1,3,PLS–Extra Trees,SNV + latent scores,0.22973891699803062,10293777,0.6770211690480186,1.3145493001950508,0.3670603934698503,0.9223978893907483,1.7649494125265002,25.519151378209077,,,,
PLS–Extra Trees,K,1000,1,4,PLS–Extra Trees,SNV + latent scores,0.22412887500831857,10301832,0.5395357313844774,0.9623228191425184,0.3176969968531749,1.0059981751888885,1.2448963089875738,22.69855632192062,,,,
PLS–Extra Trees,K,1000,1,5,PLS–Extra Trees,SNV + latent scores,0.22718258399982005,10297359,0.6013708571703913,1.0455794189132428,0.4367310540580076,0.8432788404695641,1.4706884680181938,28.90544519450818,,,,
PCA–Gaussian Process,N,1000,1,1,PCA–Gaussian Process,SNV + latent scores,0.08137124998029321,5596695,0.17678192945959534,0.34824977654855427,0.807080542987095,1.224320373599046,0.8855742187759887,60.675258022992864,,,,
PCA–Gaussian Process,N,1000,1,2,PCA–Gaussian Process,SNV + latent scores,0.05681658300454728,5596695,0.12905126619545138,0.22623264018795472,0.8429897306252587,1.9250869354579907,0.6211152100995435,63.57638059584833,,,,
PCA–Gaussian Process,N,1000,1,3,PCA–Gaussian Process,SNV + latent scores,0.09677145900786854,5596695,0.14328032796158094,0.2736050446171412,0.834987855143368,1.4424167527767697,0.7293768163776964,62.4878336583351,,,,
PCA–Gaussian Process,N,1000,1,4,PCA–Gaussian Process,SNV + latent scores,0.04778500000247732,5596695,0.14673674607800577,0.3272329967785098,0.769484910349708,1.0986743498955442,0.7399960345988137,55.77908779525852,,,,
PCA–Gaussian Process,N,1000,1,5,PCA–Gaussian Process,SNV + latent scores,0.04003083301358856,5596695,0.13544926481889635,0.25094753105950807,0.8054985818322018,1.1701250805706,0.6030806612793093,58.3890601752715,,,,
PCA–Gaussian Process,P,1000,1,1,PCA–Gaussian Process,SNV + latent scores,0.05913741700351238,5596695,13.689676650676793,29.944399045814297,-0.08896257162674548,0.6093223251022345,31.208402111471617,4.050201164232938,,,,
PCA–Gaussian Process,P,1000,1,2,PCA–Gaussian Process,SNV + latent scores,0.06563512500724755,5596695,12.213394183816517,23.050903035931682,0.09617158140237225,0.7572598120251679,26.18496014302382,11.968920670391434,,,,
PCA–Gaussian Process,P,1000,1,3,PCA–Gaussian Process,SNV + latent scores,0.04802120800013654,5596695,9.69243323132061,18.72640705808875,0.1360677855610557,0.6402509548579514,21.067269577333835,11.1113711753307,,,,
PCA–Gaussian Process,P,1000,1,4,PCA–Gaussian Process,SNV + latent scores,0.054587499995250255,5596695,14.479602866666873,33.98206108319821,0.05381857422718184,0.5092465538694547,37.15157497287231,8.531304236734098,,,,
PCA–Gaussian Process,P,1000,1,5,PCA–Gaussian Process,SNV + latent scores,0.05223649999243207,5596695,11.554986764911584,24.642435440940474,0.030941591083876174,0.6264146470829052,26.217029245656242,6.005996293331571,,,,
PCA–Gaussian Process,K,1000,1,1,PCA–Gaussian Process,SNV + latent scores,0.054603958007646725,5596695,0.8092383993823453,2.019391547862363,0.23515372865338324,0.5499750660913912,2.4501811160121134,17.581947935787635,,,,
PCA–Gaussian Process,K,1000,1,2,PCA–Gaussian Process,SNV + latent scores,0.07040087500354275,5596695,0.6264778662465367,1.0093016190900235,0.43658311830181584,1.033665239673955,1.4645917727481987,31.08648854443971,,,,
PCA–Gaussian Process,K,1000,1,3,PCA–Gaussian Process,SNV + latent scores,0.047467124997638166,5596695,0.7201155081577925,1.320142764485065,0.36166256289059784,0.9184896759805843,1.7649494125265002,25.20223213676707,,,,
PCA–Gaussian Process,K,1000,1,4,PCA–Gaussian Process,SNV + latent scores,0.046207375009544194,5596695,0.5548172123832811,0.9711621539764723,0.305104956669804,0.9968417694574345,1.2448963089875738,21.98851045142217,,,,
PCA–Gaussian Process,K,1000,1,5,PCA–Gaussian Process,SNV + latent scores,0.04122091698809527,5596695,0.5850948262497961,1.0321376113425997,0.45112055824033337,0.8542610891323583,1.4706884680181938,29.819425813990183,,,,
PLS–Cascade Forest,N,1000,1,1,PLS–Cascade Forest,SNV + latent scores,1.013208582997322,8817861,0.12116385137647942,0.23595483551663665,0.9114370443713184,1.8069953751791108,0.8855742187759887,73.35572439735593,,,,
PLS–Cascade Forest,N,1000,1,2,PLS–Cascade Forest,SNV + latent scores,0.9313246669771615,8815575,0.10111267187246799,0.19736449903312567,0.8805033847217487,2.2066658499049656,0.6211152100995435,68.22417229140228,,,,
PLS–Cascade Forest,N,1000,1,3,PLS–Cascade Forest,SNV + latent scores,0.9697436249989551,8804172,0.12390358572739803,0.23782853863228698,0.875320330311567,1.6593992557393742,0.7293768163776964,67.39291223795477,,,,
PLS–Cascade Forest,N,1000,1,4,PLS–Cascade Forest,SNV + latent scores,1.1088204159750603,8810517,0.10221136336619197,0.21062989582112557,0.9044951984485676,1.706892075307863,0.7399960345988137,71.53634803795701,,,,
PLS–Cascade Forest,N,1000,1,5,PLS–Cascade Forest,SNV + latent scores,0.9084843749878928,8795829,0.11985284403087348,0.26744602515619714,0.7790829612544259,1.0979411633749454,0.6030806612793093,55.653357448261325,,,,
PLS–Cascade Forest,P,1000,1,1,PLS–Cascade Forest,SNV + latent scores,1.3503664160089102,8821182,12.876396247598034,29.229589235928344,-0.037593336987400194,0.6242233068385851,31.208402111471617,6.340641435198307,,,,
PLS–Cascade Forest,P,1000,1,2,PLS–Cascade Forest,SNV + latent scores,1.6149833749805111,8809374,12.398361836132876,23.71878520009941,0.04303734722602248,0.7359366153341966,26.18496014302382,9.418287938778645,,,,
PLS–Cascade Forest,P,1000,1,3,PLS–Cascade Forest,SNV + latent scores,1.2430603750108276,8801445,10.07181667819715,19.416691335306353,0.07120214680440862,0.6174893442426365,21.067269577333835,7.834799075259996,,,,
PLS–Cascade Forest,P,1000,1,4,PLS–Cascade Forest,SNV + latent scores,1.0862364580098074,8807655,14.36272334623295,34.641272770616645,0.016752917655894817,0.4995557644371146,37.15157497287231,6.756920006994756,,,,
PLS–Cascade Forest,P,1000,1,5,PLS–Cascade Forest,SNV + latent scores,1.2171591670194175,8826366,11.481951465004776,24.834440427890954,0.015781651260001084,0.6215715850260825,26.217029245656242,5.273628849440911,,,,
PLS–Cascade Forest,K,1000,1,1,PLS–Cascade Forest,SNV + latent scores,1.269964249979239,8831406,0.8039122913574686,1.9360677244175846,0.29696948573426885,0.5736447057057881,2.4501811160121134,20.98266892332,,,,
PLS–Cascade Forest,K,1000,1,2,PLS–Cascade Forest,SNV + latent scores,1.2286844159825705,8811669,0.595819301801061,0.965656704122976,0.4842568889455171,1.080383945501132,1.4645917727481987,34.06649401621366,,,,
PLS–Cascade Forest,K,1000,1,3,PLS–Cascade Forest,SNV + latent scores,1.1526329579937737,8819598,0.7037890351269561,1.3513220762060725,0.33115380665923055,0.8972971886941125,1.7649494125265002,23.435648261913975,,,,
PLS–Cascade Forest,K,1000,1,4,PLS–Cascade Forest,SNV + latent scores,0.9538941670034546,8821461,0.5504674972435651,0.9508598904013299,0.33385500245754784,1.0181258140895981,1.2448963089875738,23.619350179082172,,,,
PLS–Cascade Forest,K,1000,1,5,PLS–Cascade Forest,SNV + latent scores,0.9298201669880655,8797269,0.5859346562487151,1.0283665620680273,0.4551240363851332,0.8573936887124047,1.4706884680181938,30.07583968793957,,,,
Tiny 1D CNN,N,1000,1,1,Tiny 1D CNN,SNV + local convolutions,16.390695125010097,207916,0.10801863772142212,0.21142616635704625,0.9288930897127071,2.0166344775399203,0.8855742187759887,76.12552828725383,69.0,0.4564273729920387,51619.0,mps
Tiny 1D CNN,P,1000,1,1,Tiny 1D CNN,SNV + local convolutions,16.390695125010097,207916,13.060532464076486,28.820926896771137,-0.008782727111985134,0.6330743947179857,31.208402111471617,7.650103988575849,69.0,0.4564273729920387,51619.0,mps
Tiny 1D CNN,K,1000,1,1,Tiny 1D CNN,SNV + local convolutions,16.390695125010097,207916,0.8817879191859765,2.0965834838960737,0.17556312970837684,0.5297261036971197,2.4501811160121134,14.431489566434628,69.0,0.4564273729920387,51619.0,mps
Tiny 1D CNN,N,1000,1,2,Tiny 1D CNN,SNV + local convolutions,9.775163082988001,207916,0.1074133219966054,0.20511950952684083,0.8709281693644775,2.12323781879466,0.6211152100995435,66.9756099687259,37.0,0.4451093226671219,51619.0,mps
Tiny 1D CNN,P,1000,1,2,Tiny 1D CNN,SNV + local convolutions,9.775163082988001,207916,12.351753792548942,24.021276820587417,0.018472931872800524,0.726669220390473,26.18496014302382,8.263076631082248,37.0,0.4451093226671219,51619.0,mps
Tiny 1D CNN,K,1000,1,2,Tiny 1D CNN,SNV + local convolutions,9.775163082988001,207916,0.6396201827103049,1.0896443037944181,0.34331450813010245,0.9574500562862891,1.4645917727481987,25.600817642872546,37.0,0.4451093226671219,51619.0,mps
Tiny 1D CNN,N,1000,1,3,Tiny 1D CNN,SNV + local convolutions,12.406764166982612,207916,0.13826082193560152,0.2748361971145398,0.833499489404572,1.435955322273383,0.7293768163776964,62.31903853491551,52.0,0.41860586404800415,51619.0,mps
Tiny 1D CNN,P,1000,1,3,Tiny 1D CNN,SNV + local convolutions,12.406764166982612,207916,9.344153796079508,19.956650811800124,0.018825921292373926,0.6007821709698251,21.067269577333835,5.271773646114163,52.0,0.41860586404800415,51619.0,mps
Tiny 1D CNN,K,1000,1,3,Tiny 1D CNN,SNV + local convolutions,12.406764166982612,207916,0.6671406065509017,1.2999916216939456,0.38100146269561874,0.9327271651335807,1.7649494125265002,26.343972667577713,52.0,0.41860586404800415,51619.0,mps
Tiny 1D CNN,N,1000,1,4,Tiny 1D CNN,SNV + local convolutions,11.322081833000993,207916,0.1014632809046378,0.1798411194064768,0.9303753259761072,1.9991117781435035,0.7399960345988137,75.69701579495934,37.0,0.4128939360380173,51619.0,mps
Tiny 1D CNN,P,1000,1,4,Tiny 1D CNN,SNV + local convolutions,11.322081833000993,207916,14.383999241601023,34.64896798321826,0.016316032107426826,0.499444817761428,37.15157497287231,6.73620698848279,37.0,0.4128939360380173,51619.0,mps
Tiny 1D CNN,K,1000,1,4,Tiny 1D CNN,SNV + local convolutions,11.322081833000993,207916,0.585484001123321,0.9805048169962456,0.2916707473284158,0.9873434410712406,1.2448963089875738,21.238033246829016,37.0,0.4128939360380173,51619.0,mps
Tiny 1D CNN,N,1000,1,5,Tiny 1D CNN,SNV + local convolutions,22.018657125008758,207916,0.10697013826863688,0.22923938217119869,0.8376937004249569,1.280931737028964,0.6030806612793093,61.98860336776256,89.0,0.3943347707390785,51619.0,mps
Tiny 1D CNN,P,1000,1,5,Tiny 1D CNN,SNV + local convolutions,22.018657125008758,207916,10.829497668635772,25.085188186521165,-0.004193547293682487,0.6153584491861342,26.217029245656242,4.317197988107694,89.0,0.3943347707390785,51619.0,mps
Tiny 1D CNN,K,1000,1,5,Tiny 1D CNN,SNV + local convolutions,22.018657125008758,207916,0.5460333529658998,1.0121311771877681,0.4721927370759974,0.8711469618492212,1.4706884680181938,31.17977061779428,89.0,0.3943347707390785,51619.0,mps
